userid,churn_probability,churn_risk
1001,84.83,High
1002,99.51,High
1003,3.32,Low
1004,63.54,Medium
1005,96.55,High
1006,96.58,High
1007,77.71,Medium
1008,97.26,High
1009,24.55,Low
1010,96.37,High
1011,95.92,High
1012,99.19,High
1013,97.74,High
1014,97.43,High
1015,97.54,High
1016,97.04,High
1017,94.81,High
1018,97.89,High
1019,96.64,High
1020,97.84,High
1021,68.2,Medium
1022,97.52,High
1023,97.41,High
1024,64.49,Medium
1025,96.38,High
1026,93.78,High
1027,95.26,High
1028,96.26,High
1029,98.99,High
1030,99.43,High
1031,87.98,High
1032,93.21,High
1033,96.1,High
1034,96.23,High
1035,97.18,High
1036,49.01,Low
1037,92.33,High
1038,98.63,High
1039,98.17,High
1040,91.22,High
1041,97.77,High
1042,97.23,High
1043,93.66,High
1044,96.96,High
1045,74.13,Medium
1046,98.46,High
1047,97.05,High
1048,94.04,High
1049,97.17,High
1050,97.08,High
1051,15.67,Low
1052,95.71,High
1053,97.66,High
1054,98.37,High
1055,97.56,High
1056,98.2,High
1057,98.28,High
1058,95.95,High
1059,96.0,High
1060,99.32,High
1061,94.5,High
1062,94.58,High
1063,92.66,High
1064,98.07,High
1065,94.5,High
1066,73.74,Medium
1067,98.83,High
1068,13.67,Low
1069,99.16,High
1070,97.38,High
1071,96.38,High
1072,96.26,High
1073,93.89,High
1074,82.46,High
1075,5.03,Low
1076,40.78,Low
1077,99.27,High
1078,97.24,High
1079,99.15,High
1080,96.26,High
1081,97.73,High
1082,89.9,High
1083,32.35,Low
1084,90.49,High
1085,92.14,High
1086,97.3,High
1087,99.6,High
1088,96.35,High
1089,43.17,Low
1090,99.41,High
1091,98.62,High
1092,62.12,Medium
1093,97.36,High
1094,99.45,High
1095,95.71,High
1096,97.37,High
1097,96.33,High
1098,98.89,High
1099,95.2,High
1100,98.76,High
1101,95.9,High
1102,95.38,High
1103,94.27,High
1104,38.97,Low
1105,97.36,High
1106,96.33,High
1107,95.64,High
1108,87.54,High
1109,96.66,High
1110,98.59,High
1111,96.54,High
1112,97.27,High
1113,98.51,High
1114,27.03,Low
1115,98.05,High
1116,98.39,High
1117,96.33,High
1118,11.29,Low
1119,93.45,High
1120,94.52,High
1121,98.25,High
1122,97.44,High
1123,99.77,High
1124,96.82,High
1125,96.26,High
1126,98.45,High
1127,97.96,High
1128,97.89,High
1129,92.84,High
1130,81.42,High
1131,97.9,High
1132,4.72,Low
1133,94.29,High
1134,18.45,Low
1135,99.27,High
1136,94.2,High
1137,99.74,High
1138,97.85,High
1139,99.14,High
1140,98.72,High
1141,98.23,High
1142,99.51,High
1143,25.01,Low
1144,96.57,High
1145,35.75,Low
1146,84.4,High
1147,90.74,High
1148,98.35,High
1149,93.32,High
1150,99.52,High
1151,97.89,High
1152,92.06,High
1153,59.34,Medium
1154,10.91,Low
1155,87.66,High
1156,98.32,High
1157,97.92,High
1158,86.61,High
1159,96.2,High
1160,96.08,High
1161,7.71,Low
1162,95.69,High
1163,99.56,High
1164,98.2,High
1165,26.32,Low
1166,52.71,Medium
1167,95.08,High
1168,10.25,Low
1169,98.96,High
1170,92.43,High
1171,95.56,High
1172,93.57,High
1173,98.46,High
1174,98.93,High
1175,98.38,High
1176,96.16,High
1177,90.19,High
1178,95.34,High
1179,95.33,High
1180,91.93,High
1181,98.59,High
1182,97.78,High
1183,98.83,High
1184,98.56,High
1185,8.7,Low
1186,94.95,High
1187,29.12,Low
1188,92.03,High
1189,46.84,Low
1190,98.37,High
1191,97.4,High
1192,27.87,Low
1193,96.34,High
1194,98.74,High
1195,97.48,High
1196,40.02,Low
1197,99.09,High
1198,97.39,High
1199,99.0,High
1200,94.72,High
1201,98.36,High
1202,97.56,High
1203,99.39,High
1204,83.1,High
1205,97.92,High
1206,97.77,High
1207,98.94,High
1208,96.78,High
1209,15.67,Low
1210,94.93,High
1211,76.32,Medium
1212,94.8,High
1213,97.48,High
1214,89.96,High
1215,95.27,High
1216,93.87,High
1217,74.41,Medium
1218,6.6,Low
1219,99.55,High
1220,99.66,High
1221,98.18,High
1222,96.21,High
1223,98.52,High
1224,99.12,High
1225,98.48,High
1226,96.74,High
1227,97.99,High
1228,93.47,High
1229,23.86,Low
1230,94.13,High
1231,87.62,High
1232,60.28,Medium
1233,8.47,Low
1234,98.45,High
1235,98.03,High
1236,98.9,High
1237,98.56,High
1238,83.84,High
1239,93.6,High
1240,93.39,High
1241,98.65,High
1242,95.18,High
1243,1.05,Low
1244,97.65,High
1245,95.53,High
1246,99.25,High
1247,96.91,High
1248,97.16,High
1249,98.92,High
1250,98.49,High
1251,5.28,Low
1252,93.79,High
1253,96.09,High
1254,2.3,Low
1255,95.8,High
1256,76.63,Medium
1257,97.04,High
1258,96.18,High
1259,94.67,High
1260,98.02,High
1261,97.86,High
1262,97.75,High
1263,98.35,High
1264,97.04,High
1265,99.15,High
1266,27.6,Low
1267,96.38,High
1268,98.86,High
1269,92.15,High
1270,94.14,High
1271,89.63,High
1272,85.1,High
1273,94.33,High
1274,98.92,High
1275,89.05,High
1276,97.72,High
1277,98.65,High
1278,92.58,High
1279,98.2,High
1280,94.02,High
1281,87.54,High
1282,96.76,High
1283,98.61,High
1284,97.98,High
1285,95.54,High
1286,98.1,High
1287,99.63,High
1288,95.36,High
1289,34.61,Low
1290,98.05,High
1291,89.87,High
1292,98.13,High
1293,44.36,Low
1294,21.88,Low
1295,96.86,High
1296,7.31,Low
1297,98.31,High
1298,99.24,High
1299,8.98,Low
1300,92.89,High
1301,95.98,High
1302,93.42,High
1303,95.96,High
1304,99.16,High
1305,94.79,High
1306,98.62,High
1307,98.74,High
1308,20.42,Low
1309,4.14,Low
1310,93.97,High
1311,93.09,High
1312,98.19,High
1313,96.17,High
1314,98.73,High
1315,97.38,High
1316,93.94,High
1317,97.71,High
1318,97.76,High
1319,95.66,High
1320,7.96,Low
1321,95.9,High
1322,95.81,High
1323,97.8,High
1324,21.21,Low
1325,98.56,High
1326,95.36,High
1327,93.31,High
1328,95.45,High
1329,92.54,High
1330,96.59,High
1331,7.41,Low
1332,97.93,High
1333,95.11,High
1334,98.55,High
1335,98.33,High
1336,98.43,High
1337,94.73,High
1338,95.69,High
1339,30.9,Low
1340,88.1,High
1341,94.16,High
1342,98.81,High
1343,97.79,High
1344,99.12,High
1345,91.71,High
1346,95.32,High
1347,96.01,High
1348,96.11,High
1349,98.84,High
1350,84.51,High
1351,95.37,High
1352,98.52,High
1353,98.8,High
1354,95.71,High
1355,99.44,High
1356,97.84,High
1357,98.11,High
1358,98.65,High
1359,97.06,High
1360,98.39,High
1361,99.09,High
1362,97.38,High
1363,28.93,Low
1364,97.26,High
1365,97.2,High
1366,93.91,High
1367,63.23,Medium
1368,97.3,High
1369,39.43,Low
1370,97.87,High
1371,92.43,High
1372,10.43,Low
1373,3.04,Low
1374,82.58,High
1375,95.97,High
1376,97.6,High
1377,99.3,High
1378,5.16,Low
1379,97.01,High
1380,24.76,Low
1381,93.94,High
1382,96.59,High
1383,97.74,High
1384,99.18,High
1385,93.2,High
1386,91.14,High
1387,97.75,High
1388,11.74,Low
1389,97.39,High
1390,90.65,High
1391,65.76,Medium
1392,97.52,High
1393,94.91,High
1394,98.43,High
1395,96.68,High
1396,98.55,High
1397,92.33,High
1398,95.77,High
1399,99.73,High
1400,97.64,High
1401,95.57,High
1402,2.07,Low
1403,98.95,High
1404,22.69,Low
1405,90.69,High
1406,98.74,High
1407,95.31,High
1408,92.78,High
1409,92.73,High
1410,96.81,High
1411,99.28,High
1412,96.13,High
1413,99.19,High
1414,29.11,Low
1415,96.05,High
1416,99.06,High
1417,8.88,Low
1418,97.87,High
1419,96.36,High
1420,96.75,High
1421,34.72,Low
1422,97.77,High
1423,97.66,High
1424,95.53,High
1425,98.94,High
1426,95.12,High
1427,47.54,Low
1428,23.59,Low
1429,92.83,High
1430,97.31,High
1431,95.8,High
1432,17.3,Low
1433,97.27,High
1434,96.29,High
1435,98.09,High
1436,98.38,High
1437,46.02,Low
1438,98.28,High
1439,98.43,High
1440,95.8,High
1441,92.4,High
1442,98.83,High
1443,96.43,High
1444,95.97,High
1445,98.18,High
1446,99.5,High
1447,90.07,High
1448,96.14,High
1449,98.68,High
1450,96.3,High
1451,97.39,High
1452,92.32,High
1453,47.63,Low
1454,15.12,Low
1455,30.01,Low
1456,99.08,High
1457,96.94,High
1458,98.22,High
1459,97.21,High
1460,21.83,Low
1461,97.96,High
1462,75.93,Medium
1463,95.91,High
1464,84.33,High
1465,97.63,High
1466,95.37,High
1467,93.35,High
1468,94.91,High
1469,90.83,High
1470,87.47,High
1471,94.2,High
1472,96.84,High
1473,92.13,High
1474,95.13,High
1475,97.9,High
1476,99.27,High
1477,99.15,High
1478,44.16,Low
1479,3.86,Low
1480,94.04,High
1481,43.21,Low
1482,96.46,High
1483,95.2,High
1484,97.64,High
1485,25.4,Low
1486,98.05,High
1487,64.18,Medium
1488,97.8,High
1489,98.67,High
1490,90.31,High
1491,94.34,High
1492,97.97,High
1493,59.25,Medium
1494,97.25,High
1495,51.36,Medium
1496,99.31,High
1497,96.59,High
1498,95.86,High
1499,95.64,High
1500,41.46,Low
1501,98.18,High
1502,95.64,High
1503,13.18,Low
1504,97.89,High
1505,89.0,High
1506,6.46,Low
1507,97.07,High
1508,86.08,High
1509,95.47,High
1510,97.79,High
1511,82.19,High
1512,97.63,High
1513,50.97,Medium
1514,92.38,High
1515,96.56,High
1516,97.98,High
1517,96.23,High
1518,44.11,Low
1519,98.24,High
1520,98.79,High
1521,97.93,High
1522,38.49,Low
1523,95.74,High
1524,6.67,Low
1525,87.72,High
1526,91.65,High
1527,97.89,High
1528,96.43,High
1529,96.85,High
1530,97.34,High
1531,97.09,High
1532,19.02,Low
1533,93.39,High
1534,93.98,High
1535,97.33,High
1536,99.7,High
1537,98.71,High
1538,13.6,Low
1539,98.08,High
1540,97.92,High
1541,66.7,Medium
1542,95.86,High
1543,98.48,High
1544,93.74,High
1545,97.45,High
1546,94.02,High
1547,97.87,High
1548,87.31,High
1549,95.27,High
1550,89.35,High
1551,96.16,High
1552,88.06,High
1553,96.08,High
1554,89.96,High
1555,97.92,High
1556,98.89,High
1557,96.82,High
1558,91.99,High
1559,97.06,High
1560,99.01,High
1561,98.69,High
1562,95.91,High
1563,8.6,Low
1564,89.64,High
1565,93.46,High
1566,1.53,Low
1567,96.19,High
1568,80.99,High
1569,96.78,High
1570,91.94,High
1571,96.58,High
1572,98.96,High
1573,96.58,High
1574,90.67,High
1575,16.26,Low
1576,96.98,High
1577,95.3,High
1578,94.94,High
1579,92.53,High
1580,96.64,High
1581,51.72,Medium
1582,90.94,High
1583,97.09,High
1584,16.41,Low
1585,99.05,High
1586,87.1,High
1587,97.83,High
1588,98.93,High
1589,98.79,High
1590,98.94,High
1591,98.47,High
1592,95.94,High
1593,97.64,High
1594,98.84,High
1595,95.75,High
1596,92.89,High
1597,98.65,High
1598,95.33,High
1599,98.35,High
1600,88.16,High
1601,92.94,High
1602,97.98,High
1603,98.3,High
1604,94.17,High
1605,97.74,High
1606,95.44,High
1607,99.04,High
1608,7.9,Low
1609,93.6,High
1610,95.91,High
1611,97.16,High
1612,8.04,Low
1613,98.4,High
1614,98.58,High
1615,98.0,High
1616,90.52,High
1617,33.71,Low
1618,97.88,High
1619,99.79,High
1620,95.14,High
1621,98.4,High
1622,94.56,High
1623,92.6,High
1624,98.18,High
1625,11.42,Low
1626,94.04,High
1627,94.87,High
1628,87.27,High
1629,93.22,High
1630,96.45,High
1631,97.69,High
1632,97.83,High
1633,6.9,Low
1634,98.69,High
1635,88.35,High
1636,83.79,High
1637,96.6,High
1638,97.29,High
1639,98.76,High
1640,90.14,High
1641,99.49,High
1642,99.25,High
1643,88.05,High
1644,95.37,High
1645,24.87,Low
1646,51.83,Medium
1647,3.84,Low
1648,94.18,High
1649,98.51,High
1650,96.73,High
1651,99.22,High
1652,96.31,High
1653,93.67,High
1654,65.39,Medium
1655,94.32,High
1656,39.66,Low
1657,84.3,High
1658,10.09,Low
1659,97.41,High
1660,95.53,High
1661,40.74,Low
1662,97.91,High
1663,97.83,High
1664,98.74,High
1665,95.68,High
1666,97.16,High
1667,97.25,High
1668,97.9,High
1669,97.75,High
1670,97.86,High
1671,97.84,High
1672,96.99,High
1673,99.44,High
1674,95.83,High
1675,92.01,High
1676,98.69,High
1677,95.74,High
1678,20.04,Low
1679,87.86,High
1680,99.56,High
1681,90.96,High
1682,98.45,High
1683,94.69,High
1684,96.99,High
1685,99.57,High
1686,96.96,High
1687,99.04,High
1688,89.15,High
1689,97.43,High
1690,95.33,High
1691,96.36,High
1692,10.63,Low
1693,97.72,High
1694,96.34,High
1695,96.59,High
1696,96.61,High
1697,98.7,High
1698,95.17,High
1699,95.56,High
1700,94.97,High
1701,98.35,High
1702,96.45,High
1703,97.9,High
1704,97.87,High
1705,11.19,Low
1706,98.76,High
1707,97.89,High
1708,98.94,High
1709,98.03,High
1710,53.4,Medium
1711,98.6,High
1712,92.75,High
1713,95.55,High
1714,98.95,High
1715,99.35,High
1716,97.51,High
1717,99.21,High
1718,97.15,High
1719,95.84,High
1720,94.58,High
1721,99.28,High
1722,89.3,High
1723,96.43,High
1724,97.27,High
1725,89.1,High
1726,95.96,High
1727,98.84,High
1728,96.59,High
1729,96.88,High
1730,92.71,High
1731,96.79,High
1732,94.97,High
1733,88.95,High
1734,98.72,High
1735,92.41,High
1736,87.2,High
1737,19.99,Low
1738,95.54,High
1739,89.75,High
1740,92.1,High
1741,99.43,High
1742,95.66,High
1743,52.55,Medium
1744,96.11,High
1745,95.75,High
1746,58.52,Medium
1747,98.98,High
1748,92.38,High
1749,97.67,High
1750,97.6,High
1751,95.89,High
1752,42.74,Low
1753,60.39,Medium
1754,8.63,Low
1755,45.64,Low
1756,97.22,High
1757,96.89,High
1758,93.56,High
1759,98.53,High
1760,98.13,High
1761,97.68,High
1762,96.91,High
1763,8.79,Low
1764,94.02,High
1765,98.48,High
1766,97.62,High
1767,32.13,Low
1768,98.23,High
1769,95.77,High
1770,93.69,High
1771,97.11,High
1772,98.21,High
1773,96.6,High
1774,97.46,High
1775,96.46,High
1776,98.16,High
1777,97.23,High
1778,98.43,High
1779,94.97,High
1780,92.95,High
1781,90.63,High
1782,97.87,High
1783,97.56,High
1784,97.14,High
1785,90.64,High
1786,93.23,High
1787,99.09,High
1788,97.78,High
1789,97.86,High
1790,97.7,High
1791,97.47,High
1792,99.0,High
1793,97.85,High
1794,94.56,High
1795,86.76,High
1796,94.01,High
1797,4.4,Low
1798,92.08,High
1799,12.9,Low
1800,96.45,High
1801,99.56,High
1802,98.56,High
1803,95.23,High
1804,91.58,High
1805,94.19,High
1806,98.44,High
1807,98.96,High
1808,97.88,High
1809,98.56,High
1810,99.01,High
1811,96.1,High
1812,97.7,High
1813,95.7,High
1814,95.39,High
1815,90.58,High
1816,83.57,High
1817,96.57,High
1818,95.52,High
1819,99.02,High
1820,98.52,High
1821,96.73,High
1822,98.35,High
1823,91.04,High
1824,97.53,High
1825,98.93,High
1826,99.27,High
1827,97.29,High
1828,93.29,High
1829,96.67,High
1830,93.05,High
1831,97.43,High
1832,98.51,High
1833,90.67,High
1834,93.02,High
1835,96.85,High
1836,96.89,High
1837,98.03,High
1838,16.66,Low
1839,98.66,High
1840,94.96,High
1841,91.72,High
1842,31.88,Low
1843,98.95,High
1844,96.52,High
1845,97.71,High
1846,99.45,High
1847,93.34,High
1848,96.11,High
1849,97.78,High
1850,98.92,High
1851,97.89,High
1852,92.37,High
1853,92.94,High
1854,97.94,High
1855,98.47,High
1856,96.2,High
1857,86.19,High
1858,97.99,High
1859,96.44,High
1860,92.05,High
1861,86.6,High
1862,80.07,High
1863,98.19,High
1864,70.86,Medium
1865,97.28,High
1866,97.77,High
1867,98.56,High
1868,97.46,High
1869,99.75,High
1870,99.28,High
1871,95.26,High
1872,16.2,Low
1873,91.36,High
1874,51.98,Medium
1875,95.09,High
1876,37.91,Low
1877,83.59,High
1878,99.37,High
1879,79.84,Medium
1880,96.79,High
1881,96.23,High
1882,96.9,High
1883,96.51,High
1884,96.82,High
1885,97.4,High
1886,96.18,High
1887,94.97,High
1888,97.7,High
1889,75.44,Medium
1890,57.59,Medium
1891,96.71,High
1892,95.64,High
1893,23.12,Low
1894,85.48,High
1895,91.13,High
1896,95.29,High
1897,98.13,High
1898,91.68,High
1899,97.24,High
1900,98.31,High
1901,95.68,High
1902,93.76,High
1903,98.97,High
1904,95.99,High
1905,93.18,High
1906,96.19,High
1907,97.17,High
1908,95.12,High
1909,86.21,High
1910,98.11,High
1911,47.07,Low
1912,97.01,High
1913,96.15,High
1914,58.19,Medium
1915,94.3,High
1916,95.56,High
1917,98.48,High
1918,97.04,High
1919,98.72,High
1920,74.11,Medium
1921,93.47,High
1922,98.51,High
1923,94.17,High
1924,98.63,High
1925,95.37,High
1926,71.43,Medium
1927,97.85,High
1928,97.17,High
1929,91.98,High
1930,97.74,High
1931,94.98,High
1932,23.5,Low
1933,93.9,High
1934,95.75,High
1935,94.75,High
1936,36.87,Low
1937,97.12,High
1938,99.48,High
1939,28.38,Low
1940,96.77,High
1941,26.38,Low
1942,97.2,High
1943,94.4,High
1944,97.89,High
1945,6.24,Low
1946,38.26,Low
1947,98.11,High
1948,98.65,High
1949,95.62,High
1950,99.5,High
1951,92.49,High
1952,94.34,High
1953,3.41,Low
1954,99.01,High
1955,96.5,High
1956,98.89,High
1957,93.98,High
1958,90.92,High
1959,94.1,High
1960,96.55,High
1961,98.67,High
1962,98.67,High
1963,96.78,High
1964,96.39,High
1965,91.5,High
1966,94.89,High
1967,90.97,High
1968,94.79,High
1969,95.99,High
1970,22.05,Low
1971,94.39,High
1972,95.65,High
1973,50.17,Medium
1974,98.26,High
1975,94.8,High
1976,97.85,High
1977,95.7,High
1978,93.84,High
1979,98.49,High
1980,99.05,High
1981,90.65,High
1982,98.8,High
1983,99.21,High
1984,97.13,High
1985,67.37,Medium
1986,98.11,High
1987,97.49,High
1988,98.97,High
1989,11.04,Low
1990,92.53,High
1991,97.78,High
1992,12.38,Low
1993,88.84,High
1994,98.1,High
1995,90.08,High
1996,93.7,High
1997,95.14,High
1998,98.8,High
1999,94.16,High
2000,1.53,Low
2001,98.79,High
2002,5.03,Low
2003,99.6,High
2004,98.62,High
2005,98.63,High
2006,99.51,High
2007,99.27,High
2008,96.82,High
2009,99.75,High
2010,99.16,High
2011,97.99,High
2012,16.26,Low
2013,97.98,High
2014,98.35,High
2015,2.07,Low
2016,99.25,High
2017,97.86,High
2018,99.45,High
2019,98.83,High
2020,98.67,High
2021,97.83,High
2022,98.48,High
2023,99.56,High
2024,98.89,High
2025,99.66,High
2026,98.45,High
2027,18.45,Low
2028,99.79,High
2029,1.05,Low
2030,98.38,High
2031,0.84,Low
2032,2.55,Low
2033,97.23,High
2034,98.71,High
2035,0.94,Low
2036,1.48,Low
2037,0.47,Low
2038,99.13,High
2039,98.73,High
2040,99.31,High
2041,1.85,Low
2042,99.09,High
2043,0.54,Low
2044,2.23,Low
2045,1.24,Low
2046,0.53,Low
2047,0.2,Low
2048,1.61,Low
2049,2.46,Low
2050,0.87,Low
2051,0.72,Low
2052,1.68,Low
2053,1.19,Low
2054,99.39,High
2055,0.39,Low
2056,0.97,Low
2057,2.01,Low
2058,1.82,Low
2059,98.0,High
2060,5.85,Low
2061,1.01,Low
2062,1.03,Low
2063,1.04,Low
2064,1.06,Low
2065,1.21,Low
2066,0.89,Low
2067,1.29,Low
2068,3.07,Low
2069,99.12,High
2070,98.64,High
2071,97.22,High
2072,1.1,Low
2073,98.35,High
2074,98.75,High
2075,98.97,High
2076,1.12,Low
2077,1.55,Low
2078,98.94,High
2079,98.69,High
2080,99.11,High
2081,0.66,Low
2082,0.94,Low
2083,0.51,Low
2084,0.51,Low
2085,99.37,High
2086,2.43,Low
2087,3.12,Low
2088,0.53,Low
2089,0.9,Low
2090,0.62,Low
2091,99.19,High
2092,0.91,Low
2093,0.64,Low
2094,0.94,Low
2095,1.72,Low
2096,2.86,Low
2097,1.5,Low
2098,0.6,Low
2099,0.21,Low
2100,98.81,High
2101,1.04,Low
2102,1.0,Low
2103,1.12,Low
2104,98.16,High
2105,0.58,Low
2106,0.78,Low
2107,98.99,High
2108,0.22,Low
2109,0.47,Low
2110,1.33,Low
2111,1.04,Low
2112,99.01,High
2113,3.48,Low
2114,0.21,Low
2115,98.35,High
2116,98.53,High
2117,0.18,Low
2118,1.02,Low
2119,99.03,High
2120,0.71,Low
2121,0.39,Low
2122,0.19,Low
2123,1.06,Low
2124,0.86,Low
2125,1.26,Low
2126,0.69,Low
2127,0.94,Low
2128,1.53,Low
2129,99.39,High
2130,0.73,Low
2131,0.23,Low
2132,0.88,Low
2133,0.64,Low
2134,97.37,High
2135,1.02,Low
2136,0.58,Low
2137,97.44,High
2138,1.68,Low
2139,91.25,High
2140,1.52,Low
2141,0.88,Low
2142,1.46,Low
2143,0.81,Low
2144,99.45,High
2145,0.55,Low
2146,0.61,Low
2147,0.64,Low
2148,0.73,Low
2149,3.92,Low
2150,94.85,High
2151,0.58,Low
2152,99.42,High
2153,0.77,Low
2154,0.47,Low
2155,99.1,High
2156,97.08,High
2157,0.88,Low
2158,0.44,Low
2159,0.51,Low
2160,1.54,Low
2161,98.89,High
2162,2.2,Low
2163,0.43,Low
2164,2.2,Low
2165,0.74,Low
2166,1.08,Low
2167,93.15,High
2168,0.64,Low
2169,1.0,Low
2170,1.44,Low
2171,0.71,Low
2172,98.16,High
2173,99.5,High
2174,0.64,Low
2175,99.12,High
2176,0.93,Low
2177,0.96,Low
2178,1.32,Low
2179,0.97,Low
2180,0.87,Low
2181,98.72,High
2182,99.11,High
2183,0.86,Low
2184,98.7,High
2185,0.84,Low
2186,0.77,Low
2187,1.41,Low
2188,98.56,High
2189,0.66,Low
2190,0.76,Low
2191,1.15,Low
2192,1.37,Low
2193,95.08,High
2194,97.86,High
2195,1.59,Low
2196,98.96,High
2197,99.37,High
2198,98.95,High
2199,95.38,High
2200,98.78,High
2201,1.31,Low
2202,2.35,Low
2203,0.72,Low
2204,1.51,Low
2205,0.54,Low
2206,1.47,Low
2207,0.43,Low
2208,0.88,Low
2209,99.27,High
2210,1.44,Low
2211,99.63,High
2212,97.85,High
2213,0.85,Low
2214,0.93,Low
2215,99.16,High
2216,2.02,Low
2217,5.82,Low
2218,0.91,Low
2219,99.07,High
2220,98.77,High
2221,3.31,Low
2222,2.33,Low
2223,95.35,High
2224,0.54,Low
2225,99.38,High
2226,0.13,Low
2227,0.45,Low
2228,98.55,High
2229,98.41,High
2230,1.31,Low
2231,0.54,Low
2232,0.53,Low
2233,1.16,Low
2234,0.45,Low
2235,97.05,High
2236,2.88,Low
2237,99.49,High
2238,0.65,Low
2239,0.92,Low
2240,1.57,Low
2241,97.11,High
2242,0.65,Low
2243,0.45,Low
2244,1.62,Low
2245,99.11,High
2246,99.11,High
2247,0.77,Low
2248,2.79,Low
2249,98.8,High
2250,1.05,Low
2251,3.95,Low
2252,2.22,Low
2253,98.09,High
2254,2.4,Low
2255,95.71,High
2256,0.83,Low
2257,0.43,Low
2258,0.87,Low
2259,98.66,High
2260,1.07,Low
2261,1.15,Low
2262,97.58,High
2263,0.56,Low
2264,0.94,Low
2265,1.63,Low
2266,4.24,Low
2267,2.03,Low
2268,0.67,Low
2269,0.64,Low
2270,93.98,High
2271,0.52,Low
2272,0.76,Low
2273,98.56,High
2274,99.14,High
2275,99.23,High
2276,98.54,High
2277,97.15,High
2278,0.91,Low
2279,1.84,Low
2280,98.46,High
2281,0.23,Low
2282,0.52,Low
2283,0.88,Low
2284,0.69,Low
2285,97.68,High
2286,0.49,Low
2287,1.19,Low
2288,0.54,Low
2289,0.84,Low
2290,1.6,Low
2291,98.21,High
2292,97.55,High
2293,1.19,Low
2294,5.32,Low
2295,98.83,High
2296,1.7,Low
2297,99.11,High
2298,0.89,Low
2299,97.56,High
2300,0.91,Low
2301,1.28,Low
2302,0.4,Low
2303,1.04,Low
2304,1.09,Low
2305,97.74,High
2306,98.22,High
2307,1.09,Low
2308,99.04,High
2309,99.31,High
2310,0.9,Low
2311,0.56,Low
2312,2.02,Low
2313,1.05,Low
2314,99.19,High
2315,0.92,Low
2316,2.82,Low
2317,0.6,Low
2318,0.45,Low
2319,1.1,Low
2320,0.9,Low
2321,0.54,Low
2322,0.41,Low
2323,99.02,High
2324,0.46,Low
2325,0.27,Low
2326,97.93,High
2327,2.29,Low
2328,99.03,High
2329,0.78,Low
2330,96.26,High
2331,1.74,Low
2332,1.29,Low
2333,99.25,High
2334,99.51,High
2335,1.07,Low
2336,1.02,Low
2337,99.17,High
2338,1.48,Low
2339,99.23,High
2340,1.2,Low
2341,0.15,Low
2342,2.04,Low
2343,96.96,High
2344,99.06,High
2345,1.94,Low
2346,98.82,High
2347,0.75,Low
2348,98.99,High
2349,1.18,Low
2350,0.9,Low
2351,1.16,Low
2352,1.2,Low
2353,98.96,High
2354,0.95,Low
2355,97.37,High
2356,0.72,Low
2357,1.31,Low
2358,0.36,Low
2359,0.29,Low
2360,1.0,Low
2361,1.05,Low
2362,0.29,Low
2363,98.12,High
2364,1.18,Low
2365,1.24,Low
2366,1.23,Low
2367,1.21,Low
2368,0.97,Low
2369,1.01,Low
2370,0.21,Low
2371,0.56,Low
2372,99.47,High
2373,1.3,Low
2374,98.91,High
2375,97.7,High
2376,1.45,Low
2377,2.41,Low
2378,2.06,Low
2379,0.34,Low
2380,0.51,Low
2381,0.89,Low
2382,0.4,Low
2383,0.89,Low
2384,98.98,High
2385,1.69,Low
2386,2.09,Low
2387,99.1,High
2388,0.3,Low
2389,1.37,Low
2390,1.1,Low
2391,99.11,High
2392,1.27,Low
2393,0.15,Low
2394,0.34,Low
2395,95.9,High
2396,1.26,Low
2397,98.09,High
2398,1.44,Low
2399,2.26,Low
2400,1.88,Low
2401,0.96,Low
2402,0.92,Low
2403,1.6,Low
2404,1.66,Low
2405,98.41,High
2406,2.04,Low
2407,98.85,High
2408,1.97,Low
2409,97.39,High
2410,98.07,High
2411,98.08,High
2412,1.11,Low
2413,99.32,High
2414,1.2,Low
2415,99.1,High
2416,0.25,Low
2417,7.57,Low
2418,99.35,High
2419,0.66,Low
2420,1.69,Low
2421,2.91,Low
2422,0.79,Low
2423,98.49,High
2424,1.0,Low
2425,1.3,Low
2426,1.6,Low
2427,1.39,Low
2428,1.41,Low
2429,1.05,Low
2430,98.37,High
2431,0.74,Low
2432,0.53,Low
2433,95.81,High
2434,2.57,Low
2435,0.52,Low
2436,1.1,Low
2437,0.98,Low
2438,1.38,Low
2439,98.51,High
2440,1.25,Low
2441,98.94,High
2442,1.29,Low
2443,1.19,Low
2444,99.14,High
2445,98.65,High
2446,1.01,Low
2447,96.83,High
2448,1.17,Low
2449,1.15,Low
2450,0.73,Low
2451,1.08,Low
2452,2.36,Low
2453,1.32,Low
2454,0.35,Low
2455,99.04,High
2456,0.83,Low
2457,1.29,Low
2458,0.77,Low
2459,1.02,Low
2460,0.74,Low
2461,0.9,Low
2462,0.62,Low
2463,96.69,High
2464,1.29,Low
2465,1.83,Low
2466,98.76,High
2467,1.09,Low
2468,99.37,High
2469,1.08,Low
2470,99.29,High
2471,98.84,High
2472,0.99,Low
2473,1.42,Low
2474,0.7,Low
2475,99.57,High
2476,0.6,Low
2477,98.37,High
2478,0.23,Low
2479,1.06,Low
2480,0.36,Low
2481,1.42,Low
2482,1.43,Low
2483,0.72,Low
2484,1.43,Low
2485,0.85,Low
2486,0.64,Low
2487,0.77,Low
2488,0.82,Low
2489,1.24,Low
2490,99.28,High
2491,1.08,Low
2492,0.66,Low
2493,97.62,High
2494,1.43,Low
2495,1.02,Low
2496,2.44,Low
2497,1.03,Low
2498,1.77,Low
2499,98.48,High
2500,2.02,Low
2501,1.09,Low
2502,2.15,Low
2503,0.35,Low
2504,1.09,Low
2505,98.79,High
2506,98.53,High
2507,0.57,Low
2508,99.68,High
2509,0.58,Low
2510,0.39,Low
2511,1.36,Low
2512,3.86,Low
2513,3.96,Low
2514,98.56,High
2515,98.11,High
2516,0.77,Low
2517,0.67,Low
2518,99.41,High
2519,99.24,High
2520,98.67,High
2521,1.57,Low
2522,97.53,High
2523,1.68,Low
2524,99.14,High
2525,99.15,High
2526,1.59,Low
2527,0.49,Low
2528,98.68,High
2529,98.98,High
2530,0.34,Low
2531,0.9,Low
2532,98.58,High
2533,1.23,Low
2534,0.86,Low
2535,0.74,Low
2536,1.13,Low
2537,0.9,Low
2538,1.79,Low
2539,0.88,Low
2540,4.48,Low
2541,0.35,Low
2542,99.33,High
2543,0.49,Low
2544,1.05,Low
2545,2.19,Low
2546,1.74,Low
2547,1.88,Low
2548,99.38,High
2549,1.11,Low
2550,1.3,Low
2551,0.44,Low
2552,1.64,Low
2553,0.51,Low
2554,0.71,Low
2555,0.83,Low
2556,1.62,Low
2557,1.92,Low
2558,99.25,High
2559,99.04,High
2560,2.24,Low
2561,1.2,Low
2562,0.87,Low
2563,98.71,High
2564,97.22,High
2565,0.43,Low
2566,0.57,Low
2567,0.86,Low
2568,99.08,High
2569,2.4,Low
2570,99.08,High
2571,98.39,High
2572,98.81,High
2573,2.85,Low
2574,0.48,Low
2575,99.32,High
2576,99.1,High
2577,1.97,Low
2578,99.29,High
2579,98.99,High
2580,0.42,Low
2581,0.6,Low
2582,94.84,High
2583,1.47,Low
2584,0.73,Low
2585,0.44,Low
2586,0.75,Low
2587,0.92,Low
2588,98.89,High
2589,0.48,Low
2590,99.32,High
2591,99.13,High
2592,98.86,High
2593,0.46,Low
2594,98.26,High
2595,0.54,Low
2596,99.18,High
2597,98.86,High
2598,1.11,Low
2599,98.94,High
2600,0.88,Low
2601,1.0,Low
2602,1.96,Low
2603,0.63,Low
2604,0.69,Low
2605,0.75,Low
2606,0.69,Low
2607,12.5,Low
2608,98.82,High
2609,1.05,Low
2610,0.83,Low
2611,0.28,Low
2612,0.65,Low
2613,0.9,Low
2614,98.88,High
2615,98.9,High
2616,2.22,Low
2617,0.12,Low
2618,2.54,Low
2619,1.6,Low
2620,99.41,High
2621,1.36,Low
2622,0.33,Low
2623,2.0,Low
2624,0.82,Low
2625,0.66,Low
2626,0.44,Low
2627,1.55,Low
2628,1.19,Low
2629,1.21,Low
2630,0.26,Low
2631,0.35,Low
2632,99.23,High
2633,98.65,High
2634,0.84,Low
2635,0.42,Low
2636,99.03,High
2637,0.56,Low
2638,1.82,Low
2639,2.35,Low
2640,2.44,Low
2641,0.46,Low
2642,97.8,High
2643,99.22,High
2644,2.2,Low
2645,99.24,High
2646,0.58,Low
2647,2.48,Low
2648,1.26,Low
2649,1.65,Low
2650,1.06,Low
2651,0.27,Low
2652,98.47,High
2653,99.59,High
2654,0.57,Low
2655,1.22,Low
2656,2.6,Low
2657,1.59,Low
2658,0.58,Low
2659,99.27,High
2660,0.78,Low
2661,0.9,Low
2662,1.65,Low
2663,1.48,Low
2664,0.76,Low
2665,2.14,Low
2666,1.4,Low
2667,0.3,Low
2668,98.56,High
2669,1.21,Low
2670,99.33,High
2671,1.18,Low
2672,2.71,Low
2673,99.38,High
2674,1.53,Low
2675,0.45,Low
2676,1.8,Low
2677,98.21,High
2678,1.21,Low
2679,0.8,Low
2680,99.0,High
2681,0.31,Low
2682,99.49,High
2683,99.44,High
2684,0.65,Low
2685,98.63,High
2686,98.53,High
2687,0.32,Low
2688,1.39,Low
2689,0.35,Low
2690,2.24,Low
2691,1.82,Low
2692,99.09,High
2693,1.27,Low
2694,1.37,Low
2695,99.43,High
2696,2.26,Low
2697,99.42,High
2698,0.62,Low
2699,2.12,Low
2700,0.5,Low
2701,96.81,High
2702,1.44,Low
2703,98.99,High
2704,1.12,Low
2705,98.25,High
2706,99.28,High
2707,0.66,Low
2708,0.43,Low
2709,0.47,Low
2710,0.72,Low
2711,1.66,Low
2712,0.15,Low
2713,1.16,Low
2714,97.54,High
2715,1.59,Low
2716,1.24,Low
2717,0.73,Low
2718,0.75,Low
2719,98.08,High
2720,4.0,Low
2721,99.06,High
2722,0.45,Low
2723,99.7,High
2724,98.55,High
2725,0.35,Low
2726,0.68,Low
2727,2.11,Low
2728,98.41,High
2729,99.16,High
2730,96.77,High
2731,98.87,High
2732,98.76,High
2733,0.6,Low
2734,98.2,High
2735,0.3,Low
2736,98.65,High
2737,1.25,Low
2738,1.01,Low
2739,99.01,High
2740,2.41,Low
2741,2.66,Low
2742,1.76,Low
2743,0.32,Low
2744,1.57,Low
2745,98.75,High
2746,2.09,Low
2747,1.7,Low
2748,0.86,Low
2749,1.98,Low
2750,0.78,Low
2751,97.26,High
2752,1.67,Low
2753,0.93,Low
2754,99.08,High
2755,99.64,High
2756,0.79,Low
2757,99.17,High
2758,1.5,Low
2759,0.3,Low
2760,0.91,Low
2761,0.16,Low
2762,0.85,Low
2763,97.75,High
2764,1.48,Low
2765,1.24,Low
2766,1.82,Low
2767,1.09,Low
2768,0.89,Low
2769,99.15,High
2770,0.53,Low
2771,98.95,High
2772,0.72,Low
2773,0.63,Low
2774,99.18,High
2775,1.3,Low
2776,1.96,Low
2777,1.01,Low
2778,1.6,Low
2779,0.45,Low
2780,0.7,Low
2781,2.14,Low
2782,98.88,High
2783,1.48,Low
2784,2.35,Low
2785,99.31,High
2786,1.1,Low
2787,3.11,Low
2788,1.05,Low
2789,1.09,Low
2790,1.81,Low
2791,0.81,Low
2792,1.79,Low
2793,1.89,Low
2794,0.56,Low
2795,2.22,Low
2796,98.42,High
2797,1.17,Low
2798,0.88,Low
2799,0.91,Low
2800,0.74,Low
2801,1.55,Low
2802,98.95,High
2803,99.17,High
2804,98.86,High
2805,1.16,Low
2806,0.76,Low
2807,98.84,High
2808,2.66,Low
2809,0.78,Low
2810,0.95,Low
2811,0.57,Low
2812,99.28,High
2813,97.83,High
2814,1.75,Low
2815,0.86,Low
2816,1.34,Low
2817,99.42,High
2818,0.95,Low
2819,1.57,Low
2820,0.65,Low
2821,6.77,Low
2822,0.87,Low
2823,0.4,Low
2824,0.79,Low
2825,96.38,High
2826,1.41,Low
2827,0.36,Low
2828,2.62,Low
2829,99.06,High
2830,1.26,Low
2831,0.43,Low
2832,99.01,High
2833,0.93,Low
2834,98.08,High
2835,1.15,Low
2836,0.81,Low
2837,1.32,Low
2838,0.37,Low
2839,0.71,Low
2840,1.29,Low
2841,1.51,Low
2842,99.41,High
2843,0.83,Low
2844,98.85,High
2845,0.77,Low
2846,0.67,Low
2847,1.8,Low
2848,1.02,Low
2849,0.91,Low
2850,0.77,Low
2851,0.93,Low
2852,2.13,Low
2853,92.2,High
2854,1.94,Low
2855,99.52,High
2856,99.23,High
2857,99.18,High
2858,98.38,High
2859,98.41,High
2860,0.31,Low
2861,0.77,Low
2862,1.07,Low
2863,0.74,Low
2864,0.43,Low
2865,0.82,Low
2866,98.52,High
2867,0.84,Low
2868,2.57,Low
2869,99.36,High
2870,1.7,Low
2871,0.78,Low
2872,0.47,Low
2873,99.26,High
2874,98.73,High
2875,0.46,Low
2876,0.97,Low
2877,1.92,Low
2878,98.94,High
2879,98.72,High
2880,98.99,High
2881,0.46,Low
2882,99.55,High
2883,0.87,Low
2884,3.46,Low
2885,98.73,High
2886,3.37,Low
2887,1.21,Low
2888,1.27,Low
2889,0.67,Low
2890,98.69,High
2891,1.14,Low
2892,99.29,High
2893,0.89,Low
2894,97.89,High
2895,0.43,Low
2896,0.24,Low
2897,2.32,Low
2898,96.15,High
2899,1.39,Low
2900,1.46,Low
2901,99.06,High
2902,0.79,Low
2903,0.81,Low
2904,0.47,Low
2905,1.13,Low
2906,1.62,Low
2907,1.69,Low
2908,0.14,Low
2909,0.38,Low
2910,98.44,High
2911,1.48,Low
2912,99.43,High
2913,0.72,Low
2914,1.23,Low
2915,98.8,High
2916,2.49,Low
2917,0.67,Low
2918,1.77,Low
2919,0.82,Low
2920,0.36,Low
2921,98.55,High
2922,2.07,Low
2923,99.32,High
2924,97.51,High
2925,2.16,Low
2926,1.3,Low
2927,0.71,Low
2928,99.04,High
2929,0.35,Low
2930,0.84,Low
2931,0.67,Low
2932,0.47,Low
2933,0.91,Low
2934,1.08,Low
2935,1.18,Low
2936,0.95,Low
2937,0.97,Low
2938,0.85,Low
2939,0.87,Low
2940,98.93,High
2941,1.4,Low
2942,0.43,Low
2943,1.05,Low
2944,98.9,High
2945,0.89,Low
2946,1.73,Low
2947,1.49,Low
2948,0.37,Low
2949,0.89,Low
2950,97.56,High
2951,3.11,Low
2952,1.87,Low
2953,1.13,Low
2954,99.14,High
2955,98.27,High
2956,1.04,Low
2957,2.53,Low
2958,98.84,High
2959,0.57,Low
2960,0.7,Low
2961,1.35,Low
2962,97.78,High
2963,98.54,High
2964,1.89,Low
2965,0.5,Low
2966,98.63,High
2967,1.28,Low
2968,0.29,Low
2969,0.84,Low
2970,1.67,Low
2971,1.06,Low
2972,1.33,Low
2973,0.63,Low
2974,99.42,High
2975,0.96,Low
2976,0.97,Low
2977,0.41,Low
2978,98.9,High
2979,1.06,Low
2980,0.44,Low
2981,1.92,Low
2982,0.41,Low
2983,1.65,Low
2984,98.53,High
2985,0.96,Low
2986,0.34,Low
2987,2.4,Low
2988,0.95,Low
2989,99.13,High
2990,1.19,Low
2991,99.08,High
2992,1.02,Low
2993,1.4,Low
2994,0.5,Low
2995,98.57,High
2996,2.76,Low
2997,99.13,High
2998,98.29,High
2999,0.54,Low
3000,1.01,Low
3001,1.39,Low
3002,1.6,Low
3003,99.02,High
3004,1.98,Low
3005,0.5,Low
3006,1.17,Low
3007,4.56,Low
3008,99.16,High
3009,2.38,Low
3010,1.91,Low
3011,4.83,Low
3012,99.51,High
3013,98.08,High
3014,1.42,Low
3015,98.72,High
3016,99.71,High
3017,0.25,Low
3018,1.92,Low
3019,0.97,Low
3020,0.51,Low
3021,99.04,High
3022,0.69,Low
3023,97.81,High
3024,0.61,Low
3025,98.6,High
3026,1.03,Low
3027,0.82,Low
3028,1.93,Low
3029,0.64,Low
3030,1.33,Low
3031,99.14,High
3032,99.44,High
3033,0.32,Low
3034,97.85,High
3035,1.12,Low
3036,1.43,Low
3037,0.74,Low
3038,98.55,High
3039,99.1,High
3040,99.42,High
3041,0.34,Low
3042,0.35,Low
3043,1.7,Low
3044,1.06,Low
3045,0.29,Low
3046,0.87,Low
3047,99.28,High
3048,98.76,High
3049,0.54,Low
3050,1.01,Low
3051,1.62,Low
3052,98.8,High
3053,1.94,Low
3054,98.56,High
3055,98.51,High
3056,0.73,Low
3057,99.11,High
3058,0.52,Low
3059,0.35,Low
3060,0.9,Low
3061,99.42,High
3062,0.4,Low
3063,0.29,Low
3064,0.87,Low
3065,1.88,Low
3066,0.69,Low
3067,0.74,Low
3068,1.57,Low
3069,0.44,Low
3070,1.66,Low
3071,0.6,Low
3072,0.43,Low
3073,0.44,Low
3074,0.61,Low
3075,0.95,Low
3076,1.82,Low
3077,1.24,Low
3078,0.39,Low
3079,98.67,High
3080,99.33,High
3081,0.95,Low
3082,1.06,Low
3083,1.11,Low
3084,99.04,High
3085,98.83,High
3086,0.36,Low
3087,98.55,High
3088,1.19,Low
3089,0.61,Low
3090,99.55,High
3091,0.65,Low
3092,98.57,High
3093,0.12,Low
3094,0.45,Low
3095,98.89,High
3096,98.9,High
3097,1.23,Low
3098,0.86,Low
3099,99.32,High
3100,1.09,Low
3101,99.13,High
3102,1.27,Low
3103,1.92,Low
3104,99.07,High
3105,2.41,Low
3106,99.49,High
3107,1.02,Low
3108,1.19,Low
3109,98.85,High
3110,99.37,High
3111,99.42,High
3112,0.54,Low
3113,98.86,High
3114,2.32,Low
3115,0.26,Low
3116,1.68,Low
3117,1.09,Low
3118,0.75,Low
3119,99.59,High
3120,0.31,Low
3121,0.57,Low
3122,1.1,Low
3123,99.17,High
3124,0.93,Low
3125,0.29,Low
3126,99.37,High
3127,99.23,High
3128,1.6,Low
3129,98.39,High
3130,98.76,High
3131,97.51,High
3132,1.15,Low
3133,98.44,High
3134,1.94,Low
3135,1.29,Low
3136,0.43,Low
3137,98.44,High
3138,0.21,Low
3139,98.12,High
3140,0.52,Low
3141,99.19,High
3142,0.35,Low
3143,1.23,Low
3144,0.74,Low
3145,1.06,Low
3146,99.37,High
3147,99.17,High
3148,0.88,Low
3149,99.16,High
3150,1.7,Low
3151,0.56,Low
3152,0.39,Low
3153,0.52,Low
3154,1.16,Low
3155,98.8,High
3156,0.95,Low
3157,1.01,Low
3158,99.42,High
3159,0.35,Low
3160,98.56,High
3161,2.02,Low
3162,99.0,High
3163,0.92,Low
3164,1.97,Low
3165,1.94,Low
3166,2.62,Low
3167,1.29,Low
3168,0.45,Low
3169,1.19,Low
3170,0.46,Low
3171,97.81,High
3172,0.64,Low
3173,0.73,Low
3174,1.57,Low
3175,99.49,High
3176,1.26,Low
3177,0.97,Low
3178,3.48,Low
3179,0.67,Low
3180,1.97,Low
3181,1.42,Low
3182,1.0,Low
3183,0.89,Low
3184,0.27,Low
3185,98.83,High
3186,0.98,Low
3187,0.39,Low
3188,98.86,High
3189,1.06,Low
3190,0.21,Low
3191,0.98,Low
3192,0.62,Low
3193,98.99,High
3194,99.68,High
3195,0.57,Low
3196,99.09,High
3197,0.69,Low
3198,98.72,High
3199,0.82,Low
3200,0.64,Low
3201,0.82,Low
3202,99.42,High
3203,0.76,Low
3204,98.25,High
3205,98.08,High
3206,0.38,Low
3207,0.65,Low
3208,0.89,Low
3209,98.94,High
3210,1.54,Low
3211,1.12,Low
3212,98.73,High
3213,1.29,Low
3214,4.83,Low
3215,2.09,Low
3216,0.43,Low
3217,2.44,Low
3218,0.54,Low
3219,99.16,High
3220,0.77,Low
3221,98.9,High
3222,0.35,Low
3223,98.99,High
3224,99.52,High
3225,98.97,High
3226,4.24,Low
3227,0.63,Low
3228,0.64,Low
3229,99.32,High
3230,1.21,Low
3231,1.45,Low
3232,0.23,Low
3233,0.91,Low
3234,99.04,High
3235,1.04,Low
3236,99.42,High
3237,0.47,Low
3238,1.05,Low
3239,0.57,Low
3240,99.01,High
3241,0.97,Low
3242,98.82,High
3243,2.33,Low
3244,98.95,High
3245,1.59,Low
3246,1.32,Low
3247,0.74,Low
3248,1.48,Low
3249,1.47,Low
3250,0.64,Low
3251,97.37,High
3252,2.53,Low
3253,0.82,Low
3254,99.27,High
3255,3.11,Low
3256,1.18,Low
3257,98.82,High
3258,0.74,Low
3259,0.75,Low
3260,0.82,Low
3261,1.82,Low
3262,1.16,Low
3263,99.29,High
3264,98.73,High
3265,2.06,Low
3266,0.78,Low
3267,99.63,High
3268,1.05,Low
3269,0.6,Low
3270,0.9,Low
3271,1.94,Low
3272,0.21,Low
3273,0.9,Low
3274,1.57,Low
3275,97.39,High
3276,0.65,Low
3277,99.17,High
3278,99.24,High
3279,1.08,Low
3280,0.78,Low
3281,2.66,Low
3282,2.22,Low
3283,94.84,High
3284,0.42,Low
3285,2.16,Low
3286,99.17,High
3287,0.93,Low
3288,0.34,Low
3289,98.99,High
3290,0.42,Low
3291,99.04,High
3292,98.55,High
3293,98.07,High
3294,0.77,Low
3295,98.98,High
3296,0.31,Low
3297,99.04,High
3298,98.93,High
3299,1.3,Low
3300,0.34,Low
3301,4.24,Low
3302,99.52,High
3303,0.76,Low
3304,1.0,Low
3305,98.63,High
3306,98.39,High
3307,0.23,Low
3308,1.5,Low
3309,1.25,Low
3310,1.6,Low
3311,0.21,Low
3312,98.84,High
3313,0.44,Low
3314,0.89,Low
3315,99.11,High
3316,99.41,High
3317,1.2,Low
3318,98.41,High
3319,99.37,High
3320,1.1,Low
3321,1.41,Low
3322,99.08,High
3323,0.73,Low
3324,98.56,High
3325,0.86,Low
3326,1.68,Low
3327,99.12,High
3328,1.33,Low
3329,98.79,High
3330,99.12,High
3331,99.14,High
3332,0.53,Low
3333,0.74,Low
3334,1.06,Low
3335,1.09,Low
3336,98.96,High
3337,0.97,Low
3338,1.53,Low
3339,1.6,Low
3340,98.84,High
3341,99.1,High
3342,1.7,Low
3343,0.54,Low
3344,99.38,High
3345,0.86,Low
3346,0.93,Low
3347,0.41,Low
3348,1.0,Low
3349,2.02,Low
3350,98.11,High
3351,1.91,Low
3352,0.64,Low
3353,99.24,High
3354,0.63,Low
3355,2.23,Low
3356,1.19,Low
3357,1.33,Low
3358,99.38,High
3359,0.67,Low
3360,0.92,Low
3361,0.67,Low
3362,99.45,High
3363,98.7,High
3364,1.01,Low
3365,1.08,Low
3366,0.93,Low
3367,99.17,High
3368,98.91,High
3369,2.35,Low
3370,0.63,Low
3371,0.79,Low
3372,1.21,Low
3373,98.41,High
3374,99.32,High
3375,98.53,High
3376,1.18,Low
3377,1.3,Low
3378,0.74,Low
3379,0.53,Low
3380,1.43,Low
3381,99.12,High
3382,0.88,Low
3383,0.54,Low
3384,0.95,Low
3385,0.5,Low
3386,0.85,Low
3387,0.43,Low
3388,1.3,Low
3389,1.05,Low
3390,95.08,High
3391,99.11,High
3392,0.69,Low
3393,2.36,Low
3394,0.83,Low
3395,1.31,Low
3396,1.19,Low
3397,0.5,Low
3398,99.41,High
3399,0.54,Low
3400,99.11,High
3401,0.32,Low
3402,2.71,Low
3403,98.88,High
3404,0.89,Low
3405,0.48,Low
3406,2.03,Low
3407,0.34,Low
3408,0.2,Low
3409,1.2,Low
3410,0.9,Low
3411,0.73,Low
3412,0.34,Low
3413,0.77,Low
3414,0.36,Low
3415,0.9,Low
3416,99.51,High
3417,99.11,High
3418,0.63,Low
3419,99.01,High
3420,1.24,Low
3421,98.16,High
3422,1.05,Low
3423,99.42,High
3424,0.76,Low
3425,0.6,Low
3426,0.7,Low
3427,1.39,Low
3428,1.05,Low
3429,0.88,Low
3430,0.69,Low
3431,0.71,Low
3432,1.06,Low
3433,0.76,Low
3434,99.04,High
3435,0.23,Low
3436,97.37,High
3437,1.69,Low
3438,3.37,Low
3439,97.26,High
3440,0.65,Low
3441,2.16,Low
3442,98.63,High
3443,99.29,High
3444,99.38,High
3445,0.6,Low
3446,0.74,Low
3447,0.58,Low
3448,1.19,Low
3449,98.41,High
3450,99.04,High
3451,1.19,Low
3452,98.72,High
3453,1.65,Low
3454,1.44,Low
3455,98.82,High
3456,1.49,Low
3457,98.9,High
3458,0.88,Low
3459,0.3,Low
3460,1.48,Low
3461,0.62,Low
3462,98.58,High
3463,0.89,Low
3464,0.38,Low
3465,0.3,Low
3466,1.59,Low
3467,98.75,High
3468,1.08,Low
3469,0.39,Low
3470,2.26,Low
3471,0.77,Low
3472,1.48,Low
3473,1.26,Low
3474,1.62,Low
3475,99.24,High
3476,1.17,Low
3477,99.11,High
3478,99.57,High
3479,0.54,Low
3480,0.64,Low
3481,1.57,Low
3482,0.79,Low
3483,0.95,Low
3484,95.35,High
3485,2.43,Low
3486,0.54,Low
3487,0.91,Low
3488,97.62,High
3489,0.89,Low
3490,0.73,Low
3491,0.69,Low
3492,99.1,High
3493,99.5,High
3494,0.29,Low
3495,1.24,Low
3496,99.29,High
3497,1.05,Low
3498,1.26,Low
3499,0.48,Low
3500,2.2,Low
3501,0.77,Low
3502,0.82,Low
3503,0.56,Low
3504,0.62,Low
3505,99.22,High
3506,0.44,Low
3507,1.67,Low
3508,0.77,Low
3509,0.95,Low
3510,0.77,Low
3511,1.4,Low
3512,2.76,Low
3513,1.02,Low
3514,0.77,Low
3515,1.17,Low
3516,0.97,Low
3517,1.23,Low
3518,98.37,High
3519,2.22,Low
3520,0.84,Low
3521,0.57,Low
3522,98.26,High
3523,0.95,Low
3524,0.19,Low
3525,99.08,High
3526,1.2,Low
3527,97.56,High
3528,1.27,Low
3529,98.08,High
3530,0.71,Low
3531,1.52,Low
3532,99.32,High
3533,0.72,Low
3534,0.35,Low
3535,0.84,Low
3536,99.25,High
3537,0.88,Low
3538,0.6,Low
3539,1.31,Low
3540,1.61,Low
3541,1.06,Low
3542,0.41,Low
3543,1.53,Low
3544,0.81,Low
3545,0.32,Low
3546,0.95,Low
3547,1.35,Low
3548,0.35,Low
3549,1.44,Low
3550,1.3,Low
3551,0.58,Low
3552,1.3,Low
3553,98.44,High
3554,1.15,Low
3555,98.49,High
3556,2.35,Low
3557,1.48,Low
3558,99.03,High
3559,96.26,High
3560,0.39,Low
3561,0.97,Low
3562,1.1,Low
3563,0.73,Low
3564,1.12,Low
3565,99.29,High
3566,99.37,High
3567,99.25,High
3568,0.46,Low
3569,1.66,Low
3570,0.46,Low
3571,99.06,High
3572,2.54,Low
3573,0.88,Low
3574,2.2,Low
3575,0.75,Low
3576,99.33,High
3577,98.21,High
3578,1.53,Low
3579,5.32,Low
3580,99.15,High
3581,98.83,High
3582,0.29,Low
3583,0.86,Low
3584,99.45,High
3585,0.46,Low
3586,0.69,Low
3587,0.18,Low
3588,1.43,Low
3589,0.87,Low
3590,1.39,Low
3591,0.67,Low
3592,0.71,Low
3593,1.37,Low
3594,1.05,Low
3595,0.78,Low
3596,0.6,Low
3597,0.56,Low
3598,98.12,High
3599,98.08,High
3600,0.96,Low
3601,0.54,Low
3602,0.47,Low
3603,98.7,High
3604,0.46,Low
3605,1.82,Low
3606,0.76,Low
3607,1.67,Low
3608,0.34,Low
3609,0.35,Low
3610,1.17,Low
3611,1.01,Low
3612,99.23,High
3613,1.4,Low
3614,1.06,Low
3615,0.4,Low
3616,0.96,Low
3617,1.1,Low
3618,1.98,Low
3619,1.06,Low
3620,99.42,High
3621,0.54,Low
3622,98.94,High
3623,2.88,Low
3624,1.17,Low
3625,0.83,Low
3626,0.9,Low
3627,99.03,High
3628,98.65,High
3629,98.71,High
3630,2.22,Low
3631,0.46,Low
3632,99.42,High
3633,1.31,Low
3634,0.71,Low
3635,0.93,Low
3636,1.08,Low
3637,98.38,High
3638,99.38,High
3639,0.65,Low
3640,98.8,High
3641,98.82,High
3642,1.74,Low
3643,0.54,Low
3644,0.66,Low
3645,0.99,Low
3646,98.95,High
3647,1.26,Low
3648,0.6,Low
3649,1.3,Low
3650,1.63,Low
3651,99.45,High
3652,0.51,Low
3653,99.06,High
3654,1.36,Low
3655,98.87,High
3656,99.1,High
3657,0.71,Low
3658,0.88,Low
3659,99.36,High
3660,0.64,Low
3661,0.54,Low
3662,97.22,High
3663,1.19,Low
3664,97.68,High
3665,0.96,Low
3666,1.08,Low
3667,0.5,Low
3668,98.11,High
3669,1.27,Low
3670,1.19,Low
3671,0.91,Low
3672,0.29,Low
3673,0.33,Low
3674,0.51,Low
3675,0.65,Low
3676,1.48,Low
3677,0.36,Low
3678,1.05,Low
3679,0.65,Low
3680,2.13,Low
3681,1.11,Low
3682,3.31,Low
3683,98.97,High
3684,2.4,Low
3685,99.1,High
3686,1.46,Low
3687,1.24,Low
3688,98.84,High
3689,0.29,Low
3690,0.62,Low
3691,99.41,High
3692,98.65,High
3693,0.97,Low
3694,1.02,Low
3695,99.11,High
3696,0.7,Low
3697,0.52,Low
3698,0.54,Low
3699,99.29,High
3700,1.13,Low
3701,0.54,Low
3702,1.04,Low
3703,0.76,Low
3704,1.01,Low
3705,97.54,High
3706,0.84,Low
3707,0.91,Low
3708,99.18,High
3709,2.23,Low
3710,1.59,Low
3711,0.5,Low
3712,2.55,Low
3713,1.16,Low
3714,98.53,High
3715,0.39,Low
3716,0.6,Low
3717,99.01,High
3718,0.78,Low
3719,1.38,Low
3720,0.36,Low
3721,3.48,Low
3722,0.3,Low
3723,1.11,Low
3724,0.91,Low
3725,98.26,High
3726,0.86,Low
3727,98.97,High
3728,0.65,Low
3729,0.96,Low
3730,1.15,Low
3731,99.52,High
3732,0.57,Low
3733,0.61,Low
3734,0.19,Low
3735,0.15,Low
3736,1.01,Low
3737,0.49,Low
3738,0.3,Low
3739,1.35,Low
3740,97.11,High
3741,99.06,High
3742,0.89,Low
3743,99.71,High
3744,0.23,Low
3745,0.57,Low
3746,2.57,Low
3747,1.02,Low
3748,98.69,High
3749,0.8,Low
3750,1.93,Low
3751,1.25,Low
3752,99.06,High
3753,1.06,Low
3754,98.89,High
3755,99.49,High
3756,0.71,Low
3757,1.6,Low
3758,98.47,High
3759,99.22,High
3760,5.82,Low
3761,2.62,Low
3762,1.36,Low
3763,98.25,High
3764,97.26,High
3765,0.97,Low
3766,0.92,Low
3767,1.17,Low
3768,1.15,Low
3769,1.1,Low
3770,97.78,High
3771,97.05,High
3772,1.13,Low
3773,2.14,Low
3774,1.04,Low
3775,0.73,Low
3776,1.68,Low
3777,99.29,High
3778,98.54,High
3779,0.97,Low
3780,3.07,Low
3781,0.3,Low
3782,0.89,Low
3783,98.9,High
3784,0.92,Low
3785,0.87,Low
3786,0.45,Low
3787,0.73,Low
3788,0.43,Low
3789,2.29,Low
3790,1.68,Low
3791,99.0,High
3792,2.44,Low
3793,0.39,Low
3794,1.19,Low
3795,2.22,Low
3796,99.36,High
3797,0.85,Low
3798,98.51,High
3799,0.58,Low
3800,2.2,Low
3801,0.29,Low
3802,0.67,Low
3803,96.38,High
3804,1.05,Low
3805,1.62,Low
3806,0.37,Low
3807,0.9,Low
3808,97.8,High
3809,97.51,High
3810,0.72,Low
3811,1.01,Low
3812,99.24,High
3813,0.67,Low
3814,0.7,Low
3815,1.48,Low
3816,98.08,High
3817,0.71,Low
3818,0.9,Low
3819,1.53,Low
3820,0.72,Low
3821,98.54,High
3822,1.18,Low
3823,98.9,High
3824,1.52,Low
3825,99.27,High
3826,0.45,Low
3827,0.23,Low
3828,99.39,High
3829,0.77,Low
3830,0.35,Low
3831,98.86,High
3832,97.56,High
3833,1.09,Low
3834,1.33,Low
3835,98.99,High
3836,98.8,High
3837,0.74,Low
3838,1.88,Low
3839,0.77,Low
3840,1.29,Low
3841,0.65,Low
3842,99.31,High
3843,99.04,High
3844,95.81,High
3845,1.04,Low
3846,98.84,High
3847,0.74,Low
3848,0.4,Low
3849,0.89,Low
3850,1.15,Low
3851,0.78,Low
3852,99.1,High
3853,97.05,High
3854,0.45,Low
3855,0.4,Low
3856,0.43,Low
3857,99.49,High
3858,0.35,Low
3859,92.2,High
3860,0.51,Low
3861,0.23,Low
3862,0.23,Low
3863,99.32,High
3864,0.64,Low
3865,1.13,Low
3866,2.49,Low
3867,99.33,High
3868,98.68,High
3869,1.3,Low
3870,0.56,Low
3871,0.7,Low
3872,98.85,High
3873,1.53,Low
3874,1.1,Low
3875,99.59,High
3876,99.59,High
3877,1.07,Low
3878,1.57,Low
3879,0.97,Low
3880,1.05,Low
3881,0.89,Low
3882,98.65,High
3883,4.83,Low
3884,0.84,Low
3885,99.11,High
3886,0.3,Low
3887,1.51,Low
3888,0.67,Low
3889,99.07,High
3890,0.39,Low
3891,98.51,High
3892,1.59,Low
3893,1.82,Low
3894,98.9,High
3895,1.66,Low
3896,0.89,Low
3897,1.05,Low
3898,99.03,High
3899,0.46,Low
3900,96.69,High
3901,0.76,Low
3902,1.45,Low
3903,99.28,High
3904,98.82,High
3905,99.31,High
3906,1.82,Low
3907,0.69,Low
3908,0.46,Low
3909,4.56,Low
3910,98.35,High
3911,0.96,Low
3912,0.7,Low
3913,99.42,High
3914,1.44,Low
3915,0.86,Low
3916,97.22,High
3917,0.66,Low
3918,0.44,Low
3919,99.31,High
3920,97.15,High
3921,1.59,Low
3922,0.35,Low
3923,0.45,Low
3924,0.58,Low
3925,99.15,High
3926,1.0,Low
3927,0.48,Low
3928,0.24,Low
3929,0.29,Low
3930,98.95,High
3931,0.23,Low
3932,1.37,Low
3933,0.53,Low
3934,1.18,Low
3935,97.78,High
3936,2.4,Low
3937,1.25,Low
3938,1.45,Low
3939,0.6,Low
3940,1.97,Low
3941,0.64,Low
3942,98.88,High
3943,0.64,Low
3944,99.08,High
3945,99.68,High
3946,0.72,Low
3947,97.85,High
3948,1.26,Low
3949,1.27,Low
3950,99.16,High
3951,1.41,Low
3952,99.06,High
3953,1.41,Low
3954,0.79,Low
3955,0.87,Low
3956,0.83,Low
3957,0.13,Low
3958,1.16,Low
3959,99.13,High
3960,99.32,High
3961,1.11,Low
3962,0.92,Low
3963,98.95,High
3964,0.33,Low
3965,1.04,Low
3966,0.65,Low
3967,98.71,High
3968,0.71,Low
3969,99.08,High
3970,0.9,Low
3971,0.3,Low
3972,0.94,Low
3973,0.89,Low
3974,1.13,Low
3975,3.48,Low
3976,0.71,Low
3977,99.27,High
3978,99.39,High
3979,1.77,Low
3980,1.4,Low
3981,99.04,High
3982,2.35,Low
3983,0.32,Low
3984,99.41,High
3985,0.77,Low
3986,1.29,Low
3987,94.85,High
3988,98.53,High
3989,1.38,Low
3990,98.73,High
3991,1.44,Low
3992,1.12,Low
3993,0.69,Low
3994,99.01,High
3995,0.54,Low
3996,1.92,Low
3997,1.3,Low
3998,0.6,Low
3999,3.95,Low
4000,0.42,Low
4001,0.78,Low
4002,0.7,Low
4003,0.15,Low
4004,98.86,High
4005,98.89,High
4006,99.18,High
4007,0.93,Low
4008,98.55,High
4009,1.94,Low
4010,0.65,Low
4011,0.93,Low
4012,0.56,Low
4013,0.47,Low
4014,0.48,Low
4015,0.85,Low
4016,0.61,Low
4017,98.55,High
4018,97.56,High
4019,1.06,Low
4020,0.82,Low
4021,1.32,Low
4022,0.64,Low
4023,0.8,Low
4024,0.84,Low
4025,0.84,Low
4026,99.33,High
4027,0.77,Low
4028,98.07,High
4029,0.93,Low
4030,1.24,Low
4031,1.48,Low
4032,1.62,Low
4033,1.33,Low
4034,1.68,Low
4035,1.6,Low
4036,0.45,Low
4037,99.16,High
4038,95.38,High
4039,1.16,Low
4040,0.54,Low
4041,1.24,Low
4042,1.48,Low
4043,98.73,High
4044,98.86,High
4045,1.06,Low
4046,0.99,Low
4047,98.96,High
4048,97.86,High
4049,98.99,High
4050,99.37,High
4051,99.39,High
4052,99.5,High
4053,97.05,High
4054,1.07,Low
4055,0.96,Low
4056,99.25,High
4057,1.48,Low
4058,99.14,High
4059,1.55,Low
4060,0.69,Low
4061,99.07,High
4062,0.29,Low
4063,0.86,Low
4064,0.58,Low
4065,2.35,Low
4066,1.62,Low
4067,99.64,High
4068,0.35,Low
4069,1.38,Low
4070,1.15,Low
4071,0.74,Low
4072,0.96,Low
4073,98.2,High
4074,1.6,Low
4075,1.88,Low
4076,0.64,Low
4077,99.23,High
4078,98.77,High
4079,0.94,Low
4080,99.11,High
4081,1.48,Low
4082,95.38,High
4083,1.05,Low
4084,3.86,Low
4085,1.32,Low
4086,0.65,Low
4087,98.84,High
4088,1.21,Low
4089,0.78,Low
4090,0.89,Low
4091,1.55,Low
4092,0.19,Low
4093,0.28,Low
4094,0.84,Low
4095,0.69,Low
4096,1.79,Low
4097,99.11,High
4098,99.26,High
4099,0.87,Low
4100,98.64,High
4101,1.49,Low
4102,98.49,High
4103,0.89,Low
4104,0.47,Low
4105,0.23,Low
4106,99.27,High
4107,0.83,Low
4108,1.02,Low
4109,98.41,High
4110,0.6,Low
4111,0.91,Low
4112,0.92,Low
4113,99.28,High
4114,1.88,Low
4115,1.34,Low
4116,98.94,High
4117,0.66,Low
4118,1.02,Low
4119,98.63,High
4120,98.56,High
4121,98.99,High
4122,98.99,High
4123,0.95,Low
4124,1.6,Low
4125,99.51,High
4126,99.14,High
4127,1.51,Low
4128,2.53,Low
4129,1.64,Low
4130,0.19,Low
4131,99.01,High
4132,2.24,Low
4133,98.8,High
4134,99.57,High
4135,0.51,Low
4136,1.18,Low
4137,99.08,High
4138,1.29,Low
4139,1.76,Low
4140,1.41,Low
4141,99.32,High
4142,96.96,High
4143,98.9,High
4144,98.38,High
4145,0.79,Low
4146,99.41,High
4147,0.66,Low
4148,1.27,Low
4149,98.98,High
4150,2.29,Low
4151,1.19,Low
4152,0.23,Low
4153,1.15,Low
4154,1.2,Low
4155,1.05,Low
4156,1.05,Low
4157,98.41,High
4158,0.65,Low
4159,3.46,Low
4160,0.81,Low
4161,1.33,Low
4162,0.7,Low
4163,0.85,Low
4164,0.51,Low
4165,1.36,Low
4166,0.91,Low
4167,98.26,High
4168,0.86,Low
4169,1.26,Low
4170,1.96,Low
4171,1.16,Low
4172,0.86,Low
4173,0.75,Low
4174,98.99,High
4175,97.54,High
4176,98.29,High
4177,99.28,High
4178,1.43,Low
4179,0.87,Low
4180,98.41,High
4181,2.88,Low
4182,99.16,High
4183,1.59,Low
4184,98.65,High
4185,0.43,Low
4186,2.14,Low
4187,98.87,High
4188,0.52,Low
4189,0.64,Low
4190,98.86,High
4191,0.69,Low
4192,1.41,Low
4193,0.45,Low
4194,98.53,High
4195,99.41,High
4196,2.62,Low
4197,1.2,Low
4198,0.46,Low
4199,96.15,High
4200,99.1,High
4201,0.79,Low
4202,0.64,Low
4203,97.26,High
4204,98.99,High
4205,99.11,High
4206,0.86,Low
4207,0.72,Low
4208,0.54,Low
4209,0.87,Low
4210,0.37,Low
4211,0.83,Low
4212,0.92,Low
4213,1.02,Low
4214,0.58,Low
4215,99.12,High
4216,1.57,Low
4217,98.35,High
4218,98.48,High
4219,0.31,Low
4220,0.54,Low
4221,1.08,Low
4222,0.83,Low
4223,98.96,High
4224,0.34,Low
4225,98.57,High
4226,98.95,High
4227,0.65,Low
4228,98.94,High
4229,0.12,Low
4230,2.12,Low
4231,0.63,Low
4232,0.97,Low
4233,1.02,Low
4234,98.68,High
4235,98.21,High
4236,98.51,High
4237,0.6,Low
4238,1.08,Low
4239,0.52,Low
4240,99.31,High
4241,99.31,High
4242,0.74,Low
4243,99.07,High
4244,0.91,Low
4245,99.41,High
4246,0.7,Low
4247,0.76,Low
4248,99.06,High
4249,1.36,Low
4250,0.81,Low
4251,1.65,Low
4252,98.94,High
4253,1.09,Low
4254,2.15,Low
4255,1.16,Low
4256,1.8,Low
4257,1.17,Low
4258,98.08,High
4259,1.65,Low
4260,0.32,Low
4261,0.63,Low
4262,1.69,Low
4263,0.82,Low
4264,0.64,Low
4265,98.37,High
4266,1.6,Low
4267,0.9,Low
4268,98.52,High
4269,99.37,High
4270,99.17,High
4271,1.3,Low
4272,1.02,Low
4273,0.95,Low
4274,99.04,High
4275,0.88,Low
4276,1.08,Low
4277,98.71,High
4278,0.88,Low
4279,99.35,High
4280,0.49,Low
4281,0.14,Low
4282,1.26,Low
4283,0.65,Low
4284,96.26,High
4285,98.73,High
4286,0.72,Low
4287,0.23,Low
4288,1.26,Low
4289,1.55,Low
4290,1.44,Low
4291,97.56,High
4292,0.77,Low
4293,1.15,Low
4294,0.64,Low
4295,98.37,High
4296,97.93,High
4297,99.51,High
4298,1.04,Low
4299,99.04,High
4300,99.06,High
4301,99.19,High
4302,0.3,Low
4303,0.48,Low
4304,2.01,Low
4305,99.35,High
4306,0.69,Low
4307,1.01,Low
4308,1.51,Low
4309,99.01,High
4310,0.8,Low
4311,1.09,Low
4312,0.88,Low
4313,1.6,Low
4314,99.11,High
4315,0.89,Low
4316,0.73,Low
4317,1.54,Low
4318,1.08,Low
4319,1.62,Low
4320,0.73,Low
4321,2.09,Low
4322,0.56,Low
4323,0.94,Low
4324,98.95,High
4325,0.3,Low
4326,0.77,Low
4327,0.77,Low
4328,1.12,Low
4329,99.01,High
4330,0.46,Low
4331,2.86,Low
4332,1.0,Low
4333,1.94,Low
4334,0.74,Low
4335,98.41,High
4336,98.88,High
4337,1.46,Low
4338,0.75,Low
4339,0.23,Low
4340,0.58,Low
4341,1.48,Low
4342,98.16,High
4343,1.63,Low
4344,0.35,Low
4345,99.41,High
4346,98.96,High
4347,0.44,Low
4348,1.01,Low
4349,0.65,Low
4350,98.84,High
4351,0.29,Low
4352,0.65,Low
4353,0.48,Low
4354,98.51,High
4355,0.72,Low
4356,0.85,Low
4357,0.43,Low
4358,0.39,Low
4359,1.37,Low
4360,0.85,Low
4361,0.87,Low
4362,1.37,Low
4363,1.29,Low
4364,1.67,Low
4365,2.55,Low
4366,98.72,High
4367,99.08,High
4368,1.15,Low
4369,97.81,High
4370,0.49,Low
4371,99.12,High
4372,98.41,High
4373,1.01,Low
4374,1.29,Low
4375,98.95,High
4376,97.39,High
4377,0.96,Low
4378,0.14,Low
4379,99.13,High
4380,0.83,Low
4381,0.5,Low
4382,97.55,High
4383,96.69,High
4384,0.49,Low
4385,0.56,Low
4386,1.81,Low
4387,0.6,Low
4388,1.91,Low
4389,0.41,Low
4390,99.13,High
4391,2.32,Low
4392,1.12,Low
4393,0.63,Low
4394,97.62,High
4395,1.77,Low
4396,1.1,Low
4397,0.56,Low
4398,99.18,High
4399,0.6,Low
4400,0.84,Low
4401,98.8,High
4402,0.34,Low
4403,0.79,Low
4404,97.78,High
4405,0.69,Low
4406,99.25,High
4407,0.86,Low
4408,0.51,Low
4409,99.37,High
4410,98.78,High
4411,99.29,High
4412,1.59,Low
4413,1.36,Low
4414,98.51,High
4415,98.7,High
4416,97.75,High
4417,0.45,Low
4418,99.68,High
4419,99.14,High
4420,0.91,Low
4421,0.78,Low
4422,99.14,High
4423,98.67,High
4424,0.81,Low
4425,0.29,Low
4426,97.86,High
4427,0.96,Low
4428,1.02,Low
4429,0.99,Low
4430,1.05,Low
4431,1.47,Low
4432,0.44,Low
4433,98.53,High
4434,1.66,Low
4435,1.19,Low
4436,0.71,Low
4437,0.23,Low
4438,2.4,Low
4439,93.98,High
4440,0.89,Low
4441,2.4,Low
4442,0.64,Low
4443,1.39,Low
4444,1.15,Low
4445,98.73,High
4446,99.06,High
4447,1.23,Low
4448,99.29,High
4449,99.28,High
4450,0.9,Low
4451,0.53,Low
4452,0.72,Low
4453,0.34,Low
4454,0.27,Low
4455,98.25,High
4456,99.1,High
4457,1.64,Low
4458,99.32,High
4459,1.6,Low
4460,0.89,Low
4461,1.29,Low
4462,1.09,Low
4463,0.62,Low
4464,0.43,Low
4465,1.08,Low
4466,2.07,Low
4467,1.41,Low
4468,98.6,High
4469,0.15,Low
4470,98.95,High
4471,1.69,Low
4472,3.37,Low
4473,98.64,High
4474,0.36,Low
4475,99.04,High
4476,99.52,High
4477,0.54,Low
4478,1.04,Low
4479,99.64,High
4480,0.36,Low
4481,98.75,High
4482,99.43,High
4483,1.06,Low
4484,0.91,Low
4485,0.77,Low
4486,1.23,Low
4487,0.35,Low
4488,0.54,Low
4489,99.45,High
4490,1.01,Low
4491,1.13,Low
4492,1.21,Low
4493,0.74,Low
4494,0.71,Low
4495,2.29,Low
4496,1.04,Low
4497,1.39,Low
4498,93.98,High
4499,4.56,Low
4500,99.37,High
4501,1.89,Low
4502,97.75,High
4503,98.86,High
4504,1.05,Low
4505,1.7,Low
4506,99.37,High
4507,0.44,Low
4508,0.63,Low
4509,0.79,Low
4510,98.56,High
4511,0.58,Low
4512,1.29,Low
4513,1.42,Low
4514,99.51,High
4515,1.05,Low
4516,0.6,Low
4517,0.95,Low
4518,0.84,Low
4519,0.65,Low
4520,0.88,Low
4521,1.02,Low
4522,2.85,Low
4523,97.08,High
4524,0.41,Low
4525,0.73,Low
4526,0.65,Low
4527,0.56,Low
4528,1.98,Low
4529,1.67,Low
4530,98.38,High
4531,98.8,High
4532,0.9,Low
4533,0.51,Low
4534,1.73,Low
4535,0.77,Low
4536,0.94,Low
4537,0.89,Low
4538,99.06,High
4539,1.06,Low
4540,1.44,Low
4541,0.75,Low
4542,0.57,Low
4543,1.44,Low
4544,99.13,High
4545,1.02,Low
4546,98.52,High
4547,0.86,Low
4548,0.54,Low
4549,99.32,High
4550,98.68,High
4551,3.11,Low
4552,1.85,Low
4553,1.12,Low
4554,1.31,Low
4555,1.47,Low
4556,1.39,Low
4557,1.01,Low
4558,98.85,High
4559,1.44,Low
4560,1.98,Low
4561,99.28,High
4562,98.88,High
4563,1.34,Low
4564,0.92,Low
4565,0.87,Low
4566,99.03,High
4567,1.02,Low
4568,1.69,Low
4569,0.8,Low
4570,98.55,High
4571,1.06,Low
4572,0.38,Low
4573,1.79,Low
4574,99.33,High
4575,1.25,Low
4576,0.63,Low
4577,0.3,Low
4578,1.6,Low
4579,1.02,Low
4580,0.57,Low
4581,0.6,Low
4582,99.23,High
4583,1.77,Low
4584,99.38,High
4585,99.49,High
4586,0.94,Low
4587,1.47,Low
4588,0.65,Low
4589,3.31,Low
4590,97.53,High
4591,99.38,High
4592,99.08,High
4593,0.41,Low
4594,0.77,Low
4595,98.96,High
4596,99.47,High
4597,99.09,High
4598,99.04,High
4599,1.07,Low
4600,99.42,High
4601,98.42,High
4602,98.9,High
4603,0.31,Low
4604,0.81,Low
4605,97.22,High
4606,98.41,High
4607,1.24,Low
4608,0.78,Low
4609,2.24,Low
4610,1.29,Low
4611,0.89,Low
4612,99.55,High
4613,98.56,High
4614,0.84,Low
4615,1.41,Low
4616,0.87,Low
4617,2.35,Low
4618,0.91,Low
4619,1.03,Low
4620,99.15,High
4621,2.43,Low
4622,1.92,Low
4623,98.2,High
4624,0.62,Low
4625,1.92,Low
4626,0.97,Low
4627,0.41,Low
4628,99.63,High
4629,0.23,Low
4630,1.31,Low
4631,0.46,Low
4632,0.73,Low
4633,1.63,Low
4634,99.42,High
4635,1.89,Low
4636,0.91,Low
4637,1.36,Low
4638,0.39,Low
4639,98.08,High
4640,2.26,Low
4641,0.49,Low
4642,0.69,Low
4643,99.33,High
4644,0.96,Low
4645,0.6,Low
4646,98.71,High
4647,1.08,Low
4648,0.42,Low
4649,95.81,High
4650,0.4,Low
4651,98.98,High
4652,0.67,Low
4653,0.9,Low
4654,0.35,Low
4655,99.19,High
4656,98.63,High
4657,0.58,Low
4658,98.35,High
4659,0.45,Low
4660,1.43,Low
4661,0.64,Low
4662,0.5,Low
4663,1.85,Low
4664,0.44,Low
4665,97.62,High
4666,1.07,Low
4667,0.78,Low
4668,1.27,Low
4669,1.08,Low
4670,99.49,High
4671,1.83,Low
4672,0.74,Low
4673,98.69,High
4674,98.94,High
4675,0.57,Low
4676,98.35,High
4677,2.14,Low
4678,0.63,Low
4679,0.72,Low
4680,0.47,Low
4681,0.25,Low
4682,99.38,High
4683,1.74,Low
4684,1.7,Low
4685,0.57,Low
4686,99.33,High
4687,99.16,High
4688,0.94,Low
4689,99.39,High
4690,1.32,Low
4691,0.76,Low
4692,1.57,Low
4693,0.9,Low
4694,0.43,Low
4695,0.89,Low
4696,0.32,Low
4697,0.97,Low
4698,1.28,Low
4699,0.56,Low
4700,0.78,Low
4701,98.75,High
4702,0.81,Low
4703,0.71,Low
4704,99.64,High
4705,1.21,Low
4706,97.74,High
4707,0.45,Low
4708,0.39,Low
4709,97.22,High
4710,98.99,High
4711,0.93,Low
4712,0.9,Low
4713,98.84,High
4714,0.96,Low
4715,0.86,Low
4716,2.2,Low
4717,0.77,Low
4718,2.04,Low
4719,1.19,Low
4720,0.81,Low
4721,99.11,High
4722,0.66,Low
4723,1.23,Low
4724,99.1,High
4725,0.94,Low
4726,0.29,Low
4727,98.52,High
4728,1.39,Low
4729,0.58,Low
4730,1.72,Low
4731,1.82,Low
4732,1.6,Low
4733,0.68,Low
4734,99.04,High
4735,99.15,High
4736,0.77,Low
4737,99.44,High
4738,0.66,Low
4739,1.17,Low
4740,0.95,Low
4741,99.42,High
4742,98.37,High
4743,1.92,Low
4744,98.0,High
4745,1.55,Low
4746,0.77,Low
4747,96.81,High
4748,0.31,Low
4749,0.91,Low
4750,0.19,Low
4751,0.94,Low
4752,98.65,High
4753,1.16,Low
4754,2.32,Low
4755,1.35,Low
4756,0.79,Low
4757,2.85,Low
4758,99.04,High
4759,1.21,Low
4760,98.53,High
4761,1.81,Low
4762,0.35,Low
4763,0.74,Low
4764,1.48,Low
4765,0.63,Low
4766,99.09,High
4767,0.47,Low
4768,0.75,Low
4769,97.22,High
4770,0.41,Low
4771,0.51,Low
4772,0.8,Low
4773,99.71,High
4774,2.13,Low
4775,0.58,Low
4776,0.37,Low
4777,0.45,Low
4778,2.24,Low
4779,1.05,Low
4780,99.47,High
4781,2.44,Low
4782,98.84,High
4783,0.51,Low
4784,2.22,Low
4785,0.45,Low
4786,1.42,Low
4787,0.96,Low
4788,97.23,High
4789,0.89,Low
4790,1.75,Low
4791,0.7,Low
4792,1.81,Low
4793,99.32,High
4794,0.48,Low
4795,1.92,Low
4796,1.39,Low
4797,0.7,Low
4798,1.5,Low
4799,0.44,Low
4800,0.35,Low
4801,0.78,Low
4802,0.88,Low
4803,0.9,Low
4804,0.85,Low
4805,1.66,Low
4806,99.42,High
4807,1.88,Low
4808,0.36,Low
4809,0.44,Low
4810,99.08,High
4811,0.54,Low
4812,1.98,Low
4813,0.74,Low
4814,0.95,Low
4815,0.72,Low
4816,1.0,Low
4817,1.03,Low
4818,0.61,Low
4819,1.19,Low
4820,1.57,Low
4821,98.8,High
4822,1.09,Low
4823,99.16,High
4824,0.32,Low
4825,2.71,Low
4826,1.29,Low
4827,1.57,Low
4828,0.57,Low
4829,0.39,Low
4830,0.63,Low
4831,1.4,Low
4832,99.26,High
4833,99.28,High
4834,0.84,Low
4835,1.53,Low
4836,99.23,High
4837,1.21,Low
4838,2.26,Low
4839,99.32,High
4840,0.78,Low
4841,99.08,High
4842,0.88,Low
4843,0.57,Low
4844,1.41,Low
4845,2.29,Low
4846,98.56,High
4847,0.66,Low
4848,0.93,Low
4849,1.74,Low
4850,0.51,Low
4851,99.39,High
4852,1.48,Low
4853,0.91,Low
4854,99.42,High
4855,98.0,High
4856,98.64,High
4857,2.4,Low
4858,1.6,Low
4859,1.0,Low
4860,1.37,Low
4861,0.32,Low
4862,98.16,High
4863,99.23,High
4864,0.97,Low
4865,99.63,High
4866,1.29,Low
4867,1.55,Low
4868,0.14,Low
4869,1.04,Low
4870,0.66,Low
4871,0.3,Low
4872,1.19,Low
4873,0.26,Low
4874,0.46,Low
4875,0.12,Low
4876,1.74,Low
4877,1.53,Low
4878,1.19,Low
4879,99.41,High
4880,0.64,Low
4881,2.14,Low
4882,0.9,Low
4883,99.14,High
4884,0.3,Low
4885,1.01,Low
4886,97.55,High
4887,0.77,Low
4888,1.21,Low
4889,0.21,Low
4890,1.59,Low
4891,98.63,High
4892,0.34,Low
4893,0.47,Low
4894,1.34,Low
4895,1.2,Low
4896,1.48,Low
4897,1.44,Low
4898,0.77,Low
4899,0.46,Low
4900,2.04,Low
4901,0.35,Low
4902,0.81,Low
4903,0.86,Low
4904,0.54,Low
4905,97.54,High
4906,0.81,Low
4907,0.54,Low
4908,0.39,Low
4909,0.43,Low
4910,0.23,Low
4911,1.5,Low
4912,93.98,High
4913,0.77,Low
4914,1.23,Low
4915,99.07,High
4916,99.23,High
4917,99.51,High
4918,0.43,Low
4919,2.55,Low
4920,1.44,Low
4921,98.69,High
4922,0.8,Low
4923,1.8,Low
4924,0.54,Low
4925,3.12,Low
4926,1.75,Low
4927,0.36,Low
4928,2.35,Low
4929,0.66,Low
4930,98.99,High
4931,0.66,Low
4932,99.49,High
4933,97.81,High
4934,1.08,Low
4935,2.12,Low
4936,3.11,Low
4937,0.74,Low
4938,0.65,Low
4939,0.69,Low
4940,1.04,Low
4941,2.02,Low
4942,1.13,Low
4943,2.46,Low
4944,98.29,High
4945,0.74,Low
4946,0.87,Low
4947,1.39,Low
4948,0.66,Low
4949,99.25,High
4950,0.71,Low
4951,1.51,Low
4952,1.92,Low
4953,1.47,Low
4954,0.58,Low
4955,99.1,High
4956,0.45,Low
4957,1.42,Low
4958,0.75,Low
4959,99.14,High
4960,1.83,Low
4961,0.64,Low
4962,1.24,Low
4963,99.43,High
4964,0.92,Low
4965,0.79,Low
4966,0.73,Low
4967,91.25,High
4968,98.77,High
4969,97.08,High
4970,0.75,Low
4971,0.91,Low
4972,0.15,Low
4973,97.05,High
4974,0.41,Low
4975,0.12,Low
4976,0.45,Low
4977,0.83,Low
4978,99.04,High
4979,98.69,High
4980,2.14,Low
4981,0.21,Low
4982,1.05,Low
4983,1.3,Low
4984,1.77,Low
4985,97.11,High
4986,1.05,Low
4987,1.06,Low
4988,99.31,High
4989,2.35,Low
4990,1.06,Low
4991,1.8,Low
4992,98.53,High
4993,98.55,High
4994,0.89,Low
4995,98.82,High
4996,99.39,High
4997,1.31,Low
4998,98.56,High
4999,0.97,Low
5000,97.62,High
5001,1.02,Low
5002,0.57,Low
5003,1.09,Low
5004,1.2,Low
5005,99.51,High
5006,0.34,Low
5007,0.35,Low
5008,0.51,Low
5009,0.47,Low
5010,0.35,Low
5011,0.56,Low
5012,0.56,Low
5013,1.6,Low
5014,93.98,High
5015,1.67,Low
5016,0.23,Low
5017,99.17,High
5018,1.15,Low
5019,0.91,Low
5020,0.54,Low
5021,0.36,Low
5022,0.45,Low
5023,99.38,High
5024,0.89,Low
5025,1.13,Low
5026,0.57,Low
5027,0.54,Low
5028,1.02,Low
5029,0.66,Low
5030,0.71,Low
5031,99.1,High
5032,0.49,Low
5033,99.04,High
5034,0.82,Low
5035,0.15,Low
5036,0.19,Low
5037,0.47,Low
5038,0.84,Low
5039,99.47,High
5040,1.5,Low
5041,97.89,High
5042,0.15,Low
5043,0.36,Low
5044,96.77,High
5045,98.54,High
5046,98.95,High
5047,0.65,Low
5048,98.16,High
5049,98.94,High
5050,98.22,High
5051,0.21,Low
5052,0.71,Low
5053,0.9,Low
5054,4.24,Low
5055,98.71,High
5056,98.71,High
5057,1.3,Low
5058,1.42,Low
5059,0.78,Low
5060,1.92,Low
5061,2.91,Low
5062,1.59,Low
5063,99.36,High
5064,1.6,Low
5065,0.28,Low
5066,1.65,Low
5067,2.26,Low
5068,1.26,Low
5069,0.56,Low
5070,1.09,Low
5071,1.09,Low
5072,2.01,Low
5073,98.56,High
5074,98.08,High
5075,0.46,Low
5076,12.5,Low
5077,99.07,High
5078,1.69,Low
5079,0.5,Low
5080,98.6,High
5081,0.46,Low
5082,0.27,Low
5083,1.13,Low
5084,0.88,Low
5085,98.56,High
5086,1.76,Low
5087,0.6,Low
5088,99.41,High
5089,98.63,High
5090,1.08,Low
5091,0.9,Low
5092,98.72,High
5093,99.32,High
5094,0.7,Low
5095,0.92,Low
5096,0.96,Low
5097,1.27,Low
5098,1.17,Low
5099,0.64,Low
5100,0.68,Low
5101,0.37,Low
5102,1.1,Low
5103,1.02,Low
5104,0.93,Low
5105,98.66,High
5106,0.79,Low
5107,1.19,Low
5108,0.93,Low
5109,2.4,Low
5110,1.05,Low
5111,99.11,High
5112,98.08,High
5113,0.57,Low
5114,1.05,Low
5115,1.32,Low
5116,99.06,High
5117,99.14,High
5118,1.21,Low
5119,1.19,Low
5120,1.51,Low
5121,98.8,High
5122,0.75,Low
5123,2.41,Low
5124,99.71,High
5125,99.04,High
5126,0.62,Low
5127,98.9,High
5128,99.06,High
5129,0.79,Low
5130,0.66,Low
5131,0.88,Low
5132,2.53,Low
5133,0.77,Low
5134,1.77,Low
5135,0.77,Low
5136,0.52,Low
5137,1.21,Low
5138,0.43,Low
5139,0.51,Low
5140,0.64,Low
5141,1.52,Low
5142,1.48,Low
5143,0.91,Low
5144,0.84,Low
5145,1.7,Low
5146,0.92,Low
5147,0.69,Low
5148,98.72,High
5149,99.01,High
5150,1.08,Low
5151,0.21,Low
5152,1.38,Low
5153,1.62,Low
5154,99.06,High
5155,98.22,High
5156,1.59,Low
5157,1.2,Low
5158,99.33,High
5159,0.93,Low
5160,0.62,Low
5161,0.65,Low
5162,99.38,High
5163,4.48,Low
5164,98.54,High
5165,0.64,Low
5166,1.67,Low
5167,99.14,High
5168,0.16,Low
5169,1.21,Low
5170,1.4,Low
5171,98.41,High
5172,98.84,High
5173,0.44,Low
5174,97.51,High
5175,0.57,Low
5176,99.11,High
5177,0.35,Low
5178,0.83,Low
5179,0.74,Low
5180,97.56,High
5181,0.75,Low
5182,0.72,Low
5183,0.56,Low
5184,2.49,Low
5185,2.22,Low
5186,1.06,Low
5187,0.75,Low
5188,0.56,Low
5189,95.9,High
5190,0.79,Low
5191,3.31,Low
5192,99.06,High
5193,1.17,Low
5194,99.15,High
5195,1.65,Low
5196,0.41,Low
5197,98.77,High
5198,2.07,Low
5199,96.77,High
5200,0.38,Low
5201,1.19,Low
5202,0.39,Low
5203,99.1,High
5204,2.44,Low
5205,0.36,Low
5206,0.9,Low
5207,1.41,Low
5208,99.37,High
5209,1.1,Low
5210,1.96,Low
5211,0.63,Low
5212,0.58,Low
5213,98.69,High
5214,1.19,Low
5215,0.82,Low
5216,1.05,Low
5217,0.47,Low
5218,0.89,Low
5219,0.53,Low
5220,0.58,Low
5221,1.55,Low
5222,2.24,Low
5223,0.36,Low
5224,1.05,Low
5225,0.72,Low
5226,2.48,Low
5227,1.06,Low
5228,98.71,High
5229,0.46,Low
5230,99.04,High
5231,1.2,Low
5232,0.4,Low
5233,99.31,High
5234,0.41,Low
5235,0.57,Low
5236,1.54,Low
5237,1.43,Low
5238,0.63,Low
5239,99.37,High
5240,98.53,High
5241,98.54,High
5242,99.16,High
5243,2.38,Low
5244,0.89,Low
5245,99.29,High
5246,0.75,Low
5247,1.07,Low
5248,1.5,Low
5249,1.59,Low
5250,0.74,Low
5251,1.28,Low
5252,0.8,Low
5253,99.32,High
5254,1.69,Low
5255,98.73,High
5256,0.9,Low
5257,99.17,High
5258,99.18,High
5259,0.35,Low
5260,0.46,Low
5261,0.86,Low
5262,0.35,Low
5263,98.99,High
5264,1.28,Low
5265,1.43,Low
5266,0.81,Low
5267,1.48,Low
5268,97.53,High
5269,0.57,Low
5270,0.34,Low
5271,1.04,Low
5272,1.46,Low
5273,3.37,Low
5274,0.69,Low
5275,98.77,High
5276,0.76,Low
5277,97.37,High
5278,0.66,Low
5279,0.92,Low
5280,1.08,Low
5281,0.45,Low
5282,0.35,Low
5283,0.89,Low
5284,2.6,Low
5285,0.72,Low
5286,1.07,Low
5287,99.01,High
5288,0.93,Low
5289,99.15,High
5290,1.02,Low
5291,0.58,Low
5292,0.64,Low
5293,1.48,Low
5294,99.06,High
5295,0.63,Low
5296,0.92,Low
5297,0.79,Low
5298,0.47,Low
5299,0.36,Low
5300,1.77,Low
5301,0.89,Low
5302,1.48,Low
5303,98.9,High
5304,0.68,Low
5305,0.52,Low
5306,0.62,Low
5307,1.02,Low
5308,99.68,High
5309,98.99,High
5310,98.95,High
5311,99.04,High
5312,99.09,High
5313,0.15,Low
5314,1.82,Low
5315,0.47,Low
5316,0.24,Low
5317,2.32,Low
5318,1.12,Low
5319,1.07,Low
5320,3.92,Low
5321,2.44,Low
5322,0.65,Low
5323,0.58,Low
5324,2.55,Low
5325,1.13,Low
5326,0.67,Low
5327,0.73,Low
5328,1.09,Low
5329,99.16,High
5330,1.34,Low
5331,0.21,Low
5332,0.58,Low
5333,1.06,Low
5334,0.97,Low
5335,0.87,Low
5336,0.87,Low
5337,1.27,Low
5338,99.64,High
5339,0.96,Low
5340,0.58,Low
5341,2.15,Low
5342,1.93,Low
5343,99.13,High
5344,0.73,Low
5345,2.0,Low
5346,1.05,Low
5347,0.64,Low
5348,99.31,High
5349,99.16,High
5350,1.24,Low
5351,0.51,Low
5352,1.46,Low
5353,98.8,High
5354,1.29,Low
5355,1.12,Low
5356,0.43,Low
5357,0.82,Low
5358,98.9,High
5359,0.43,Low
5360,99.51,High
5361,2.01,Low
5362,98.83,High
5363,0.84,Low
5364,98.0,High
5365,99.08,High
5366,1.31,Low
5367,1.05,Low
5368,97.89,High
5369,0.29,Low
5370,98.69,High
5371,0.84,Low
5372,97.74,High
5373,98.52,High
5374,1.06,Low
5375,98.73,High
5376,0.91,Low
5377,0.6,Low
5378,99.1,High
5379,2.01,Low
5380,0.95,Low
5381,0.9,Low
5382,98.16,High
5383,0.82,Low
5384,98.53,High
5385,98.8,High
5386,0.64,Low
5387,0.57,Low
5388,0.47,Low
5389,0.51,Low
5390,98.79,High
5391,1.01,Low
5392,0.52,Low
5393,0.57,Low
5394,0.94,Low
5395,0.87,Low
5396,1.31,Low
5397,1.33,Low
5398,0.64,Low
5399,1.24,Low
5400,0.2,Low
5401,0.9,Low
5402,0.43,Low
5403,0.87,Low
5404,1.18,Low
5405,99.25,High
5406,1.03,Low
5407,0.66,Low
5408,0.47,Low
5409,0.55,Low
5410,0.71,Low
5411,99.59,High
5412,1.6,Low
5413,1.92,Low
5414,1.37,Low
5415,98.65,High
5416,98.69,High
5417,1.29,Low
5418,1.05,Low
5419,1.55,Low
5420,2.32,Low
5421,1.1,Low
5422,98.82,High
5423,0.91,Low
5424,99.13,High
5425,1.19,Low
5426,98.71,High
5427,99.03,High
5428,0.94,Low
5429,0.67,Low
5430,1.4,Low
5431,1.15,Low
5432,1.37,Low
5433,99.43,High
5434,1.41,Low
5435,99.45,High
5436,0.73,Low
5437,0.39,Low
5438,1.02,Low
5439,0.86,Low
5440,0.23,Low
5441,1.84,Low
5442,1.04,Low
5443,99.33,High
5444,99.47,High
5445,0.15,Low
5446,1.19,Low
5447,1.25,Low
5448,0.58,Low
5449,0.9,Low
5450,0.45,Low
5451,98.98,High
5452,0.7,Low
5453,0.51,Low
5454,1.65,Low
5455,0.54,Low
5456,1.59,Low
5457,0.64,Low
5458,99.18,High
5459,0.61,Low
5460,0.13,Low
5461,98.94,High
5462,1.17,Low
5463,0.34,Low
5464,0.57,Low
5465,0.63,Low
5466,99.23,High
5467,0.76,Low
5468,99.71,High
5469,96.38,High
5470,99.13,High
5471,0.58,Low
5472,0.95,Low
5473,98.57,High
5474,0.27,Low
5475,0.91,Low
5476,1.24,Low
5477,0.87,Low
5478,0.68,Low
5479,0.44,Low
5480,1.35,Low
5481,99.71,High
5482,0.85,Low
5483,2.02,Low
5484,99.51,High
5485,0.36,Low
5486,99.37,High
5487,0.46,Low
5488,99.04,High
5489,2.01,Low
5490,99.03,High
5491,0.77,Low
5492,1.73,Low
5493,99.25,High
5494,1.06,Low
5495,0.47,Low
5496,0.78,Low
5497,1.82,Low
5498,1.15,Low
5499,0.64,Low
5500,0.73,Low
5501,0.46,Low
5502,99.19,High
5503,98.95,High
5504,1.21,Low
5505,1.21,Low
5506,2.04,Low
5507,0.9,Low
5508,97.39,High
5509,0.44,Low
5510,0.61,Low
5511,0.61,Low
5512,0.45,Low
5513,0.94,Low
5514,97.05,High
5515,98.6,High
5516,0.76,Low
5517,99.11,High
5518,0.37,Low
5519,1.06,Low
5520,4.83,Low
5521,99.43,High
5522,99.14,High
5523,99.27,High
5524,99.04,High
5525,2.06,Low
5526,98.78,High
5527,0.72,Low
5528,0.78,Low
5529,1.72,Low
5530,99.44,High
5531,1.06,Low
5532,0.58,Low
5533,0.73,Low
5534,97.39,High
5535,99.47,High
5536,0.89,Low
5537,1.57,Low
5538,0.6,Low
5539,0.55,Low
5540,99.0,High
5541,1.6,Low
5542,0.35,Low
5543,0.74,Low
5544,0.44,Low
5545,99.37,High
5546,99.28,High
5547,98.85,High
5548,99.33,High
5549,2.35,Low
5550,1.22,Low
5551,1.74,Low
5552,0.54,Low
5553,98.53,High
5554,99.09,High
5555,1.29,Low
5556,98.76,High
5557,1.05,Low
5558,99.24,High
5559,2.46,Low
5560,0.72,Low
5561,0.15,Low
5562,0.39,Low
5563,2.57,Low
5564,0.77,Low
5565,98.99,High
5566,0.86,Low
5567,99.28,High
5568,98.75,High
5569,99.32,High
5570,1.24,Low
5571,98.37,High
5572,0.98,Low
5573,0.41,Low
5574,99.16,High
5575,0.49,Low
5576,0.35,Low
5577,0.49,Low
5578,1.3,Low
5579,0.88,Low
5580,0.37,Low
5581,99.11,High
5582,1.0,Low
5583,1.05,Low
5584,99.26,High
5585,99.11,High
5586,0.85,Low
5587,98.44,High
5588,1.2,Low
5589,0.32,Low
5590,97.26,High
5591,0.45,Low
5592,1.6,Low
5593,1.15,Low
5594,2.02,Low
5595,1.05,Low
5596,98.94,High
5597,0.3,Low
5598,0.58,Low
5599,98.53,High
5600,0.65,Low
5601,1.7,Low
5602,0.62,Low
5603,1.57,Low
5604,99.43,High
5605,1.16,Low
5606,99.02,High
5607,97.8,High
5608,3.12,Low
5609,1.88,Low
5610,2.22,Low
5611,98.87,High
5612,1.37,Low
5613,0.72,Low
5614,1.43,Low
5615,97.08,High
5616,98.46,High
5617,0.31,Low
5618,99.41,High
5619,98.97,High
5620,1.21,Low
5621,0.56,Low
5622,1.66,Low
5623,98.77,High
5624,0.71,Low
5625,1.45,Low
5626,99.06,High
5627,0.77,Low
5628,99.5,High
5629,0.64,Low
5630,1.46,Low
5631,99.08,High
5632,0.84,Low
5633,0.43,Low
5634,97.55,High
5635,0.34,Low
5636,0.92,Low
5637,2.0,Low
5638,1.31,Low
5639,93.98,High
5640,0.74,Low
5641,1.04,Low
5642,1.17,Low
5643,0.57,Low
5644,1.13,Low
5645,0.82,Low
5646,97.74,High
5647,99.18,High
5648,1.21,Low
5649,0.43,Low
5650,99.02,High
5651,99.23,High
5652,1.33,Low
5653,0.79,Low
5654,99.04,High
5655,0.87,Low
5656,0.43,Low
5657,0.77,Low
5658,1.55,Low
5659,0.41,Low
5660,98.95,High
5661,1.13,Low
5662,0.43,Low
5663,99.01,High
5664,0.62,Low
5665,1.31,Low
5666,1.2,Low
5667,0.94,Low
5668,1.3,Low
5669,2.22,Low
5670,98.58,High
5671,1.59,Low
5672,0.89,Low
5673,98.88,High
5674,1.15,Low
5675,1.15,Low
5676,1.06,Low
5677,0.18,Low
5678,0.54,Low
5679,98.98,High
5680,99.27,High
5681,0.47,Low
5682,1.17,Low
5683,99.43,High
5684,96.38,High
5685,0.83,Low
5686,0.95,Low
5687,97.8,High
5688,95.08,High
5689,1.04,Low
5690,1.3,Low
5691,98.53,High
5692,1.53,Low
5693,99.68,High
5694,1.72,Low
5695,1.03,Low
5696,0.75,Low
5697,1.6,Low
5698,1.4,Low
5699,1.68,Low
5700,0.12,Low
5701,98.08,High
5702,0.37,Low
5703,98.68,High
5704,1.05,Low
5705,99.39,High
5706,1.92,Low
5707,98.56,High
5708,99.47,High
5709,1.98,Low
5710,0.89,Low
5711,0.7,Low
5712,2.14,Low
5713,99.14,High
5714,2.0,Low
5715,0.95,Low
5716,0.58,Low
5717,0.71,Low
5718,2.49,Low
5719,0.82,Low
5720,99.42,High
5721,1.46,Low
5722,98.99,High
5723,1.04,Low
5724,98.88,High
5725,99.37,High
5726,0.65,Low
5727,99.41,High
5728,0.64,Low
5729,97.54,High
5730,0.34,Low
5731,99.23,High
5732,99.45,High
5733,97.83,High
5734,0.81,Low
5735,1.19,Low
5736,2.09,Low
5737,99.01,High
5738,0.97,Low
5739,1.3,Low
5740,0.84,Low
5741,0.4,Low
5742,97.22,High
5743,1.08,Low
5744,1.69,Low
5745,0.84,Low
5746,0.43,Low
5747,99.23,High
5748,98.55,High
5749,0.98,Low
5750,99.42,High
5751,0.52,Low
5752,99.41,High
5753,0.72,Low
5754,98.69,High
5755,1.66,Low
5756,1.3,Low
5757,99.52,High
5758,0.57,Low
5759,1.2,Low
5760,2.38,Low
5761,98.57,High
5762,1.57,Low
5763,99.29,High
5764,0.78,Low
5765,0.72,Low
5766,1.23,Low
5767,1.23,Low
5768,0.95,Low
5769,0.72,Low
5770,0.63,Low
5771,1.08,Low
5772,1.33,Low
5773,1.16,Low
5774,1.59,Low
5775,98.2,High
5776,99.44,High
5777,95.08,High
5778,1.08,Low
5779,1.15,Low
5780,0.43,Low
5781,1.4,Low
5782,0.29,Low
5783,0.67,Low
5784,0.42,Low
5785,0.87,Low
5786,1.59,Low
5787,0.9,Low
5788,99.12,High
5789,1.98,Low
5790,0.45,Low
5791,0.49,Low
5792,2.49,Low
5793,1.75,Low
5794,1.21,Low
5795,99.11,High
5796,0.47,Low
5797,0.69,Low
5798,0.78,Low
5799,0.67,Low
5800,3.07,Low
5801,1.01,Low
5802,99.37,High
5803,0.72,Low
5804,99.15,High
5805,0.83,Low
5806,0.89,Low
5807,1.5,Low
5808,1.05,Low
5809,98.63,High
5810,0.96,Low
5811,2.14,Low
5812,98.85,High
5813,98.9,High
5814,0.96,Low
5815,1.15,Low
5816,0.91,Low
5817,1.49,Low
5818,2.44,Low
5819,1.6,Low
5820,99.1,High
5821,99.38,High
5822,0.64,Low
5823,1.15,Low
5824,1.43,Low
5825,1.09,Low
5826,96.15,High
5827,0.62,Low
5828,1.27,Low
5829,1.4,Low
5830,0.91,Low
5831,0.54,Low
5832,0.25,Low
5833,1.27,Low
5834,0.44,Low
5835,2.41,Low
5836,0.94,Low
5837,1.1,Low
5838,1.39,Low
5839,0.25,Low
5840,0.88,Low
5841,0.91,Low
5842,97.56,High
5843,1.7,Low
5844,98.93,High
5845,99.15,High
5846,0.26,Low
5847,1.07,Low
5848,98.69,High
5849,99.1,High
5850,99.04,High
5851,1.0,Low
5852,0.57,Low
5853,1.23,Low
5854,2.79,Low
5855,0.52,Low
5856,99.39,High
5857,2.02,Low
5858,0.87,Low
5859,98.09,High
5860,0.84,Low
5861,2.49,Low
5862,2.15,Low
5863,99.11,High
5864,1.34,Low
5865,0.69,Low
5866,3.11,Low
5867,0.92,Low
5868,0.45,Low
5869,1.33,Low
5870,0.88,Low
5871,0.58,Low
5872,0.52,Low
5873,1.18,Low
5874,0.41,Low
5875,99.25,High
5876,97.78,High
5877,0.34,Low
5878,98.37,High
5879,0.77,Low
5880,99.11,High
5881,1.55,Low
5882,0.9,Low
5883,98.8,High
5884,98.73,High
5885,0.51,Low
5886,99.18,High
5887,99.23,High
5888,98.75,High
5889,1.94,Low
5890,99.09,High
5891,1.53,Low
5892,1.83,Low
5893,99.18,High
5894,0.4,Low
5895,0.89,Low
5896,1.21,Low
5897,99.18,High
5898,99.18,High
5899,0.97,Low
5900,0.23,Low
5901,98.89,High
5902,99.08,High
5903,98.73,High
5904,99.04,High
5905,2.41,Low
5906,99.33,High
5907,1.53,Low
5908,98.2,High
5909,1.48,Low
5910,2.02,Low
5911,1.31,Low
5912,0.36,Low
5913,0.47,Low
5914,0.43,Low
5915,4.48,Low
5916,0.96,Low
5917,1.2,Low
5918,2.2,Low
5919,98.93,High
5920,98.78,High
5921,97.37,High
5922,0.85,Low
5923,0.9,Low
5924,0.56,Low
5925,0.75,Low
5926,99.13,High
5927,98.76,High
5928,0.95,Low
5929,0.79,Low
5930,1.45,Low
5931,98.44,High
5932,99.04,High
5933,0.3,Low
5934,1.25,Low
5935,1.82,Low
5936,0.95,Low
5937,1.65,Low
5938,1.02,Low
5939,1.05,Low
5940,0.35,Low
5941,1.69,Low
5942,0.74,Low
5943,1.13,Low
5944,0.56,Low
5945,0.64,Low
5946,1.6,Low
5947,93.15,High
5948,0.77,Low
5949,0.41,Low
5950,99.01,High
5951,99.13,High
5952,0.9,Low
5953,0.45,Low
5954,1.29,Low
5955,1.22,Low
5956,99.23,High
5957,0.83,Low
5958,1.19,Low
5959,2.14,Low
5960,0.53,Low
5961,0.91,Low
5962,1.68,Low
5963,0.9,Low
5964,99.23,High
5965,99.08,High
5966,0.89,Low
5967,0.34,Low
5968,1.18,Low
5969,0.43,Low
5970,98.98,High
5971,1.07,Low
5972,99.11,High
5973,99.38,High
5974,99.42,High
5975,97.39,High
5976,1.18,Low
5977,1.08,Low
5978,1.97,Low
5979,1.29,Low
5980,0.52,Low
5981,0.19,Low
5982,1.79,Low
5983,1.26,Low
5984,1.09,Low
5985,1.44,Low
5986,97.22,High
5987,1.09,Low
5988,98.65,High
5989,1.59,Low
5990,0.35,Low
5991,0.88,Low
5992,99.71,High
5993,0.43,Low
5994,99.49,High
5995,1.67,Low
5996,2.35,Low
5997,1.13,Low
5998,0.7,Low
5999,1.05,Low
6000,1.42,Low
6001,2.86,Low
6002,0.34,Low
6003,99.01,High
6004,98.44,High
6005,1.43,Low
6006,0.58,Low
6007,1.21,Low
6008,1.37,Low
6009,98.48,High
6010,99.42,High
6011,1.88,Low
6012,99.11,High
6013,2.2,Low
6014,1.09,Low
6015,99.13,High
6016,1.87,Low
6017,1.37,Low
6018,0.41,Low
6019,0.75,Low
6020,99.23,High
6021,98.76,High
6022,0.78,Low
6023,1.19,Low
6024,0.45,Low
6025,0.52,Low
6026,99.11,High
6027,1.31,Low
6028,0.64,Low
6029,99.17,High
6030,0.54,Low
6031,2.13,Low
6032,2.41,Low
6033,0.97,Low
6034,0.79,Low
6035,97.85,High
6036,0.43,Low
6037,0.37,Low
6038,98.99,High
6039,2.85,Low
6040,1.53,Low
6041,97.22,High
6042,0.66,Low
6043,0.96,Low
6044,0.79,Low
6045,0.85,Low
6046,1.24,Low
6047,0.88,Low
6048,0.36,Low
6049,1.03,Low
6050,99.38,High
6051,1.13,Low
6052,0.45,Low
6053,3.48,Low
6054,1.22,Low
6055,0.31,Low
6056,99.31,High
6057,0.46,Low
6058,0.86,Low
6059,1.03,Low
6060,1.3,Low
6061,0.94,Low
6062,0.5,Low
6063,0.24,Low
6064,99.64,High
6065,0.19,Low
6066,0.7,Low
6067,1.98,Low
6068,0.62,Low
6069,1.03,Low
6070,99.42,High
6071,0.87,Low
6072,98.84,High
6073,1.23,Low
6074,98.6,High
6075,99.03,High
6076,0.63,Low
6077,98.73,High
6078,1.43,Low
6079,0.55,Low
6080,1.02,Low
6081,1.62,Low
6082,0.58,Low
6083,0.47,Low
6084,0.6,Low
6085,0.93,Low
6086,0.74,Low
6087,99.32,High
6088,99.23,High
6089,99.28,High
6090,98.21,High
6091,1.05,Low
6092,0.35,Low
6093,0.54,Low
6094,1.69,Low
6095,0.87,Low
6096,97.55,High
6097,0.34,Low
6098,0.45,Low
6099,0.3,Low
6100,0.6,Low
6101,1.55,Low
6102,99.37,High
6103,0.38,Low
6104,0.73,Low
6105,1.05,Low
6106,1.68,Low
6107,1.47,Low
6108,99.44,High
6109,0.81,Low
6110,0.51,Low
6111,0.12,Low
6112,98.65,High
6113,0.77,Low
6114,0.35,Low
6115,98.65,High
6116,0.78,Low
6117,0.39,Low
6118,0.19,Low
6119,1.26,Low
6120,0.53,Low
6121,3.37,Low
6122,98.41,High
6123,0.9,Low
6124,0.33,Low
6125,1.2,Low
6126,0.49,Low
6127,0.66,Low
6128,98.82,High
6129,0.47,Low
6130,98.88,High
6131,0.79,Low
6132,98.37,High
6133,0.77,Low
6134,0.73,Low
6135,1.59,Low
6136,0.6,Low
6137,98.66,High
6138,0.29,Low
6139,0.54,Low
6140,99.19,High
6141,1.85,Low
6142,0.98,Low
6143,1.77,Low
6144,0.44,Low
6145,1.44,Low
6146,0.21,Low
6147,1.05,Low
6148,1.92,Low
6149,1.09,Low
6150,1.24,Low
6151,1.24,Low
6152,0.65,Low
6153,0.14,Low
6154,98.53,High
6155,0.29,Low
6156,99.37,High
6157,99.09,High
6158,0.39,Low
6159,1.06,Low
6160,1.67,Low
6161,0.72,Low
6162,0.71,Low
6163,0.38,Low
6164,0.77,Low
6165,0.88,Low
6166,2.4,Low
6167,0.65,Low
6168,98.73,High
6169,1.44,Low
6170,1.0,Low
6171,1.04,Low
6172,0.21,Low
6173,2.02,Low
6174,1.66,Low
6175,0.54,Low
6176,0.9,Low
6177,0.36,Low
6178,0.96,Low
6179,1.92,Low
6180,99.38,High
6181,0.33,Low
6182,99.33,High
6183,98.55,High
6184,95.71,High
6185,2.24,Low
6186,1.06,Low
6187,98.9,High
6188,99.36,High
6189,0.66,Low
6190,0.97,Low
6191,98.63,High
6192,1.44,Low
6193,2.06,Low
6194,1.05,Low
6195,1.03,Low
6196,0.72,Low
6197,99.27,High
6198,1.02,Low
6199,0.81,Low
6200,99.16,High
6201,1.4,Low
6202,0.31,Low
6203,2.04,Low
6204,0.44,Low
6205,2.41,Low
6206,99.64,High
6207,2.2,Low
6208,0.51,Low
6209,98.09,High
6210,0.29,Low
6211,0.95,Low
6212,98.89,High
6213,98.08,High
6214,1.06,Low
6215,0.77,Low
6216,0.36,Low
6217,0.71,Low
6218,0.43,Low
6219,1.19,Low
6220,98.81,High
6221,0.22,Low
6222,0.61,Low
6223,99.08,High
6224,0.3,Low
6225,1.47,Low
6226,98.76,High
6227,99.11,High
6228,0.6,Low
6229,0.4,Low
6230,99.42,High
6231,0.43,Low
6232,1.41,Low
6233,1.09,Low
6234,99.33,High
6235,0.19,Low
6236,0.82,Low
6237,0.61,Low
6238,1.68,Low
6239,99.32,High
6240,97.51,High
6241,0.58,Low
6242,1.39,Low
6243,0.78,Low
6244,99.42,High
6245,92.2,High
6246,98.27,High
6247,0.88,Low
6248,1.36,Low
6249,0.94,Low
6250,0.77,Low
6251,2.46,Low
6252,0.72,Low
6253,1.07,Low
6254,0.82,Low
6255,0.46,Low
6256,1.02,Low
6257,98.69,High
6258,97.37,High
6259,0.44,Low
6260,0.94,Low
6261,97.93,High
6262,2.71,Low
6263,99.09,High
6264,0.77,Low
6265,0.57,Low
6266,99.43,High
6267,0.91,Low
6268,98.64,High
6269,1.21,Low
6270,0.89,Low
6271,0.95,Low
6272,0.57,Low
6273,1.0,Low
6274,98.84,High
6275,0.61,Low
6276,0.26,Low
6277,1.82,Low
6278,0.5,Low
6279,98.49,High
6280,0.77,Low
6281,1.54,Low
6282,0.84,Low
6283,99.25,High
6284,98.11,High
6285,0.73,Low
6286,1.82,Low
6287,1.7,Low
6288,1.24,Low
6289,0.97,Low
6290,0.81,Low
6291,0.67,Low
6292,99.38,High
6293,1.09,Low
6294,0.66,Low
6295,98.09,High
6296,99.37,High
6297,0.95,Low
6298,0.39,Low
6299,0.78,Low
6300,98.97,High
6301,99.29,High
6302,0.78,Low
6303,98.81,High
6304,0.29,Low
6305,0.86,Low
6306,1.48,Low
6307,0.92,Low
6308,0.62,Low
6309,0.54,Low
6310,1.32,Low
6311,0.7,Low
6312,0.31,Low
6313,95.71,High
6314,99.25,High
6315,0.35,Low
6316,0.47,Low
6317,0.46,Low
6318,98.99,High
6319,1.43,Low
6320,1.05,Low
6321,0.23,Low
6322,99.49,High
6323,1.29,Low
6324,99.03,High
6325,1.31,Low
6326,0.92,Low
6327,0.77,Low
6328,0.54,Low
6329,0.47,Low
6330,99.35,High
6331,99.47,High
6332,0.94,Low
6333,1.05,Low
6334,98.77,High
6335,0.78,Low
6336,99.68,High
6337,1.6,Low
6338,99.42,High
6339,1.24,Low
6340,98.53,High
6341,98.39,High
6342,99.29,High
6343,0.57,Low
6344,98.83,High
6345,98.56,High
6346,99.01,High
6347,98.65,High
6348,1.05,Low
6349,98.0,High
6350,95.9,High
6351,1.43,Low
6352,1.39,Low
6353,99.29,High
6354,99.04,High
6355,0.88,Low
6356,97.83,High
6357,98.41,High
6358,0.65,Low
6359,1.23,Low
6360,0.31,Low
6361,0.49,Low
6362,0.15,Low
6363,98.94,High
6364,98.75,High
6365,98.63,High
6366,0.91,Low
6367,1.67,Low
6368,98.41,High
6369,0.72,Low
6370,0.66,Low
6371,99.31,High
6372,1.08,Low
6373,98.99,High
6374,1.09,Low
6375,99.32,High
6376,1.5,Low
6377,1.16,Low
6378,99.11,High
6379,0.34,Low
6380,1.05,Low
6381,0.85,Low
6382,1.75,Low
6383,1.29,Low
6384,0.43,Low
6385,98.79,High
6386,98.37,High
6387,99.38,High
6388,1.88,Low
6389,98.85,High
6390,0.63,Low
6391,0.95,Low
6392,0.92,Low
6393,0.6,Low
6394,98.9,High
6395,1.48,Low
6396,99.16,High
6397,0.15,Low
6398,0.73,Low
6399,0.67,Low
6400,99.31,High
6401,1.98,Low
6402,1.32,Low
6403,98.08,High
6404,97.68,High
6405,1.87,Low
6406,0.7,Low
6407,99.17,High
6408,1.1,Low
6409,0.4,Low
6410,0.84,Low
6411,1.07,Low
6412,0.35,Low
6413,1.05,Low
6414,99.16,High
6415,0.92,Low
6416,1.23,Low
6417,1.3,Low
6418,1.07,Low
6419,1.19,Low
6420,0.5,Low
6421,2.04,Low
6422,1.35,Low
6423,1.16,Low
6424,2.4,Low
6425,99.23,High
6426,0.65,Low
6427,0.9,Low
6428,99.43,High
6429,0.76,Low
6430,1.42,Low
6431,99.23,High
6432,98.08,High
6433,99.04,High
6434,1.3,Low
6435,98.53,High
6436,0.47,Low
6437,1.32,Low
6438,0.83,Low
6439,97.89,High
6440,98.82,High
6441,0.73,Low
6442,1.3,Low
6443,0.64,Low
6444,1.69,Low
6445,0.91,Low
6446,1.16,Low
6447,99.42,High
6448,1.09,Low
6449,0.35,Low
6450,99.37,High
6451,98.81,High
6452,99.1,High
6453,99.0,High
6454,99.64,High
6455,0.83,Low
6456,0.72,Low
6457,0.9,Low
6458,0.89,Low
6459,0.94,Low
6460,0.23,Low
6461,99.41,High
6462,1.33,Low
6463,0.64,Low
6464,0.23,Low
6465,0.97,Low
6466,0.91,Low
6467,98.16,High
6468,99.06,High
6469,0.76,Low
6470,0.81,Low
6471,0.72,Low
6472,0.87,Low
6473,1.04,Low
6474,0.34,Low
6475,97.74,High
6476,3.31,Low
6477,1.01,Low
6478,98.91,High
6479,99.49,High
6480,0.43,Low
6481,0.77,Low
6482,98.08,High
6483,0.39,Low
6484,3.96,Low
6485,0.78,Low
6486,1.8,Low
6487,99.18,High
6488,98.96,High
6489,0.82,Low
6490,1.23,Low
6491,99.41,High
6492,1.74,Low
6493,0.42,Low
6494,1.89,Low
6495,91.25,High
6496,99.13,High
6497,3.95,Low
6498,1.29,Low
6499,0.53,Low
6500,0.55,Low
6501,98.73,High
6502,0.7,Low
6503,1.03,Low
6504,1.57,Low
6505,1.46,Low
6506,1.54,Low
6507,0.89,Low
6508,1.18,Low
6509,2.22,Low
6510,0.9,Low
6511,0.47,Low
6512,98.94,High
6513,98.16,High
6514,98.75,High
6515,2.02,Low
6516,1.57,Low
6517,98.95,High
6518,2.38,Low
6519,0.65,Low
6520,98.56,High
6521,0.89,Low
6522,1.18,Low
6523,1.0,Low
6524,0.42,Low
6525,2.35,Low
6526,1.08,Low
6527,0.97,Low
6528,1.65,Low
6529,0.89,Low
6530,2.04,Low
6531,3.48,Low
6532,2.44,Low
6533,1.7,Low
6534,1.97,Low
6535,1.07,Low
6536,0.47,Low
6537,0.48,Low
6538,1.48,Low
6539,0.35,Low
6540,99.45,High
6541,97.93,High
6542,1.7,Low
6543,1.05,Low
6544,98.56,High
6545,0.43,Low
6546,98.99,High
6547,1.12,Low
6548,1.06,Low
6549,0.24,Low
6550,0.64,Low
6551,1.09,Low
6552,1.24,Low
6553,0.88,Low
6554,1.05,Low
6555,99.41,High
6556,98.6,High
6557,98.65,High
6558,0.54,Low
6559,0.67,Low
6560,99.04,High
6561,0.74,Low
6562,2.66,Low
6563,2.91,Low
6564,2.6,Low
6565,99.12,High
6566,98.71,High
6567,1.92,Low
6568,1.85,Low
6569,1.09,Low
6570,0.51,Low
6571,1.92,Low
6572,0.5,Low
6573,99.12,High
6574,98.82,High
6575,0.3,Low
6576,0.58,Low
6577,0.46,Low
6578,0.87,Low
6579,0.9,Low
6580,98.88,High
6581,98.71,High
6582,0.36,Low
6583,0.67,Low
6584,99.55,High
6585,2.44,Low
6586,0.48,Low
6587,99.38,High
6588,1.53,Low
6589,0.87,Low
6590,0.56,Low
6591,0.97,Low
6592,99.09,High
6593,0.34,Low
6594,1.6,Low
6595,1.75,Low
6596,99.22,High
6597,0.65,Low
6598,0.92,Low
6599,98.29,High
6600,1.83,Low
6601,0.64,Low
6602,0.61,Low
6603,0.28,Low
6604,0.47,Low
6605,1.15,Low
6606,2.88,Low
6607,1.48,Low
6608,1.6,Low
6609,98.69,High
6610,98.53,High
6611,0.46,Low
6612,99.13,High
6613,1.62,Low
6614,1.69,Low
6615,99.63,High
6616,0.6,Low
6617,1.38,Low
6618,98.99,High
6619,1.48,Low
6620,1.05,Low
6621,0.9,Low
6622,0.73,Low
6623,0.86,Low
6624,98.99,High
6625,1.18,Low
6626,1.43,Low
6627,1.57,Low
6628,2.35,Low
6629,0.95,Low
6630,98.86,High
6631,0.81,Low
6632,99.23,High
6633,1.46,Low
6634,1.46,Low
6635,2.54,Low
6636,2.22,Low
6637,1.27,Low
6638,0.93,Low
6639,0.74,Low
6640,0.96,Low
6641,0.81,Low
6642,1.74,Low
6643,0.73,Low
6644,0.43,Low
6645,0.89,Low
6646,1.63,Low
6647,1.44,Low
6648,98.91,High
6649,1.51,Low
6650,98.95,High
6651,1.65,Low
6652,0.7,Low
6653,1.26,Low
6654,1.57,Low
6655,97.78,High
6656,2.12,Low
6657,99.11,High
6658,0.61,Low
6659,0.58,Low
6660,0.81,Low
6661,99.32,High
6662,0.97,Low
6663,0.62,Low
6664,0.43,Low
6665,1.48,Low
6666,0.89,Low
6667,98.35,High
6668,99.13,High
6669,99.32,High
6670,1.18,Low
6671,0.77,Low
6672,98.99,High
6673,0.26,Low
6674,4.83,Low
6675,0.72,Low
6676,97.39,High
6677,3.48,Low
6678,1.1,Low
6679,95.71,High
6680,0.93,Low
6681,1.09,Low
6682,0.35,Low
6683,1.44,Low
6684,0.35,Low
6685,1.48,Low
6686,99.59,High
6687,0.64,Low
6688,0.54,Low
6689,2.26,Low
6690,98.72,High
6691,0.89,Low
6692,98.98,High
6693,97.53,High
6694,1.06,Low
6695,1.1,Low
6696,1.07,Low
6697,0.64,Low
6698,1.06,Low
6699,2.11,Low
6700,97.44,High
6701,99.24,High
6702,1.33,Low
6703,3.11,Low
6704,98.88,High
6705,0.77,Low
6706,0.9,Low
6707,1.13,Low
6708,1.79,Low
6709,0.56,Low
6710,1.62,Low
6711,99.14,High
6712,99.38,High
6713,1.25,Low
6714,0.89,Low
6715,1.32,Low
6716,1.0,Low
6717,0.78,Low
6718,1.27,Low
6719,0.9,Low
6720,98.21,High
6721,98.99,High
6722,0.18,Low
6723,1.09,Low
6724,0.76,Low
6725,99.22,High
6726,0.32,Low
6727,99.71,High
6728,0.47,Low
6729,0.69,Low
6730,0.4,Low
6731,98.69,High
6732,99.19,High
6733,1.3,Low
6734,0.44,Low
6735,0.31,Low
6736,1.01,Low
6737,1.04,Low
6738,0.5,Low
6739,0.95,Low
6740,98.08,High
6741,0.74,Low
6742,0.94,Low
6743,99.1,High
6744,99.13,High
6745,99.43,High
6746,0.4,Low
6747,0.64,Low
6748,0.87,Low
6749,0.69,Low
6750,0.4,Low
6751,99.51,High
6752,0.43,Low
6753,0.44,Low
6754,98.46,High
6755,0.74,Low
6756,96.69,High
6757,2.66,Low
6758,1.26,Low
6759,0.29,Low
6760,99.01,High
6761,1.04,Low
6762,99.16,High
6763,1.35,Low
6764,99.29,High
6765,1.0,Low
6766,98.44,High
6767,2.11,Low
6768,0.53,Low
6769,1.39,Low
6770,1.23,Low
6771,0.7,Low
6772,0.63,Low
6773,0.74,Low
6774,99.17,High
6775,2.22,Low
6776,2.04,Low
6777,2.82,Low
6778,1.09,Low
6779,0.64,Low
6780,0.84,Low
6781,99.13,High
6782,0.52,Low
6783,0.29,Low
6784,98.87,High
6785,0.64,Low
6786,1.24,Low
6787,0.84,Low
6788,99.7,High
6789,98.88,High
6790,2.09,Low
6791,0.79,Low
6792,0.92,Low
6793,99.11,High
6794,99.1,High
6795,98.91,High
6796,0.75,Low
6797,2.82,Low
6798,99.13,High
6799,0.89,Low
6800,0.83,Low
6801,0.32,Low
6802,99.04,High
6803,1.19,Low
6804,0.42,Low
6805,0.56,Low
6806,1.67,Low
6807,0.65,Low
6808,0.34,Low
6809,99.18,High
6810,0.66,Low
6811,98.94,High
6812,0.53,Low
6813,0.76,Low
6814,0.46,Low
6815,2.4,Low
6816,99.37,High
6817,98.47,High
6818,0.2,Low
6819,0.91,Low
6820,0.27,Low
6821,99.11,High
6822,0.95,Low
6823,4.24,Low
6824,99.17,High
6825,0.33,Low
6826,0.89,Low
6827,99.27,High
6828,2.38,Low
6829,1.29,Low
6830,99.11,High
6831,98.69,High
6832,1.22,Low
6833,1.48,Low
6834,1.2,Low
6835,0.89,Low
6836,0.47,Low
6837,1.04,Low
6838,0.21,Low
6839,0.71,Low
6840,0.94,Low
6841,0.78,Low
6842,0.91,Low
6843,1.3,Low
6844,1.23,Low
6845,98.7,High
6846,97.15,High
6847,0.96,Low
6848,0.49,Low
6849,0.72,Low
6850,0.53,Low
6851,0.54,Low
6852,0.86,Low
6853,99.19,High
6854,1.59,Low
6855,0.45,Low
6856,1.57,Low
6857,98.21,High
6858,0.61,Low
6859,1.23,Low
6860,1.05,Low
6861,1.19,Low
6862,98.16,High
6863,1.55,Low
6864,99.41,High
6865,97.55,High
6866,96.81,High
6867,1.06,Low
6868,0.84,Low
6869,2.38,Low
6870,99.23,High
6871,1.6,Low
6872,98.84,High
6873,0.94,Low
6874,0.91,Low
6875,0.24,Low
6876,2.19,Low
6877,99.06,High
6878,96.77,High
6879,0.58,Low
6880,99.31,High
6881,99.42,High
6882,1.59,Low
6883,0.6,Low
6884,99.36,High
6885,0.89,Low
6886,99.38,High
6887,2.35,Low
6888,99.02,High
6889,0.53,Low
6890,99.14,High
6891,1.48,Low
6892,98.42,High
6893,98.89,High
6894,1.46,Low
6895,0.51,Low
6896,0.71,Low
6897,1.81,Low
6898,0.31,Low
6899,99.26,High
6900,1.25,Low
6901,99.28,High
6902,0.8,Low
6903,99.41,High
6904,1.44,Low
6905,99.17,High
6906,0.88,Low
6907,1.0,Low
6908,0.72,Low
6909,0.25,Low
6910,97.11,High
6911,99.39,High
6912,2.11,Low
6913,99.1,High
6914,98.42,High
6915,0.85,Low
6916,1.97,Low
6917,0.85,Low
6918,1.39,Low
6919,1.02,Low
6920,97.56,High
6921,0.71,Low
6922,0.93,Low
6923,0.79,Low
6924,0.27,Low
6925,1.19,Low
6926,99.13,High
6927,0.97,Low
6928,99.1,High
6929,1.15,Low
6930,1.05,Low
6931,1.85,Low
6932,99.38,High
6933,2.33,Low
6934,0.74,Low
6935,1.52,Low
6936,0.25,Low
6937,98.27,High
6938,0.8,Low
6939,0.69,Low
6940,0.72,Low
6941,98.88,High
6942,3.95,Low
6943,99.33,High
6944,98.46,High
6945,99.37,High
6946,0.71,Low
6947,99.12,High
6948,99.19,High
6949,0.3,Low
6950,0.82,Low
6951,99.19,High
6952,98.87,High
6953,0.6,Low
6954,1.3,Low
6955,99.49,High
6956,99.07,High
6957,0.94,Low
6958,1.25,Low
6959,0.57,Low
6960,0.39,Low
6961,98.75,High
6962,0.69,Low
6963,0.39,Low
6964,99.04,High
6965,0.56,Low
6966,1.11,Low
6967,98.35,High
6968,0.95,Low
6969,1.19,Low
6970,0.4,Low
6971,99.71,High
6972,1.74,Low
6973,0.83,Low
6974,98.97,High
6975,95.71,High
6976,1.15,Low
6977,0.57,Low
6978,1.02,Low
6979,99.55,High
6980,99.19,High
6981,0.91,Low
6982,1.09,Low
6983,1.0,Low
6984,1.23,Low
6985,1.22,Low
6986,0.53,Low
6987,99.14,High
6988,0.51,Low
6989,0.77,Low
6990,1.5,Low
6991,99.29,High
6992,0.54,Low
6993,1.41,Low
6994,1.4,Low
6995,0.84,Low
6996,0.51,Low
6997,98.82,High
6998,1.08,Low
6999,99.37,High
7000,0.97,Low
7001,2.38,Low
7002,0.91,Low
7003,1.57,Low
7004,1.92,Low
7005,0.48,Low
7006,0.49,Low
7007,98.6,High
7008,0.39,Low
7009,0.9,Low
7010,0.78,Low
7011,1.39,Low
7012,1.44,Low
7013,98.12,High
7014,0.44,Low
7015,2.19,Low
7016,0.65,Low
7017,1.65,Low
7018,99.49,High
7019,98.57,High
7020,0.6,Low
7021,99.23,High
7022,99.01,High
7023,0.56,Low
7024,99.29,High
7025,0.35,Low
7026,0.56,Low
7027,99.71,High
7028,2.07,Low
7029,1.65,Low
7030,3.48,Low
7031,98.83,High
7032,0.64,Low
7033,98.53,High
7034,0.88,Low
7035,0.88,Low
7036,1.44,Low
7037,1.92,Low
7038,0.57,Low
7039,0.98,Low
7040,1.18,Low
7041,0.34,Low
7042,0.93,Low
7043,1.02,Low
7044,1.8,Low
7045,1.17,Low
7046,0.9,Low
7047,98.54,High
7048,98.95,High
7049,1.15,Low
7050,0.84,Low
7051,0.51,Low
7052,1.03,Low
7053,98.21,High
7054,99.37,High
7055,0.88,Low
7056,2.49,Low
7057,0.6,Low
7058,2.35,Low
7059,0.36,Low
7060,98.76,High
7061,0.48,Low
7062,99.01,High
7063,1.08,Low
7064,0.45,Low
7065,0.63,Low
7066,0.54,Low
7067,0.57,Low
7068,99.01,High
7069,98.71,High
7070,0.82,Low
7071,0.55,Low
7072,98.83,High
7073,99.63,High
7074,1.47,Low
7075,0.64,Low
7076,0.47,Low
7077,0.52,Low
7078,1.55,Low
7079,0.89,Low
7080,0.97,Low
7081,99.33,High
7082,0.21,Low
7083,0.5,Low
7084,99.47,High
7085,97.81,High
7086,99.14,High
7087,0.69,Low
7088,0.35,Low
7089,0.79,Low
7090,2.02,Low
7091,98.73,High
7092,0.32,Low
7093,0.43,Low
7094,1.37,Low
7095,1.6,Low
7096,0.35,Low
7097,98.85,High
7098,98.09,High
7099,0.79,Low
7100,99.49,High
7101,0.32,Low
7102,1.62,Low
7103,98.94,High
7104,1.92,Low
7105,98.81,High
7106,98.07,High
7107,1.25,Low
7108,99.42,High
7109,0.34,Low
7110,0.78,Low
7111,0.34,Low
7112,0.97,Low
7113,98.79,High
7114,0.36,Low
7115,99.11,High
7116,0.87,Low
7117,0.82,Low
7118,99.12,High
7119,1.48,Low
7120,1.7,Low
7121,99.39,High
7122,0.15,Low
7123,99.68,High
7124,97.78,High
7125,2.79,Low
7126,2.66,Low
7127,2.46,Low
7128,1.24,Low
7129,99.68,High
7130,0.69,Low
7131,1.01,Low
7132,2.2,Low
7133,0.54,Low
7134,0.78,Low
7135,1.6,Low
7136,99.06,High
7137,1.01,Low
7138,0.35,Low
7139,0.52,Low
7140,0.35,Low
7141,0.89,Low
7142,97.75,High
7143,2.71,Low
7144,2.71,Low
7145,99.37,High
7146,97.58,High
7147,0.3,Low
7148,0.44,Low
7149,2.29,Low
7150,96.96,High
7151,1.2,Low
7152,98.42,High
7153,0.43,Low
7154,0.84,Low
7155,0.82,Low
7156,99.1,High
7157,0.75,Low
7158,99.37,High
7159,0.88,Low
7160,0.35,Low
7161,2.33,Low
7162,98.12,High
7163,1.1,Low
7164,1.55,Low
7165,0.88,Low
7166,1.12,Low
7167,98.94,High
7168,0.81,Low
7169,2.22,Low
7170,1.18,Low
7171,0.21,Low
7172,1.66,Low
7173,99.1,High
7174,2.91,Low
7175,0.64,Low
7176,2.66,Low
7177,99.23,High
7178,0.22,Low
7179,1.48,Low
7180,0.71,Low
7181,0.52,Low
7182,0.95,Low
7183,99.18,High
7184,2.22,Low
7185,1.85,Low
7186,1.2,Low
7187,1.8,Low
7188,95.81,High
7189,1.02,Low
7190,1.23,Low
7191,99.15,High
7192,97.7,High
7193,1.26,Low
7194,2.44,Low
7195,99.23,High
7196,0.73,Low
7197,1.39,Low
7198,0.51,Low
7199,0.72,Low
7200,98.16,High
7201,99.63,High
7202,2.04,Low
7203,0.37,Low
7204,1.19,Low
7205,1.0,Low
7206,1.51,Low
7207,0.46,Low
7208,1.55,Low
7209,2.26,Low
7210,2.38,Low
7211,0.45,Low
7212,0.69,Low
7213,98.58,High
7214,1.39,Low
7215,0.44,Low
7216,0.71,Low
7217,1.02,Low
7218,0.97,Low
7219,1.1,Low
7220,0.27,Low
7221,1.06,Low
7222,99.01,High
7223,0.26,Low
7224,1.69,Low
7225,0.64,Low
7226,2.04,Low
7227,97.85,High
7228,99.37,High
7229,0.16,Low
7230,0.82,Low
7231,1.48,Low
7232,1.48,Low
7233,0.65,Low
7234,0.97,Low
7235,1.09,Low
7236,0.72,Low
7237,0.89,Low
7238,0.75,Low
7239,0.46,Low
7240,1.79,Low
7241,99.55,High
7242,1.23,Low
7243,2.23,Low
7244,0.65,Low
7245,98.38,High
7246,99.41,High
7247,0.45,Low
7248,1.23,Low
7249,1.01,Low
7250,1.29,Low
7251,0.88,Low
7252,98.98,High
7253,1.16,Low
7254,99.16,High
7255,1.02,Low
7256,98.84,High
7257,0.7,Low
7258,95.35,High
7259,2.09,Low
7260,99.31,High
7261,0.73,Low
7262,99.32,High
7263,99.59,High
7264,0.9,Low
7265,0.32,Low
7266,1.61,Low
7267,0.88,Low
7268,99.29,High
7269,0.77,Low
7270,0.68,Low
7271,0.69,Low
7272,0.45,Low
7273,98.7,High
7274,1.66,Low
7275,0.73,Low
7276,0.47,Low
7277,98.53,High
7278,97.75,High
7279,0.19,Low
7280,1.55,Low
7281,1.3,Low
7282,0.87,Low
7283,0.54,Low
7284,0.81,Low
7285,0.79,Low
7286,0.7,Low
7287,2.06,Low
7288,0.43,Low
7289,0.9,Low
7290,1.88,Low
7291,0.91,Low
7292,1.98,Low
7293,1.23,Low
7294,1.16,Low
7295,1.52,Low
7296,1.22,Low
7297,0.43,Low
7298,0.66,Low
7299,1.06,Low
7300,97.37,High
7301,0.52,Low
7302,2.55,Low
7303,1.31,Low
7304,1.01,Low
7305,1.18,Low
7306,0.73,Low
7307,98.27,High
7308,0.12,Low
7309,98.55,High
7310,98.08,High
7311,98.99,High
7312,1.92,Low
7313,1.65,Low
7314,1.59,Low
7315,0.89,Low
7316,98.77,High
7317,0.84,Low
7318,1.23,Low
7319,99.44,High
7320,98.84,High
7321,0.97,Low
7322,0.51,Low
7323,0.87,Low
7324,0.21,Low
7325,0.83,Low
7326,1.25,Low
7327,2.04,Low
7328,0.75,Low
7329,0.53,Low
7330,0.47,Low
7331,99.71,High
7332,0.6,Low
7333,0.45,Low
7334,0.47,Low
7335,0.63,Low
7336,0.64,Low
7337,0.77,Low
7338,0.15,Low
7339,0.91,Low
7340,98.94,High
7341,0.9,Low
7342,0.91,Low
7343,1.16,Low
7344,99.27,High
7345,1.37,Low
7346,1.05,Low
7347,1.38,Low
7348,0.41,Low
7349,99.71,High
7350,99.42,High
7351,0.71,Low
7352,0.76,Low
7353,98.84,High
7354,1.08,Low
7355,0.56,Low
7356,0.74,Low
7357,1.17,Low
7358,96.15,High
7359,0.24,Low
7360,99.14,High
7361,0.27,Low
7362,0.91,Low
7363,0.26,Low
7364,4.48,Low
7365,0.67,Low
7366,1.24,Low
7367,1.08,Low
7368,0.58,Low
7369,2.22,Low
7370,0.15,Low
7371,0.67,Low
7372,0.95,Low
7373,1.82,Low
7374,1.02,Low
7375,1.13,Low
7376,1.49,Low
7377,97.85,High
7378,0.25,Low
7379,0.35,Low
7380,98.11,High
7381,0.91,Low
7382,0.9,Low
7383,99.12,High
7384,0.19,Low
7385,99.15,High
7386,99.09,High
7387,0.64,Low
7388,2.85,Low
7389,2.09,Low
7390,0.51,Low
7391,0.45,Low
7392,1.59,Low
7393,99.37,High
7394,2.26,Low
7395,99.13,High
7396,0.71,Low
7397,0.23,Low
7398,2.24,Low
7399,0.51,Low
7400,0.89,Low
7401,0.49,Low
7402,0.88,Low
7403,1.82,Low
7404,2.26,Low
7405,0.37,Low
7406,99.29,High
7407,1.0,Low
7408,0.97,Low
7409,99.29,High
7410,0.77,Low
7411,99.23,High
7412,99.43,High
7413,0.57,Low
7414,0.88,Low
7415,1.2,Low
7416,1.27,Low
7417,0.25,Low
7418,98.9,High
7419,99.02,High
7420,97.39,High
7421,0.64,Low
7422,0.54,Low
7423,0.46,Low
7424,99.1,High
7425,1.07,Low
7426,0.67,Low
7427,2.02,Low
7428,98.54,High
7429,99.08,High
7430,1.11,Low
7431,98.41,High
7432,98.99,High
7433,0.39,Low
7434,1.15,Low
7435,0.88,Low
7436,0.94,Low
7437,1.57,Low
7438,97.44,High
7439,99.09,High
7440,0.49,Low
7441,98.75,High
7442,0.72,Low
7443,0.75,Low
7444,99.49,High
7445,0.43,Low
7446,98.84,High
7447,1.3,Low
7448,0.51,Low
7449,0.53,Low
7450,2.4,Low
7451,0.96,Low
7452,0.29,Low
7453,2.66,Low
7454,0.21,Low
7455,1.37,Low
7456,98.86,High
7457,98.69,High
7458,98.72,High
7459,0.88,Low
7460,98.95,High
7461,1.15,Low
7462,99.47,High
7463,0.88,Low
7464,99.19,High
7465,1.8,Low
7466,1.88,Low
7467,0.93,Low
7468,98.75,High
7469,1.19,Low
7470,98.66,High
7471,1.3,Low
7472,99.14,High
7473,1.18,Low
7474,0.45,Low
7475,0.65,Low
7476,0.53,Low
7477,98.35,High
7478,99.13,High
7479,0.36,Low
7480,99.26,High
7481,1.68,Low
7482,0.69,Low
7483,99.55,High
7484,1.17,Low
7485,1.41,Low
7486,0.44,Low
7487,1.04,Low
7488,99.39,High
7489,0.29,Low
7490,0.77,Low
7491,1.15,Low
7492,99.37,High
7493,98.96,High
7494,0.72,Low
7495,0.54,Low
7496,99.19,High
7497,99.13,High
7498,99.25,High
7499,99.04,High
7500,1.27,Low
7501,0.61,Low
7502,1.68,Low
7503,0.62,Low
7504,1.05,Low
7505,0.55,Low
7506,99.17,High
7507,1.29,Low
7508,99.36,High
7509,97.39,High
7510,0.91,Low
7511,0.53,Low
7512,99.02,High
7513,99.11,High
7514,0.44,Low
7515,0.34,Low
7516,0.77,Low
7517,0.77,Low
7518,1.43,Low
7519,98.81,High
7520,98.65,High
7521,1.02,Low
7522,97.56,High
7523,99.18,High
7524,3.96,Low
7525,0.43,Low
7526,0.89,Low
7527,0.67,Low
7528,99.27,High
7529,2.04,Low
7530,1.37,Low
7531,0.36,Low
7532,99.49,High
7533,1.16,Low
7534,0.79,Low
7535,0.82,Low
7536,1.06,Low
7537,2.14,Low
7538,0.78,Low
7539,99.01,High
7540,0.75,Low
7541,99.41,High
7542,1.51,Low
7543,1.25,Low
7544,0.51,Low
7545,99.36,High
7546,99.24,High
7547,0.91,Low
7548,0.45,Low
7549,98.49,High
7550,0.91,Low
7551,2.36,Low
7552,1.47,Low
7553,1.09,Low
7554,0.2,Low
7555,98.96,High
7556,1.0,Low
7557,0.49,Low
7558,99.71,High
7559,0.72,Low
7560,2.32,Low
7561,98.75,High
7562,0.23,Low
7563,0.83,Low
7564,0.3,Low
7565,98.44,High
7566,0.76,Low
7567,1.46,Low
7568,95.08,High
7569,1.77,Low
7570,98.08,High
7571,2.12,Low
7572,0.62,Low
7573,99.14,High
7574,1.15,Low
7575,0.65,Low
7576,0.69,Low
7577,0.77,Low
7578,0.24,Low
7579,0.71,Low
7580,0.72,Low
7581,0.73,Low
7582,0.63,Low
7583,0.37,Low
7584,0.92,Low
7585,98.68,High
7586,0.88,Low
7587,1.8,Low
7588,99.52,High
7589,98.65,High
7590,1.15,Low
7591,0.91,Low
7592,96.26,High
7593,1.64,Low
7594,97.93,High
7595,99.15,High
7596,99.55,High
7597,1.13,Low
7598,97.44,High
7599,1.66,Low
7600,1.8,Low
7601,2.43,Low
7602,99.04,High
7603,0.36,Low
7604,1.51,Low
7605,99.09,High
7606,0.65,Low
7607,99.19,High
7608,0.43,Low
7609,98.89,High
7610,99.42,High
7611,98.41,High
7612,0.9,Low
7613,1.81,Low
7614,1.12,Low
7615,99.31,High
7616,0.64,Low
7617,1.24,Low
7618,99.08,High
7619,0.62,Low
7620,98.86,High
7621,1.16,Low
7622,1.85,Low
7623,99.11,High
7624,98.86,High
7625,0.26,Low
7626,0.79,Low
7627,2.53,Low
7628,1.43,Low
7629,1.6,Low
7630,1.01,Low
7631,1.98,Low
7632,1.06,Low
7633,0.95,Low
7634,99.18,High
7635,1.02,Low
7636,1.33,Low
7637,99.03,High
7638,99.19,High
7639,1.6,Low
7640,2.02,Low
7641,98.51,High
7642,4.48,Low
7643,1.24,Low
7644,0.63,Low
7645,1.4,Low
7646,0.32,Low
7647,99.57,High
7648,0.86,Low
7649,99.7,High
7650,99.19,High
7651,1.1,Low
7652,0.93,Low
7653,1.45,Low
7654,98.26,High
7655,1.43,Low
7656,98.63,High
7657,0.45,Low
7658,99.14,High
7659,0.95,Low
7660,0.33,Low
7661,0.44,Low
7662,0.6,Low
7663,99.13,High
7664,0.47,Low
7665,2.66,Low
7666,0.43,Low
7667,1.2,Low
7668,0.87,Low
7669,98.44,High
7670,0.95,Low
7671,0.88,Low
7672,1.21,Low
7673,0.51,Low
7674,0.77,Low
7675,0.35,Low
7676,97.86,High
7677,99.13,High
7678,0.27,Low
7679,98.53,High
7680,1.48,Low
7681,0.96,Low
7682,99.09,High
7683,98.55,High
7684,1.31,Low
7685,1.65,Low
7686,99.42,High
7687,0.74,Low
7688,0.73,Low
7689,1.08,Low
7690,1.48,Low
7691,98.08,High
7692,0.93,Low
7693,1.05,Low
7694,0.97,Low
7695,2.2,Low
7696,0.56,Low
7697,98.53,High
7698,0.15,Low
7699,1.83,Low
7700,0.72,Low
7701,0.93,Low
7702,99.25,High
7703,0.67,Low
7704,1.09,Low
7705,98.99,High
7706,99.11,High
7707,1.2,Low
7708,0.15,Low
7709,4.0,Low
7710,99.23,High
7711,0.86,Low
7712,99.39,High
7713,0.9,Low
7714,0.91,Low
7715,99.37,High
7716,98.6,High
7717,0.37,Low
7718,0.21,Low
7719,0.63,Low
7720,1.42,Low
7721,2.04,Low
7722,1.19,Low
7723,0.98,Low
7724,0.45,Low
7725,0.45,Low
7726,99.35,High
7727,0.69,Low
7728,99.27,High
7729,1.0,Low
7730,0.5,Low
7731,97.51,High
7732,2.26,Low
7733,98.95,High
7734,0.97,Low
7735,0.57,Low
7736,0.97,Low
7737,99.03,High
7738,97.58,High
7739,1.0,Low
7740,1.23,Low
7741,0.68,Low
7742,98.41,High
7743,99.42,High
7744,0.58,Low
7745,1.92,Low
7746,0.77,Low
7747,99.7,High
7748,0.77,Low
7749,97.37,High
7750,98.95,High
7751,1.87,Low
7752,1.19,Low
7753,99.63,High
7754,96.96,High
7755,99.03,High
7756,1.05,Low
7757,0.41,Low
7758,1.09,Low
7759,98.07,High
7760,0.94,Low
7761,0.57,Low
7762,0.3,Low
7763,97.53,High
7764,1.21,Low
7765,2.57,Low
7766,98.87,High
7767,99.28,High
7768,0.76,Low
7769,0.63,Low
7770,0.7,Low
7771,1.65,Low
7772,0.86,Low
7773,1.23,Low
7774,0.94,Low
7775,0.34,Low
7776,0.91,Low
7777,99.23,High
7778,0.35,Low
7779,1.18,Low
7780,0.89,Low
7781,99.08,High
7782,1.19,Low
7783,1.22,Low
7784,97.83,High
7785,98.96,High
7786,0.89,Low
7787,2.2,Low
7788,0.58,Low
7789,1.42,Low
7790,0.94,Low
7791,0.64,Low
7792,0.47,Low
7793,99.43,High
7794,1.2,Low
7795,2.41,Low
7796,0.54,Low
7797,98.94,High
7798,0.32,Low
7799,0.43,Low
7800,1.55,Low
7801,1.28,Low
7802,99.01,High
7803,0.87,Low
7804,98.71,High
7805,1.59,Low
7806,1.01,Low
7807,99.02,High
7808,0.9,Low
7809,1.0,Low
7810,0.39,Low
7811,1.02,Low
7812,1.0,Low
7813,1.02,Low
7814,0.61,Low
7815,0.46,Low
7816,0.95,Low
7817,0.29,Low
7818,0.63,Low
7819,0.84,Low
7820,98.41,High
7821,1.08,Low
7822,98.99,High
7823,98.11,High
7824,1.13,Low
7825,1.41,Low
7826,0.93,Low
7827,98.72,High
7828,1.74,Low
7829,3.48,Low
7830,99.06,High
7831,0.39,Low
7832,0.93,Low
7833,2.26,Low
7834,99.42,High
7835,99.51,High
7836,1.04,Low
7837,0.66,Low
7838,98.16,High
7839,97.44,High
7840,2.55,Low
7841,0.78,Low
7842,99.14,High
7843,0.88,Low
7844,1.0,Low
7845,1.53,Low
7846,1.36,Low
7847,99.23,High
7848,0.34,Low
7849,1.69,Low
7850,2.32,Low
7851,1.57,Low
7852,1.45,Low
7853,0.16,Low
7854,1.18,Low
7855,0.47,Low
7856,0.53,Low
7857,0.84,Low
7858,0.71,Low
7859,6.77,Low
7860,0.45,Low
7861,0.91,Low
7862,99.33,High
7863,99.04,High
7864,0.71,Low
7865,1.97,Low
7866,1.48,Low
7867,0.89,Low
7868,99.13,High
7869,91.25,High
7870,98.56,High
7871,98.72,High
7872,99.51,High
7873,0.36,Low
7874,0.66,Low
7875,1.62,Low
7876,98.21,High
7877,99.52,High
7878,2.4,Low
7879,98.67,High
7880,2.02,Low
7881,1.8,Low
7882,1.06,Low
7883,1.54,Low
7884,98.85,High
7885,0.79,Low
7886,1.32,Low
7887,99.44,High
7888,0.77,Low
7889,0.9,Low
7890,98.41,High
7891,98.87,High
7892,0.39,Low
7893,2.23,Low
7894,0.97,Low
7895,1.61,Low
7896,98.47,High
7897,98.91,High
7898,0.16,Low
7899,1.01,Low
7900,98.55,High
7901,99.07,High
7902,1.17,Low
7903,99.25,High
7904,1.84,Low
7905,1.98,Low
7906,0.66,Low
7907,0.46,Low
7908,99.06,High
7909,1.03,Low
7910,99.06,High
7911,97.55,High
7912,98.51,High
7913,1.24,Low
7914,98.35,High
7915,99.19,High
7916,99.41,High
7917,99.38,High
7918,2.14,Low
7919,1.67,Low
7920,1.07,Low
7921,0.79,Low
7922,0.95,Low
7923,0.43,Low
7924,98.66,High
7925,1.21,Low
7926,99.42,High
7927,1.88,Low
7928,0.76,Low
7929,0.64,Low
7930,1.48,Low
7931,1.27,Low
7932,0.43,Low
7933,0.83,Low
7934,1.82,Low
7935,1.21,Low
7936,99.52,High
7937,1.3,Low
7938,0.97,Low
7939,98.88,High
7940,0.5,Low
7941,1.21,Low
7942,0.57,Low
7943,98.99,High
7944,1.66,Low
7945,98.64,High
7946,0.77,Low
7947,1.08,Low
7948,1.09,Low
7949,0.83,Low
7950,0.65,Low
7951,0.86,Low
7952,0.67,Low
7953,1.41,Low
7954,0.51,Low
7955,0.82,Low
7956,0.77,Low
7957,96.83,High
7958,0.67,Low
7959,0.71,Low
7960,0.21,Low
7961,0.49,Low
7962,1.46,Low
7963,97.56,High
7964,99.23,High
7965,98.58,High
7966,0.46,Low
7967,99.59,High
7968,0.89,Low
7969,0.91,Low
7970,98.85,High
7971,98.38,High
7972,99.17,High
7973,0.71,Low
7974,2.53,Low
7975,0.56,Low
7976,0.21,Low
7977,0.52,Low
7978,0.23,Low
7979,99.29,High
7980,0.49,Low
7981,98.76,High
7982,1.59,Low
7983,98.21,High
7984,94.84,High
7985,0.66,Low
7986,1.23,Low
7987,99.24,High
7988,98.94,High
7989,99.03,High
7990,99.11,High
7991,1.26,Low
7992,0.35,Low
7993,99.12,High
7994,0.75,Low
7995,99.39,High
7996,0.67,Low
7997,1.04,Low
7998,0.96,Low
7999,0.19,Low
8000,0.54,Low
8001,98.95,High
8002,0.53,Low
8003,99.19,High
8004,98.11,High
8005,1.07,Low
8006,1.32,Low
8007,1.24,Low
8008,99.5,High
8009,0.93,Low
8010,0.45,Low
8011,1.24,Low
8012,99.23,High
8013,1.27,Low
8014,0.19,Low
8015,98.64,High
8016,1.4,Low
8017,0.79,Low
8018,0.54,Low
8019,1.03,Low
8020,1.03,Low
8021,0.54,Low
8022,0.77,Low
8023,97.56,High
8024,2.04,Low
8025,0.71,Low
8026,1.82,Low
8027,0.73,Low
8028,98.51,High
8029,0.13,Low
8030,98.94,High
8031,0.97,Low
8032,0.89,Low
8033,0.47,Low
8034,0.81,Low
8035,0.64,Low
8036,1.29,Low
8037,99.07,High
8038,1.64,Low
8039,99.03,High
8040,1.53,Low
8041,0.9,Low
8042,0.89,Low
8043,97.22,High
8044,1.08,Low
8045,0.43,Low
8046,1.44,Low
8047,1.72,Low
8048,1.06,Low
8049,0.63,Low
8050,99.09,High
8051,1.4,Low
8052,98.85,High
8053,0.35,Low
8054,99.41,High
8055,0.67,Low
8056,0.78,Low
8057,0.87,Low
8058,98.57,High
8059,2.06,Low
8060,99.24,High
8061,97.22,High
8062,98.76,High
8063,0.3,Low
8064,1.13,Low
8065,0.69,Low
8066,1.19,Low
8067,1.05,Low
8068,1.02,Low
8069,99.22,High
8070,98.57,High
8071,99.02,High
8072,97.74,High
8073,0.23,Low
8074,0.72,Low
8075,1.44,Low
8076,98.9,High
8077,3.12,Low
8078,0.69,Low
8079,0.81,Low
8080,99.11,High
8081,0.62,Low
8082,98.09,High
8083,98.56,High
8084,0.72,Low
8085,0.78,Low
8086,98.93,High
8087,98.85,High
8088,1.3,Low
8089,0.39,Low
8090,0.57,Low
8091,2.48,Low
8092,1.29,Low
8093,1.2,Low
8094,1.11,Low
8095,2.6,Low
8096,1.02,Low
8097,0.88,Low
8098,0.56,Low
8099,0.9,Low
8100,98.63,High
8101,99.52,High
8102,0.15,Low
8103,97.39,High
8104,1.92,Low
8105,97.26,High
8106,98.86,High
8107,98.35,High
8108,99.04,High
8109,1.91,Low
8110,1.69,Low
8111,98.35,High
8112,0.65,Low
8113,0.5,Low
8114,98.77,High
8115,1.07,Low
8116,1.02,Low
8117,0.27,Low
8118,0.87,Low
8119,0.62,Low
8120,0.55,Low
8121,99.37,High
8122,0.87,Low
8123,0.74,Low
8124,0.15,Low
8125,0.54,Low
8126,98.29,High
8127,2.33,Low
8128,97.54,High
8129,2.4,Low
8130,0.44,Low
8131,0.86,Low
8132,1.03,Low
8133,99.11,High
8134,0.95,Low
8135,99.28,High
8136,0.9,Low
8137,1.32,Low
8138,0.34,Low
8139,0.93,Low
8140,97.93,High
8141,2.22,Low
8142,98.08,High
8143,99.13,High
8144,0.56,Low
8145,0.47,Low
8146,99.32,High
8147,0.36,Low
8148,99.16,High
8149,1.66,Low
8150,2.04,Low
8151,0.66,Low
8152,99.41,High
8153,1.08,Low
8154,1.26,Low
8155,0.93,Low
8156,0.63,Low
8157,0.72,Low
8158,1.16,Low
8159,0.82,Low
8160,1.0,Low
8161,1.0,Low
8162,99.33,High
8163,1.88,Low
8164,1.21,Low
8165,0.71,Low
8166,0.88,Low
8167,99.42,High
8168,98.38,High
8169,99.07,High
8170,98.56,High
8171,0.24,Low
8172,0.79,Low
8173,98.79,High
8174,99.13,High
8175,0.98,Low
8176,0.33,Low
8177,0.69,Low
8178,0.84,Low
8179,98.9,High
8180,1.13,Low
8181,0.82,Low
8182,1.88,Low
8183,0.64,Low
8184,97.53,High
8185,1.48,Low
8186,99.14,High
8187,0.35,Low
8188,0.9,Low
8189,99.22,High
8190,0.71,Low
8191,99.42,High
8192,95.9,High
8193,1.34,Low
8194,98.42,High
8195,0.94,Low
8196,2.44,Low
8197,1.27,Low
8198,0.41,Low
8199,0.45,Low
8200,97.74,High
8201,97.08,High
8202,98.77,High
8203,1.09,Low
8204,1.21,Low
8205,99.29,High
8206,0.9,Low
8207,98.81,High
8208,1.04,Low
8209,2.85,Low
8210,2.43,Low
8211,99.02,High
8212,1.36,Low
8213,98.73,High
8214,0.51,Low
8215,0.84,Low
8216,99.22,High
8217,98.67,High
8218,1.04,Low
8219,0.57,Low
8220,0.72,Low
8221,0.64,Low
8222,0.65,Low
8223,1.51,Low
8224,1.17,Low
8225,98.37,High
8226,0.51,Low
8227,96.83,High
8228,1.02,Low
8229,98.38,High
8230,0.47,Low
8231,99.23,High
8232,99.7,High
8233,99.37,High
8234,0.29,Low
8235,0.36,Low
8236,1.1,Low
8237,1.2,Low
8238,0.86,Low
8239,1.67,Low
8240,0.89,Low
8241,0.31,Low
8242,98.54,High
8243,98.76,High
8244,1.26,Low
8245,0.93,Low
8246,1.33,Low
8247,0.37,Low
8248,2.35,Low
8249,2.0,Low
8250,98.0,High
8251,99.43,High
8252,0.21,Low
8253,0.54,Low
8254,98.49,High
8255,99.32,High
8256,98.85,High
8257,0.6,Low
8258,2.29,Low
8259,0.6,Low
8260,0.25,Low
8261,0.96,Low
8262,1.57,Low
8263,0.88,Low
8264,0.58,Low
8265,0.49,Low
8266,0.28,Low
8267,99.36,High
8268,98.77,High
8269,0.91,Low
8270,0.64,Low
8271,98.82,High
8272,0.35,Low
8273,3.86,Low
8274,99.33,High
8275,99.49,High
8276,0.88,Low
8277,0.47,Low
8278,0.97,Low
8279,0.51,Low
8280,0.88,Low
8281,0.54,Low
8282,0.47,Low
8283,98.96,High
8284,99.12,High
8285,0.65,Low
8286,0.43,Low
8287,1.3,Low
8288,0.94,Low
8289,99.16,High
8290,1.03,Low
8291,99.43,High
8292,1.6,Low
8293,0.67,Low
8294,2.41,Low
8295,98.97,High
8296,1.48,Low
8297,0.62,Low
8298,0.97,Low
8299,2.54,Low
8300,0.76,Low
8301,1.39,Low
8302,0.28,Low
8303,98.63,High
8304,98.95,High
8305,0.63,Low
8306,95.38,High
8307,1.43,Low
8308,0.88,Low
8309,99.63,High
8310,0.65,Low
8311,0.52,Low
8312,0.78,Low
8313,0.79,Low
8314,1.13,Low
8315,1.83,Low
8316,99.51,High
8317,0.91,Low
8318,0.4,Low
8319,4.56,Low
8320,99.32,High
8321,1.1,Low
8322,98.48,High
8323,0.51,Low
8324,97.56,High
8325,0.27,Low
8326,0.9,Low
8327,2.02,Low
8328,1.26,Low
8329,1.19,Low
8330,1.29,Low
8331,0.75,Low
8332,99.43,High
8333,0.36,Low
8334,99.12,High
8335,1.41,Low
8336,0.94,Low
8337,98.75,High
8338,0.35,Low
8339,99.63,High
8340,98.68,High
8341,98.2,High
8342,98.46,High
8343,1.62,Low
8344,1.98,Low
8345,0.89,Low
8346,0.14,Low
8347,1.93,Low
8348,98.96,High
8349,0.6,Low
8350,0.47,Low
8351,0.43,Low
8352,5.32,Low
8353,0.72,Low
8354,0.83,Low
8355,1.01,Low
8356,98.27,High
8357,1.28,Low
8358,0.44,Low
8359,0.57,Low
8360,0.83,Low
8361,1.7,Low
8362,98.98,High
8363,0.3,Low
8364,0.21,Low
8365,1.59,Low
8366,1.43,Low
8367,1.45,Low
8368,0.73,Low
8369,0.58,Low
8370,1.93,Low
8371,1.1,Low
8372,0.91,Low
8373,0.51,Low
8374,1.34,Low
8375,0.71,Low
8376,0.9,Low
8377,99.39,High
8378,2.38,Low
8379,0.92,Low
8380,2.03,Low
8381,0.94,Low
8382,98.87,High
8383,3.07,Low
8384,1.91,Low
8385,0.78,Low
8386,0.95,Low
8387,1.4,Low
8388,98.73,High
8389,0.3,Low
8390,99.18,High
8391,1.55,Low
8392,99.14,High
8393,0.93,Low
8394,0.5,Low
8395,0.34,Low
8396,1.41,Low
8397,0.91,Low
8398,0.75,Low
8399,0.97,Low
8400,99.04,High
8401,2.0,Low
8402,1.64,Low
8403,98.09,High
8404,99.08,High
8405,0.3,Low
8406,99.7,High
8407,0.67,Low
8408,96.26,High
8409,98.86,High
8410,1.04,Low
8411,99.08,High
8412,99.04,High
8413,0.15,Low
8414,1.75,Low
8415,2.4,Low
8416,1.21,Low
8417,97.51,High
8418,99.15,High
8419,0.86,Low
8420,0.58,Low
8421,1.6,Low
8422,1.01,Low
8423,97.11,High
8424,1.0,Low
8425,1.03,Low
8426,0.88,Low
8427,0.66,Low
8428,0.9,Low
8429,0.48,Low
8430,98.42,High
8431,99.23,High
8432,99.0,High
8433,0.66,Low
8434,97.56,High
8435,0.5,Low
8436,0.41,Low
8437,0.63,Low
8438,0.91,Low
8439,98.37,High
8440,0.19,Low
8441,0.73,Low
8442,0.69,Low
8443,98.72,High
8444,0.39,Low
8445,0.66,Low
8446,0.57,Low
8447,1.0,Low
8448,1.02,Low
8449,0.13,Low
8450,1.6,Low
8451,0.64,Low
8452,0.76,Low
8453,0.76,Low
8454,0.87,Low
8455,1.32,Low
8456,1.49,Low
8457,1.29,Low
8458,0.55,Low
8459,98.09,High
8460,0.83,Low
8461,0.93,Low
8462,0.89,Low
8463,0.75,Low
8464,0.47,Low
8465,1.88,Low
8466,99.23,High
8467,0.47,Low
8468,0.61,Low
8469,98.16,High
8470,0.91,Low
8471,0.51,Low
8472,98.99,High
8473,1.03,Low
8474,96.77,High
8475,0.63,Low
8476,0.78,Low
8477,98.08,High
8478,0.67,Low
8479,1.18,Low
8480,2.57,Low
8481,99.23,High
8482,99.29,High
8483,98.9,High
8484,1.46,Low
8485,1.13,Low
8486,1.7,Low
8487,0.67,Low
8488,98.53,High
8489,0.45,Low
8490,0.97,Low
8491,99.03,High
8492,1.02,Low
8493,1.21,Low
8494,99.11,High
8495,98.53,High
8496,98.98,High
8497,1.2,Low
8498,1.06,Low
8499,98.58,High
8500,1.63,Low
8501,1.25,Low
8502,99.41,High
8503,1.24,Low
8504,3.31,Low
8505,99.1,High
8506,1.5,Low
8507,1.12,Low
8508,2.26,Low
8509,1.59,Low
8510,0.15,Low
8511,0.85,Low
8512,0.88,Low
8513,1.13,Low
8514,0.97,Low
8515,1.19,Low
8516,1.27,Low
8517,1.03,Low
8518,99.24,High
8519,0.64,Low
8520,1.43,Low
8521,2.44,Low
8522,1.22,Low
8523,99.25,High
8524,1.44,Low
8525,1.42,Low
8526,2.02,Low
8527,1.02,Low
8528,0.83,Low
8529,0.91,Low
8530,1.44,Low
8531,0.6,Low
8532,99.06,High
8533,98.81,High
8534,0.86,Low
8535,0.86,Low
8536,99.06,High
8537,99.15,High
8538,0.77,Low
8539,1.11,Low
8540,98.39,High
8541,0.86,Low
8542,98.91,High
8543,0.36,Low
8544,1.3,Low
8545,0.77,Low
8546,98.71,High
8547,0.56,Low
8548,1.2,Low
8549,1.69,Low
8550,1.18,Low
8551,2.2,Low
8552,2.09,Low
8553,1.31,Low
8554,99.42,High
8555,0.45,Low
8556,0.34,Low
8557,0.29,Low
8558,98.49,High
8559,99.14,High
8560,1.06,Low
8561,0.48,Low
8562,98.55,High
8563,98.99,High
8564,0.23,Low
8565,1.01,Low
8566,99.29,High
8567,0.67,Low
8568,1.88,Low
8569,0.6,Low
8570,0.4,Low
8571,2.66,Low
8572,1.04,Low
8573,1.01,Low
8574,99.31,High
8575,0.21,Low
8576,1.21,Low
8577,1.26,Low
8578,0.51,Low
8579,98.63,High
8580,0.64,Low
8581,97.74,High
8582,0.54,Low
8583,0.51,Low
8584,0.6,Low
8585,99.57,High
8586,98.99,High
8587,0.64,Low
8588,99.29,High
8589,0.94,Low
8590,99.08,High
8591,0.13,Low
8592,0.89,Low
8593,99.52,High
8594,98.88,High
8595,1.81,Low
8596,0.9,Low
8597,1.06,Low
8598,0.82,Low
8599,1.57,Low
8600,0.32,Low
8601,1.72,Low
8602,1.2,Low
8603,99.06,High
8604,2.66,Low
8605,2.2,Low
8606,98.44,High
8607,0.43,Low
8608,0.91,Low
8609,0.93,Low
8610,0.43,Low
8611,0.42,Low
8612,98.95,High
8613,98.96,High
8614,0.91,Low
8615,0.61,Low
8616,98.21,High
8617,99.15,High
8618,1.42,Low
8619,0.6,Low
8620,1.62,Low
8621,0.57,Low
8622,1.19,Low
8623,0.35,Low
8624,98.76,High
8625,99.25,High
8626,97.85,High
8627,0.72,Low
8628,1.42,Low
8629,98.53,High
8630,1.0,Low
8631,99.16,High
8632,0.47,Low
8633,0.65,Low
8634,0.4,Low
8635,2.14,Low
8636,1.16,Low
8637,1.19,Low
8638,0.89,Low
8639,0.71,Low
8640,98.73,High
8641,98.58,High
8642,99.15,High
8643,96.96,High
8644,99.31,High
8645,0.47,Low
8646,99.28,High
8647,0.13,Low
8648,97.58,High
8649,0.85,Low
8650,99.31,High
8651,0.77,Low
8652,99.32,High
8653,0.9,Low
8654,0.95,Low
8655,0.21,Low
8656,1.82,Low
8657,98.94,High
8658,0.83,Low
8659,98.41,High
8660,1.48,Low
8661,99.59,High
8662,0.82,Low
8663,0.96,Low
8664,1.5,Low
8665,99.42,High
8666,0.54,Low
8667,0.43,Low
8668,2.03,Low
8669,0.83,Low
8670,1.03,Low
8671,0.31,Low
8672,0.73,Low
8673,98.63,High
8674,98.56,High
8675,0.46,Low
8676,97.44,High
8677,98.56,High
8678,1.23,Low
8679,99.41,High
8680,1.1,Low
8681,0.47,Low
8682,0.83,Low
8683,3.92,Low
8684,99.03,High
8685,0.69,Low
8686,1.24,Low
8687,1.74,Low
8688,98.38,High
8689,0.63,Low
8690,98.85,High
8691,98.72,High
8692,0.77,Low
8693,0.45,Low
8694,98.95,High
8695,99.47,High
8696,98.98,High
8697,1.37,Low
8698,1.09,Low
8699,0.95,Low
8700,1.29,Low
8701,4.83,Low
8702,0.45,Low
8703,1.35,Low
8704,0.39,Low
8705,0.73,Low
8706,2.12,Low
8707,0.88,Low
8708,98.08,High
8709,99.42,High
8710,98.08,High
8711,1.24,Low
8712,97.56,High
8713,98.72,High
8714,0.74,Low
8715,99.09,High
8716,98.64,High
8717,98.46,High
8718,0.36,Low
8719,98.95,High
8720,99.13,High
8721,0.5,Low
8722,0.89,Low
8723,0.54,Low
8724,0.88,Low
8725,0.21,Low
8726,99.35,High
8727,1.59,Low
8728,99.35,High
8729,98.39,High
8730,0.37,Low
8731,96.83,High
8732,1.05,Low
8733,0.44,Low
8734,1.19,Low
8735,99.08,High
8736,99.08,High
8737,1.17,Low
8738,1.03,Low
8739,98.53,High
8740,0.73,Low
8741,99.49,High
8742,0.79,Low
8743,0.14,Low
8744,1.32,Low
8745,1.6,Low
8746,0.44,Low
8747,0.37,Low
8748,2.26,Low
8749,1.53,Low
8750,1.01,Low
8751,0.21,Low
8752,0.6,Low
8753,0.36,Low
8754,99.12,High
8755,0.15,Low
8756,0.49,Low
8757,99.41,High
8758,0.9,Low
8759,0.82,Low
8760,0.88,Low
8761,0.46,Low
8762,1.49,Low
8763,2.33,Low
8764,2.4,Low
8765,0.78,Low
8766,1.93,Low
8767,0.63,Low
8768,99.23,High
8769,1.05,Low
8770,0.46,Low
8771,0.89,Low
8772,99.13,High
8773,0.46,Low
8774,0.39,Low
8775,98.22,High
8776,0.42,Low
8777,0.97,Low
8778,99.39,High
8779,0.83,Low
8780,1.39,Low
8781,1.65,Low
8782,99.32,High
8783,99.03,High
8784,0.51,Low
8785,99.42,High
8786,99.41,High
8787,97.15,High
8788,2.11,Low
8789,1.94,Low
8790,0.56,Low
8791,98.53,High
8792,99.12,High
8793,0.46,Low
8794,0.71,Low
8795,0.84,Low
8796,99.08,High
8797,99.57,High
8798,1.59,Low
8799,0.4,Low
8800,1.08,Low
8801,2.24,Low
8802,99.42,High
8803,0.46,Low
8804,0.57,Low
8805,0.45,Low
8806,98.88,High
8807,1.0,Low
8808,1.92,Low
8809,99.23,High
8810,1.29,Low
8811,0.9,Low
8812,0.69,Low
8813,97.86,High
8814,1.21,Low
8815,0.49,Low
8816,97.68,High
8817,1.37,Low
8818,98.51,High
8819,1.73,Low
8820,0.92,Low
8821,0.72,Low
8822,0.56,Low
8823,0.91,Low
8824,0.43,Low
8825,0.5,Low
8826,99.01,High
8827,0.97,Low
8828,98.89,High
8829,0.82,Low
8830,99.31,High
8831,1.05,Low
8832,0.88,Low
8833,98.86,High
8834,2.22,Low
8835,0.69,Low
8836,99.33,High
8837,98.22,High
8838,97.7,High
8839,0.58,Low
8840,0.86,Low
8841,3.86,Low
8842,1.63,Low
8843,0.44,Low
8844,96.69,High
8845,0.84,Low
8846,99.28,High
8847,0.47,Low
8848,98.67,High
8849,12.5,Low
8850,1.28,Low
8851,1.02,Low
8852,1.59,Low
8853,99.36,High
8854,0.77,Low
8855,99.15,High
8856,1.05,Low
8857,1.92,Low
8858,98.0,High
8859,0.36,Low
8860,1.02,Low
8861,0.53,Low
8862,99.23,High
8863,0.72,Low
8864,0.7,Low
8865,2.54,Low
8866,0.85,Low
8867,0.34,Low
8868,0.44,Low
8869,0.37,Low
8870,99.11,High
8871,1.17,Low
8872,0.12,Low
8873,1.39,Low
8874,99.57,High
8875,1.03,Low
8876,98.75,High
8877,1.17,Low
8878,95.35,High
8879,93.15,High
8880,0.89,Low
8881,1.88,Low
8882,99.12,High
8883,98.71,High
8884,0.5,Low
8885,0.91,Low
8886,0.87,Low
8887,98.08,High
8888,98.77,High
8889,0.36,Low
8890,0.82,Low
8891,1.87,Low
8892,99.08,High
8893,0.73,Low
8894,0.93,Low
8895,96.81,High
8896,1.01,Low
8897,0.85,Low
8898,1.59,Low
8899,0.34,Low
8900,0.65,Low
8901,0.84,Low
8902,98.37,High
8903,0.46,Low
8904,4.0,Low
8905,1.69,Low
8906,98.85,High
8907,98.57,High
8908,0.91,Low
8909,0.23,Low
8910,1.41,Low
8911,0.6,Low
8912,99.31,High
8913,1.09,Low
8914,0.83,Low
8915,0.43,Low
8916,2.71,Low
8917,99.02,High
8918,98.82,High
8919,0.65,Low
8920,0.45,Low
8921,0.86,Low
8922,0.95,Low
8923,0.77,Low
8924,0.21,Low
8925,2.22,Low
8926,99.23,High
8927,99.17,High
8928,99.06,High
8929,1.69,Low
8930,0.86,Low
8931,1.59,Low
8932,99.63,High
8933,0.43,Low
8934,1.79,Low
8935,0.97,Low
8936,99.38,High
8937,97.86,High
8938,98.94,High
8939,1.79,Low
8940,1.94,Low
8941,99.01,High
8942,1.01,Low
8943,99.02,High
8944,99.42,High
8945,1.62,Low
8946,98.21,High
8947,1.92,Low
8948,1.49,Low
8949,2.02,Low
8950,98.07,High
8951,99.01,High
8952,0.82,Low
8953,99.55,High
8954,98.99,High
8955,2.14,Low
8956,0.26,Low
8957,98.65,High
8958,98.94,High
8959,1.65,Low
8960,0.54,Low
8961,99.36,High
8962,0.9,Low
8963,1.6,Low
8964,97.68,High
8965,1.96,Low
8966,0.52,Low
8967,91.25,High
8968,1.24,Low
8969,0.34,Low
8970,1.02,Low
8971,0.51,Low
8972,0.86,Low
8973,1.23,Low
8974,0.66,Low
8975,1.05,Low
8976,99.18,High
8977,98.78,High
8978,1.41,Low
8979,1.31,Low
8980,1.2,Low
8981,0.15,Low
8982,99.43,High
8983,0.87,Low
8984,1.05,Low
8985,1.0,Low
8986,1.21,Low
8987,1.92,Low
8988,0.51,Low
8989,0.29,Low
8990,99.68,High
8991,0.99,Low
8992,1.26,Low
8993,0.51,Low
8994,0.86,Low
8995,1.29,Low
8996,98.53,High
8997,0.86,Low
8998,1.54,Low
8999,0.29,Low
9000,1.15,Low
9001,0.76,Low
9002,0.43,Low
9003,0.74,Low
9004,0.45,Low
9005,99.1,High
9006,99.64,High
9007,99.17,High
9008,0.25,Low
9009,0.41,Low
9010,1.18,Low
9011,1.87,Low
9012,0.76,Low
9013,1.69,Low
9014,99.33,High
9015,0.87,Low
9016,99.23,High
9017,98.89,High
9018,1.13,Low
9019,0.49,Low
9020,0.94,Low
9021,1.29,Low
9022,1.29,Low
9023,1.42,Low
9024,1.3,Low
9025,0.92,Low
9026,2.35,Low
9027,0.68,Low
9028,99.22,High
9029,1.05,Low
9030,0.71,Low
9031,0.79,Low
9032,1.96,Low
9033,3.95,Low
9034,0.95,Low
9035,0.18,Low
9036,1.79,Low
9037,0.4,Low
9038,1.32,Low
9039,99.31,High
9040,1.47,Low
9041,0.94,Low
9042,1.59,Low
9043,1.09,Low
9044,1.05,Low
9045,98.86,High
9046,1.94,Low
9047,98.41,High
9048,1.3,Low
9049,99.44,High
9050,1.45,Low
9051,1.4,Low
9052,1.59,Low
9053,0.64,Low
9054,99.38,High
9055,99.1,High
9056,0.62,Low
9057,2.66,Low
9058,1.89,Low
9059,0.43,Low
9060,1.27,Low
9061,99.1,High
9062,99.09,High
9063,1.7,Low
9064,2.35,Low
9065,1.0,Low
9066,1.6,Low
9067,99.1,High
9068,0.94,Low
9069,1.43,Low
9070,0.97,Low
9071,99.25,High
9072,0.58,Low
9073,99.16,High
9074,0.76,Low
9075,98.16,High
9076,1.28,Low
9077,1.28,Low
9078,1.81,Low
9079,0.48,Low
9080,0.41,Low
9081,0.78,Low
9082,0.77,Low
9083,98.71,High
9084,0.84,Low
9085,1.07,Low
9086,98.63,High
9087,0.54,Low
9088,98.08,High
9089,1.46,Low
9090,1.41,Low
9091,2.13,Low
9092,99.25,High
9093,99.09,High
9094,0.84,Low
9095,0.84,Low
9096,0.66,Low
9097,99.11,High
9098,1.19,Low
9099,1.29,Low
9100,99.7,High
9101,99.09,High
9102,1.79,Low
9103,1.29,Low
9104,1.39,Low
9105,97.58,High
9106,98.21,High
9107,0.77,Low
9108,1.03,Low
9109,0.77,Low
9110,0.77,Low
9111,99.23,High
9112,0.96,Low
9113,95.9,High
9114,1.02,Low
9115,2.91,Low
9116,0.4,Low
9117,98.08,High
9118,99.59,High
9119,98.37,High
9120,1.02,Low
9121,99.41,High
9122,1.02,Low
9123,1.07,Low
9124,0.43,Low
9125,99.43,High
9126,0.54,Low
9127,99.24,High
9128,0.72,Low
9129,99.32,High
9130,0.4,Low
9131,0.51,Low
9132,0.79,Low
9133,99.38,High
9134,1.15,Low
9135,0.89,Low
9136,0.49,Low
9137,98.55,High
9138,1.48,Low
9139,1.18,Low
9140,0.89,Low
9141,1.83,Low
9142,0.34,Low
9143,2.09,Low
9144,0.89,Low
9145,1.63,Low
9146,99.27,High
9147,1.02,Low
9148,0.36,Low
9149,0.35,Low
9150,1.69,Low
9151,0.67,Low
9152,99.23,High
9153,1.2,Low
9154,98.65,High
9155,99.37,High
9156,1.33,Low
9157,0.96,Low
9158,99.57,High
9159,0.41,Low
9160,99.38,High
9161,1.02,Low
9162,0.77,Low
9163,0.47,Low
9164,99.13,High
9165,98.0,High
9166,0.76,Low
9167,0.58,Low
9168,2.09,Low
9169,0.57,Low
9170,0.46,Low
9171,1.41,Low
9172,0.65,Low
9173,0.73,Low
9174,1.01,Low
9175,0.83,Low
9176,0.65,Low
9177,1.5,Low
9178,1.09,Low
9179,0.43,Low
9180,99.28,High
9181,2.02,Low
9182,0.28,Low
9183,0.93,Low
9184,0.4,Low
9185,0.34,Low
9186,1.4,Low
9187,99.11,High
9188,0.88,Low
9189,0.58,Low
9190,98.57,High
9191,1.5,Low
9192,1.96,Low
9193,0.97,Low
9194,99.17,High
9195,1.02,Low
9196,1.44,Low
9197,1.18,Low
9198,1.19,Low
9199,98.95,High
9200,98.54,High
9201,1.0,Low
9202,1.44,Low
9203,0.56,Low
9204,99.63,High
9205,1.77,Low
9206,99.37,High
9207,0.71,Low
9208,0.93,Low
9209,97.68,High
9210,0.33,Low
9211,0.47,Low
9212,99.02,High
9213,0.47,Low
9214,99.39,High
9215,1.02,Low
9216,1.04,Low
9217,1.41,Low
9218,0.79,Low
9219,0.73,Low
9220,97.74,High
9221,1.17,Low
9222,1.24,Low
9223,99.63,High
9224,2.06,Low
9225,2.26,Low
9226,99.55,High
9227,99.11,High
9228,99.15,High
9229,0.54,Low
9230,1.27,Low
9231,99.04,High
9232,0.23,Low
9233,98.54,High
9234,0.5,Low
9235,0.66,Low
9236,96.38,High
9237,1.46,Low
9238,99.41,High
9239,2.14,Low
9240,1.77,Low
9241,1.48,Low
9242,1.06,Low
9243,97.93,High
9244,1.66,Low
9245,98.46,High
9246,1.53,Low
9247,0.23,Low
9248,0.78,Low
9249,0.9,Low
9250,99.37,High
9251,1.72,Low
9252,0.45,Low
9253,0.63,Low
9254,0.21,Low
9255,1.19,Low
9256,0.47,Low
9257,0.86,Low
9258,1.09,Low
9259,99.06,High
9260,99.43,High
9261,1.8,Low
9262,0.88,Low
9263,0.64,Low
9264,0.6,Low
9265,0.37,Low
9266,1.02,Low
9267,1.09,Low
9268,1.1,Low
9269,0.86,Low
9270,97.44,High
9271,0.96,Low
9272,99.14,High
9273,0.34,Low
9274,0.26,Low
9275,99.33,High
9276,1.62,Low
9277,1.01,Low
9278,98.84,High
9279,0.37,Low
9280,98.65,High
9281,0.12,Low
9282,99.44,High
9283,2.2,Low
9284,1.18,Low
9285,0.45,Low
9286,98.95,High
9287,0.96,Low
9288,0.98,Low
9289,1.33,Low
9290,98.41,High
9291,99.13,High
9292,0.54,Low
9293,99.13,High
9294,99.06,High
9295,0.76,Low
9296,2.62,Low
9297,2.46,Low
9298,99.15,High
9299,1.7,Low
9300,98.41,High
9301,0.77,Low
9302,98.37,High
9303,0.29,Low
9304,1.25,Low
9305,99.03,High
9306,1.17,Low
9307,0.78,Low
9308,1.39,Low
9309,1.28,Low
9310,99.17,High
9311,0.71,Low
9312,99.22,High
9313,1.31,Low
9314,1.09,Low
9315,2.11,Low
9316,98.41,High
9317,1.55,Low
9318,0.66,Low
9319,1.19,Low
9320,0.45,Low
9321,99.59,High
9322,0.51,Low
9323,0.81,Low
9324,3.86,Low
9325,99.41,High
9326,0.64,Low
9327,1.29,Low
9328,0.53,Low
9329,1.57,Low
9330,1.01,Low
9331,99.42,High
9332,2.35,Low
9333,99.18,High
9334,1.37,Low
9335,0.92,Low
9336,0.18,Low
9337,98.79,High
9338,1.96,Low
9339,0.45,Low
9340,1.48,Low
9341,99.14,High
9342,0.94,Low
9343,0.58,Low
9344,99.08,High
9345,0.76,Low
9346,0.64,Low
9347,1.12,Low
9348,1.09,Low
9349,1.03,Low
9350,0.66,Low
9351,0.28,Low
9352,1.81,Low
9353,0.56,Low
9354,97.83,High
9355,0.85,Low
9356,0.65,Low
9357,1.19,Low
9358,99.01,High
9359,99.68,High
9360,1.87,Low
9361,1.09,Low
9362,0.45,Low
9363,0.96,Low
9364,2.02,Low
9365,0.84,Low
9366,0.9,Low
9367,0.87,Low
9368,99.43,High
9369,1.12,Low
9370,0.69,Low
9371,98.08,High
9372,1.82,Low
9373,0.72,Low
9374,1.29,Low
9375,1.44,Low
9376,0.45,Low
9377,0.86,Low
9378,0.78,Low
9379,1.2,Low
9380,2.86,Low
9381,0.96,Low
9382,0.35,Low
9383,1.92,Low
9384,99.13,High
9385,99.37,High
9386,0.12,Low
9387,99.03,High
9388,0.26,Low
9389,0.96,Low
9390,0.6,Low
9391,0.97,Low
9392,1.92,Low
9393,99.51,High
9394,1.05,Low
9395,1.02,Low
9396,0.73,Low
9397,1.05,Low
9398,0.67,Low
9399,0.89,Low
9400,0.87,Low
9401,1.63,Low
9402,0.89,Low
9403,98.65,High
9404,1.06,Low
9405,0.12,Low
9406,1.09,Low
9407,99.08,High
9408,98.49,High
9409,99.15,High
9410,0.72,Low
9411,98.7,High
9412,98.65,High
9413,98.97,High
9414,99.42,High
9415,0.52,Low
9416,1.32,Low
9417,1.33,Low
9418,2.2,Low
9419,99.5,High
9420,1.11,Low
9421,2.41,Low
9422,1.16,Low
9423,99.28,High
9424,98.73,High
9425,1.18,Low
9426,98.87,High
9427,0.45,Low
9428,0.75,Low
9429,0.69,Low
9430,99.29,High
9431,96.15,High
9432,1.17,Low
9433,1.2,Low
9434,1.55,Low
9435,0.76,Low
9436,0.34,Low
9437,1.2,Low
9438,99.5,High
9439,98.73,High
9440,0.96,Low
9441,98.84,High
9442,0.86,Low
9443,97.22,High
9444,1.4,Low
9445,98.99,High
9446,99.04,High
9447,1.3,Low
9448,98.81,High
9449,1.08,Low
9450,0.21,Low
9451,0.37,Low
9452,0.81,Low
9453,98.66,High
9454,0.54,Low
9455,98.54,High
9456,98.53,High
9457,1.3,Low
9458,99.02,High
9459,99.07,High
9460,0.2,Low
9461,0.96,Low
9462,0.95,Low
9463,0.47,Low
9464,97.23,High
9465,0.44,Low
9466,0.58,Low
9467,99.55,High
9468,99.13,High
9469,98.88,High
9470,0.78,Low
9471,0.66,Low
9472,97.89,High
9473,2.35,Low
9474,0.7,Low
9475,0.84,Low
9476,1.0,Low
9477,99.26,High
9478,98.78,High
9479,2.16,Low
9480,0.66,Low
9481,1.09,Low
9482,2.03,Low
9483,0.5,Low
9484,1.19,Low
9485,5.85,Low
9486,1.48,Low
9487,1.31,Low
9488,2.41,Low
9489,1.48,Low
9490,1.13,Low
9491,0.27,Low
9492,1.4,Low
9493,97.37,High
9494,99.22,High
9495,0.36,Low
9496,0.39,Low
9497,0.71,Low
9498,0.35,Low
9499,1.73,Low
9500,2.48,Low
9501,0.43,Low
9502,99.42,High
9503,99.1,High
9504,0.95,Low
9505,0.86,Low
9506,99.09,High
9507,2.2,Low
9508,0.94,Low
9509,0.37,Low
9510,97.56,High
9511,2.48,Low
9512,0.43,Low
9513,1.05,Low
9514,0.72,Low
9515,1.77,Low
9516,98.41,High
9517,99.1,High
9518,99.39,High
9519,0.64,Low
9520,98.99,High
9521,99.41,High
9522,1.01,Low
9523,0.43,Low
9524,99.57,High
9525,1.05,Low
9526,2.24,Low
9527,1.66,Low
9528,2.03,Low
9529,1.82,Low
9530,0.89,Low
9531,2.57,Low
9532,0.45,Low
9533,1.02,Low
9534,99.09,High
9535,0.45,Low
9536,0.63,Low
9537,0.84,Low
9538,1.2,Low
9539,1.21,Low
9540,1.22,Low
9541,1.09,Low
9542,99.43,High
9543,98.08,High
9544,97.53,High
9545,1.94,Low
9546,0.6,Low
9547,98.08,High
9548,0.24,Low
9549,0.9,Low
9550,1.04,Low
9551,98.8,High
9552,1.04,Low
9553,1.42,Low
9554,0.76,Low
9555,0.56,Low
9556,0.64,Low
9557,99.1,High
9558,0.5,Low
9559,0.76,Low
9560,0.65,Low
9561,1.68,Low
9562,2.03,Low
9563,0.43,Low
9564,97.62,High
9565,99.18,High
9566,0.95,Low
9567,0.85,Low
9568,99.13,High
9569,2.22,Low
9570,0.4,Low
9571,0.76,Low
9572,0.56,Low
9573,0.25,Low
9574,0.58,Low
9575,98.27,High
9576,1.69,Low
9577,1.09,Low
9578,0.78,Low
9579,1.69,Low
9580,1.03,Low
9581,3.11,Low
9582,98.49,High
9583,99.09,High
9584,0.67,Low
9585,98.37,High
9586,99.22,High
9587,97.55,High
9588,0.83,Low
9589,1.05,Low
9590,1.39,Low
9591,1.21,Low
9592,97.51,High
9593,0.71,Low
9594,98.93,High
9595,1.03,Low
9596,1.55,Low
9597,0.64,Low
9598,1.4,Low
9599,99.11,High
9600,1.82,Low
9601,0.49,Low
9602,1.39,Low
9603,98.91,High
9604,99.14,High
9605,1.39,Low
9606,0.69,Low
9607,0.78,Low
9608,1.21,Low
9609,99.35,High
9610,1.5,Low
9611,0.44,Low
9612,2.66,Low
9613,1.7,Low
9614,0.63,Low
9615,0.52,Low
9616,0.45,Low
9617,1.04,Low
9618,1.02,Low
9619,0.67,Low
9620,0.84,Low
9621,1.88,Low
9622,1.92,Low
9623,0.36,Low
9624,0.67,Low
9625,0.72,Low
9626,0.6,Low
9627,3.48,Low
9628,0.77,Low
9629,1.12,Low
9630,1.53,Low
9631,0.28,Low
9632,0.48,Low
9633,1.5,Low
9634,99.04,High
9635,99.27,High
9636,2.35,Low
9637,1.09,Low
9638,1.39,Low
9639,98.64,High
9640,0.69,Low
9641,98.69,High
9642,0.23,Low
9643,99.29,High
9644,99.15,High
9645,0.96,Low
9646,1.19,Low
9647,0.65,Low
9648,2.02,Low
9649,0.78,Low
9650,98.54,High
9651,0.98,Low
9652,97.56,High
9653,97.83,High
9654,0.44,Low
9655,99.1,High
9656,1.82,Low
9657,99.32,High
9658,1.14,Low
9659,1.11,Low
9660,0.83,Low
9661,1.08,Low
9662,99.03,High
9663,97.89,High
9664,99.14,High
9665,1.21,Low
9666,1.03,Low
9667,99.01,High
9668,0.81,Low
9669,0.83,Low
9670,1.0,Low
9671,99.31,High
9672,2.62,Low
9673,0.66,Low
9674,0.47,Low
9675,0.39,Low
9676,2.57,Low
9677,1.08,Low
9678,98.96,High
9679,1.02,Low
9680,98.95,High
9681,99.08,High
9682,99.04,High
9683,0.43,Low
9684,1.6,Low
9685,99.47,High
9686,98.08,High
9687,2.57,Low
9688,0.95,Low
9689,2.29,Low
9690,99.38,High
9691,0.36,Low
9692,0.44,Low
9693,1.94,Low
9694,99.14,High
9695,1.44,Low
9696,0.67,Low
9697,0.15,Low
9698,0.78,Low
9699,99.32,High
9700,0.7,Low
9701,1.89,Low
9702,1.92,Low
9703,0.72,Low
9704,1.35,Low
9705,1.59,Low
9706,2.2,Low
9707,2.71,Low
9708,1.4,Low
9709,0.83,Low
9710,0.43,Low
9711,0.36,Low
9712,98.09,High
9713,99.14,High
9714,99.18,High
9715,0.48,Low
9716,98.97,High
9717,2.48,Low
9718,98.65,High
9719,0.6,Low
9720,0.77,Low
9721,0.93,Low
9722,99.03,High
9723,99.33,High
9724,0.49,Low
9725,0.25,Low
9726,99.19,High
9727,99.32,High
9728,0.95,Low
9729,0.67,Low
9730,0.97,Low
9731,99.15,High
9732,2.55,Low
9733,99.03,High
9734,0.53,Low
9735,2.62,Low
9736,1.23,Low
9737,0.87,Low
9738,1.48,Low
9739,1.19,Low
9740,1.21,Low
9741,97.8,High
9742,0.3,Low
9743,2.32,Low
9744,1.82,Low
9745,1.02,Low
9746,0.6,Low
9747,0.64,Low
9748,0.28,Low
9749,0.58,Low
9750,98.9,High
9751,0.93,Low
9752,0.74,Low
9753,98.81,High
9754,1.14,Low
9755,0.28,Low
9756,1.02,Low
9757,0.46,Low
9758,1.22,Low
9759,1.4,Low
9760,99.1,High
9761,1.32,Low
9762,1.26,Low
9763,1.11,Low
9764,1.7,Low
9765,98.21,High
9766,99.08,High
9767,1.02,Low
9768,1.09,Low
9769,0.94,Low
9770,1.02,Low
9771,98.65,High
9772,1.02,Low
9773,0.72,Low
9774,2.44,Low
9775,0.51,Low
9776,0.35,Low
9777,97.15,High
9778,1.74,Low
9779,1.16,Low
9780,0.6,Low
9781,1.08,Low
9782,1.44,Low
9783,98.84,High
9784,0.71,Low
9785,99.19,High
9786,0.82,Low
9787,1.16,Low
9788,98.53,High
9789,99.13,High
9790,1.5,Low
9791,1.65,Low
9792,2.03,Low
9793,0.97,Low
9794,1.69,Low
9795,98.96,High
9796,0.86,Low
9797,99.55,High
9798,98.71,High
9799,0.74,Low
9800,2.29,Low
9801,98.56,High
9802,0.87,Low
9803,1.83,Low
9804,0.71,Low
9805,0.83,Low
9806,0.94,Low
9807,0.52,Low
9808,0.86,Low
9809,1.18,Low
9810,1.87,Low
9811,0.62,Low
9812,98.95,High
9813,98.48,High
9814,99.18,High
9815,1.28,Low
9816,98.94,High
9817,0.62,Low
9818,0.43,Low
9819,0.97,Low
9820,0.47,Low
9821,1.8,Low
9822,0.7,Low
9823,1.48,Low
9824,1.2,Low
9825,98.75,High
9826,0.64,Low
9827,0.79,Low
9828,2.32,Low
9829,98.99,High
9830,0.43,Low
9831,0.35,Low
9832,97.74,High
9833,0.32,Low
9834,1.3,Low
9835,0.87,Low
9836,1.4,Low
9837,98.84,High
9838,0.79,Low
9839,99.36,High
9840,1.28,Low
9841,98.56,High
9842,0.74,Low
9843,1.08,Low
9844,0.43,Low
9845,0.76,Low
9846,0.66,Low
9847,1.88,Low
9848,99.04,High
9849,0.84,Low
9850,1.79,Low
9851,99.28,High
9852,99.49,High
9853,0.65,Low
9854,0.9,Low
9855,99.15,High
9856,1.16,Low
9857,1.14,Low
9858,1.17,Low
9859,1.14,Low
9860,0.25,Low
9861,95.9,High
9862,0.3,Low
9863,99.04,High
9864,98.41,High
9865,0.36,Low
9866,0.43,Low
9867,1.06,Low
9868,0.96,Low
9869,0.77,Low
9870,0.67,Low
9871,0.32,Low
9872,1.46,Low
9873,99.23,High
9874,0.86,Low
9875,98.96,High
9876,0.87,Low
9877,1.75,Low
9878,99.04,High
9879,1.09,Low
9880,1.82,Low
9881,99.15,High
9882,0.6,Low
9883,99.15,High
9884,0.47,Low
9885,0.73,Low
9886,1.05,Low
9887,0.95,Low
9888,0.43,Low
9889,0.37,Low
9890,1.16,Low
9891,98.7,High
9892,0.67,Low
9893,99.06,High
9894,0.27,Low
9895,0.91,Low
9896,99.24,High
9897,0.5,Low
9898,1.92,Low
9899,99.01,High
9900,1.19,Low
9901,99.29,High
9902,99.68,High
9903,1.05,Low
9904,1.14,Low
9905,1.26,Low
9906,0.92,Low
9907,2.02,Low
9908,0.43,Low
9909,0.82,Low
9910,0.94,Low
9911,0.35,Low
9912,1.24,Low
9913,1.68,Low
9914,98.08,High
9915,0.68,Low
9916,0.89,Low
9917,1.65,Low
9918,1.91,Low
9919,2.22,Low
9920,0.29,Low
9921,0.56,Low
9922,98.55,High
9923,0.64,Low
9924,0.76,Low
9925,1.41,Low
9926,99.04,High
9927,99.59,High
9928,0.27,Low
9929,99.39,High
9930,1.09,Low
9931,98.49,High
9932,1.92,Low
9933,98.86,High
9934,1.92,Low
9935,0.54,Low
9936,1.15,Low
9937,1.5,Low
9938,97.53,High
9939,98.88,High
9940,98.41,High
9941,0.41,Low
9942,0.62,Low
9943,0.46,Low
9944,99.42,High
9945,0.25,Low
9946,1.34,Low
9947,97.08,High
9948,1.12,Low
9949,1.21,Low
9950,0.23,Low
9951,1.37,Low
9952,98.95,High
9953,2.53,Low
9954,0.89,Low
9955,0.43,Low
9956,0.78,Low
9957,0.45,Low
9958,1.05,Low
9959,1.57,Low
9960,1.84,Low
9961,98.55,High
9962,1.12,Low
9963,1.4,Low
9964,0.36,Low
9965,1.1,Low
9966,1.4,Low
9967,2.44,Low
9968,99.71,High
9969,0.64,Low
9970,2.22,Low
9971,1.59,Low
9972,1.25,Low
9973,0.15,Low
9974,98.79,High
9975,0.77,Low
9976,2.0,Low
9977,0.81,Low
9978,98.99,High
9979,0.89,Low
9980,2.02,Low
9981,0.49,Low
9982,98.93,High
9983,1.43,Low
9984,0.81,Low
9985,1.37,Low
9986,0.48,Low
9987,0.18,Low
9988,99.29,High
9989,1.06,Low
9990,97.37,High
9991,97.37,High
9992,0.92,Low
9993,1.87,Low
9994,97.93,High
9995,0.42,Low
9996,0.72,Low
9997,98.97,High
9998,1.98,Low
9999,98.55,High
10000,98.89,High
10001,98.47,High
10002,1.19,Low
10003,1.1,Low
10004,0.4,Low
10005,0.37,Low
10006,99.12,High
10007,0.89,Low
10008,1.23,Low
10009,4.24,Low
10010,1.27,Low
10011,0.68,Low
10012,1.35,Low
10013,99.32,High
10014,98.56,High
10015,99.18,High
10016,1.25,Low
10017,0.96,Low
10018,2.53,Low
10019,99.1,High
10020,1.03,Low
10021,0.47,Low
10022,0.3,Low
10023,1.05,Low
10024,1.62,Low
10025,1.5,Low
10026,0.85,Low
10027,99.16,High
10028,1.05,Low
10029,0.87,Low
10030,98.95,High
10031,97.89,High
10032,99.08,High
10033,0.95,Low
10034,0.89,Low
10035,0.44,Low
10036,1.66,Low
10037,98.85,High
10038,0.72,Low
10039,2.57,Low
10040,1.79,Low
10041,1.6,Low
10042,1.4,Low
10043,1.67,Low
10044,0.83,Low
10045,0.56,Low
10046,0.88,Low
10047,0.43,Low
10048,98.72,High
10049,1.81,Low
10050,99.5,High
10051,0.62,Low
10052,0.67,Low
10053,0.9,Low
10054,98.53,High
10055,0.67,Low
10056,99.06,High
10057,99.14,High
10058,1.37,Low
10059,98.08,High
10060,1.51,Low
10061,1.3,Low
10062,98.53,High
10063,0.5,Low
10064,0.32,Low
10065,1.48,Low
10066,0.69,Low
10067,97.22,High
10068,0.35,Low
10069,0.82,Low
10070,0.29,Low
10071,1.08,Low
10072,1.13,Low
10073,99.51,High
10074,0.88,Low
10075,0.74,Low
10076,0.68,Low
10077,99.52,High
10078,1.7,Low
10079,1.88,Low
10080,2.2,Low
10081,1.21,Low
10082,99.64,High
10083,99.22,High
10084,99.12,High
10085,0.86,Low
10086,0.43,Low
10087,0.36,Low
10088,99.28,High
10089,98.76,High
10090,0.72,Low
10091,1.57,Low
10092,0.72,Low
10093,1.17,Low
10094,0.15,Low
10095,0.84,Low
10096,0.56,Low
10097,1.79,Low
10098,1.18,Low
10099,1.74,Low
10100,0.71,Low
10101,0.86,Low
10102,0.9,Low
10103,0.53,Low
10104,0.6,Low
10105,98.85,High
10106,0.33,Low
10107,1.8,Low
10108,1.54,Low
10109,1.1,Low
10110,1.01,Low
10111,0.48,Low
10112,0.66,Low
10113,0.84,Low
10114,0.9,Low
10115,98.21,High
10116,1.11,Low
10117,2.36,Low
10118,1.01,Low
10119,0.95,Low
10120,0.62,Low
10121,0.64,Low
10122,0.87,Low
10123,1.38,Low
10124,1.92,Low
10125,0.63,Low
10126,1.39,Low
10127,0.62,Low
10128,99.29,High
10129,98.8,High
10130,98.38,High
10131,0.92,Low
10132,0.65,Low
10133,98.48,High
10134,2.19,Low
10135,93.15,High
10136,99.14,High
10137,0.46,Low
10138,0.58,Low
10139,98.82,High
10140,99.23,High
10141,0.67,Low
10142,97.62,High
10143,2.79,Low
10144,99.7,High
10145,99.47,High
10146,97.22,High
10147,98.63,High
10148,99.38,High
10149,0.55,Low
10150,98.11,High
10151,1.27,Low
10152,1.17,Low
10153,98.48,High
10154,0.97,Low
10155,98.48,High
10156,1.59,Low
10157,1.88,Low
10158,1.3,Low
10159,99.14,High
10160,98.9,High
10161,1.09,Low
10162,0.85,Low
10163,98.75,High
10164,0.43,Low
10165,95.38,High
10166,0.62,Low
10167,1.16,Low
10168,1.7,Low
10169,99.11,High
10170,99.38,High
10171,1.29,Low
10172,1.51,Low
10173,0.89,Low
10174,99.23,High
10175,1.06,Low
10176,1.82,Low
10177,0.15,Low
10178,99.16,High
10179,0.85,Low
10180,1.42,Low
10181,99.16,High
10182,1.82,Low
10183,1.32,Low
10184,98.41,High
10185,99.12,High
10186,0.54,Low
10187,2.32,Low
10188,97.56,High
10189,99.42,High
10190,98.56,High
10191,0.53,Low
10192,99.02,High
10193,0.31,Low
10194,97.8,High
10195,98.47,High
10196,1.05,Low
10197,1.18,Low
10198,0.41,Low
10199,98.35,High
10200,98.71,High
10201,0.44,Low
10202,1.91,Low
10203,99.17,High
10204,99.17,High
10205,0.35,Low
10206,99.71,High
10207,98.65,High
10208,1.09,Low
10209,1.02,Low
10210,0.71,Low
10211,1.57,Low
10212,99.03,High
10213,1.13,Low
10214,0.74,Low
10215,99.55,High
10216,2.41,Low
10217,99.37,High
10218,1.02,Low
10219,0.53,Low
10220,0.97,Low
10221,0.57,Low
10222,1.06,Low
10223,0.47,Low
10224,98.8,High
10225,0.77,Low
10226,0.99,Low
10227,1.59,Low
10228,0.34,Low
10229,0.43,Low
10230,0.82,Low
10231,0.87,Low
10232,0.77,Low
10233,1.01,Low
10234,1.47,Low
10235,97.22,High
10236,99.28,High
10237,98.99,High
10238,99.04,High
10239,0.5,Low
10240,0.9,Low
10241,1.1,Low
10242,1.02,Low
10243,1.25,Low
10244,1.83,Low
10245,1.09,Low
10246,0.94,Low
10247,1.02,Low
10248,0.64,Low
10249,99.59,High
10250,2.49,Low
10251,0.3,Low
10252,0.23,Low
10253,0.22,Low
10254,98.94,High
10255,98.99,High
10256,99.28,High
10257,1.48,Low
10258,1.3,Low
10259,1.41,Low
10260,0.58,Low
10261,2.46,Low
10262,97.54,High
10263,0.34,Low
10264,0.64,Low
10265,0.47,Low
10266,1.36,Low
10267,1.02,Low
10268,98.11,High
10269,0.42,Low
10270,0.45,Low
10271,1.81,Low
10272,1.07,Low
10273,0.89,Low
10274,99.12,High
10275,1.19,Low
10276,0.5,Low
10277,94.85,High
10278,0.52,Low
10279,1.57,Low
10280,98.69,High
10281,0.43,Low
10282,0.88,Low
10283,0.85,Low
10284,1.26,Low
10285,1.18,Low
10286,0.67,Low
10287,0.71,Low
10288,98.6,High
10289,0.74,Low
10290,1.0,Low
10291,0.47,Low
10292,98.12,High
10293,3.92,Low
10294,0.96,Low
10295,1.0,Low
10296,99.43,High
10297,0.32,Low
10298,0.55,Low
10299,0.15,Low
10300,1.16,Low
10301,0.57,Low
10302,0.94,Low
10303,99.18,High
10304,98.25,High
10305,0.81,Low
10306,0.91,Low
10307,1.1,Low
10308,1.01,Low
10309,0.89,Low
10310,98.76,High
10311,98.93,High
10312,1.74,Low
10313,2.91,Low
10314,99.37,High
10315,0.86,Low
10316,1.29,Low
10317,0.91,Low
10318,99.29,High
10319,0.98,Low
10320,98.75,High
10321,0.34,Low
10322,0.43,Low
10323,0.39,Low
10324,0.93,Low
10325,0.74,Low
10326,1.0,Low
10327,2.46,Low
10328,0.87,Low
10329,0.47,Low
10330,0.73,Low
10331,98.25,High
10332,1.0,Low
10333,1.3,Low
10334,97.23,High
10335,99.49,High
10336,2.02,Low
10337,2.24,Low
10338,1.24,Low
10339,0.39,Low
10340,1.39,Low
10341,3.46,Low
10342,0.26,Low
10343,0.23,Low
10344,0.36,Low
10345,1.01,Low
10346,0.58,Low
10347,1.05,Low
10348,1.16,Low
10349,0.69,Low
10350,1.05,Low
10351,1.21,Low
10352,1.59,Low
10353,1.39,Low
10354,1.17,Low
10355,98.86,High
10356,1.93,Low
10357,0.3,Low
10358,98.35,High
10359,99.32,High
10360,98.8,High
10361,0.52,Low
10362,0.89,Low
10363,0.23,Low
10364,98.41,High
10365,99.29,High
10366,0.3,Low
10367,0.91,Low
10368,99.35,High
10369,0.51,Low
10370,0.97,Low
10371,0.39,Low
10372,0.88,Low
10373,98.94,High
10374,0.15,Low
10375,0.64,Low
10376,99.37,High
10377,0.6,Low
10378,99.64,High
10379,0.9,Low
10380,98.53,High
10381,98.47,High
10382,0.34,Low
10383,98.89,High
10384,0.89,Low
10385,98.41,High
10386,99.28,High
10387,0.87,Low
10388,0.86,Low
10389,99.27,High
10390,99.31,High
10391,0.74,Low
10392,0.23,Low
10393,99.19,High
10394,1.05,Low
10395,0.54,Low
10396,0.66,Low
10397,98.63,High
10398,0.98,Low
10399,1.06,Low
10400,0.86,Low
10401,1.72,Low
10402,0.5,Low
10403,0.2,Low
10404,1.18,Low
10405,1.42,Low
10406,0.58,Low
10407,98.9,High
10408,1.16,Low
10409,0.31,Low
10410,0.86,Low
10411,98.63,High
10412,0.28,Low
10413,0.79,Low
10414,98.9,High
10415,0.77,Low
10416,1.31,Low
10417,94.84,High
10418,0.94,Low
10419,0.69,Low
10420,99.14,High
10421,1.09,Low
10422,0.77,Low
10423,1.25,Low
10424,0.57,Low
10425,1.01,Low
10426,1.59,Low
10427,2.35,Low
10428,0.47,Low
10429,1.47,Low
10430,0.77,Low
10431,0.93,Low
10432,2.6,Low
10433,2.16,Low
10434,0.97,Low
10435,99.18,High
10436,98.08,High
10437,0.36,Low
10438,1.79,Low
10439,0.15,Low
10440,0.47,Low
10441,99.27,High
10442,1.76,Low
10443,0.66,Low
10444,1.0,Low
10445,1.66,Low
10446,1.23,Low
10447,98.86,High
10448,0.85,Low
10449,1.47,Low
10450,0.66,Low
10451,99.42,High
10452,1.28,Low
10453,0.43,Low
10454,0.91,Low
10455,1.01,Low
10456,0.72,Low
10457,1.57,Low
10458,1.15,Low
10459,0.65,Low
10460,1.11,Low
10461,99.18,High
10462,0.74,Low
10463,1.18,Low
10464,1.2,Low
10465,99.41,High
10466,98.83,High
10467,2.55,Low
10468,99.41,High
10469,1.25,Low
10470,99.35,High
10471,1.59,Low
10472,1.08,Low
10473,0.66,Low
10474,97.22,High
10475,99.08,High
10476,0.89,Low
10477,99.42,High
10478,1.08,Low
10479,0.47,Low
10480,95.35,High
10481,1.65,Low
10482,1.01,Low
10483,0.31,Low
10484,1.19,Low
10485,0.44,Low
10486,1.92,Low
10487,0.67,Low
10488,1.98,Low
10489,0.62,Low
10490,97.54,High
10491,1.92,Low
10492,0.29,Low
10493,1.5,Low
10494,0.81,Low
10495,0.47,Low
10496,0.27,Low
10497,0.44,Low
10498,98.89,High
10499,2.2,Low
10500,0.16,Low
10501,1.01,Low
10502,99.49,High
10503,99.14,High
10504,0.35,Low
10505,1.15,Low
10506,99.52,High
10507,1.07,Low
10508,1.8,Low
10509,0.51,Low
10510,97.7,High
10511,99.04,High
10512,0.93,Low
10513,1.24,Low
10514,99.19,High
10515,97.39,High
10516,1.09,Low
10517,0.81,Low
10518,0.67,Low
10519,98.11,High
10520,98.94,High
10521,0.25,Low
10522,98.93,High
10523,0.95,Low
10524,0.84,Low
10525,1.19,Low
10526,0.81,Low
10527,98.37,High
10528,1.15,Low
10529,0.27,Low
10530,99.39,High
10531,99.06,High
10532,0.94,Low
10533,0.46,Low
10534,1.44,Low
10535,0.63,Low
10536,98.86,High
10537,0.73,Low
10538,2.0,Low
10539,0.88,Low
10540,1.6,Low
10541,0.43,Low
10542,0.21,Low
10543,99.41,High
10544,1.27,Low
10545,99.03,High
10546,0.45,Low
10547,0.97,Low
10548,99.31,High
10549,98.72,High
10550,2.86,Low
10551,97.74,High
10552,0.72,Low
10553,1.59,Low
10554,1.07,Low
10555,2.02,Low
10556,0.71,Low
10557,97.54,High
10558,1.89,Low
10559,1.47,Low
10560,0.42,Low
10561,0.74,Low
10562,0.47,Low
10563,0.92,Low
10564,99.41,High
10565,99.23,High
10566,98.21,High
10567,2.57,Low
10568,1.89,Low
10569,99.03,High
10570,2.2,Low
10571,0.92,Low
10572,96.81,High
10573,99.01,High
10574,0.86,Low
10575,0.15,Low
10576,98.0,High
10577,0.36,Low
10578,1.29,Low
10579,0.78,Low
10580,99.15,High
10581,97.93,High
10582,0.45,Low
10583,98.99,High
10584,0.6,Low
10585,99.17,High
10586,99.04,High
10587,0.73,Low
10588,2.19,Low
10589,99.45,High
10590,98.09,High
10591,0.74,Low
10592,1.96,Low
10593,98.94,High
10594,1.07,Low
10595,1.12,Low
10596,0.79,Low
10597,1.43,Low
10598,0.78,Low
10599,99.09,High
10600,1.2,Low
10601,1.73,Low
10602,1.3,Low
10603,0.15,Low
10604,0.74,Low
10605,1.05,Low
10606,99.42,High
10607,99.33,High
10608,1.24,Low
10609,1.55,Low
10610,2.91,Low
10611,99.31,High
10612,98.25,High
10613,1.59,Low
10614,98.88,High
10615,98.85,High
10616,98.41,High
10617,0.87,Low
10618,0.74,Low
10619,98.65,High
10620,1.59,Low
10621,98.41,High
10622,0.51,Low
10623,2.06,Low
10624,0.92,Low
10625,0.15,Low
10626,99.38,High
10627,0.77,Low
10628,98.41,High
10629,0.48,Low
10630,1.45,Low
10631,1.05,Low
10632,0.6,Low
10633,99.32,High
10634,99.06,High
10635,0.39,Low
10636,98.56,High
10637,98.9,High
10638,98.86,High
10639,0.78,Low
10640,0.89,Low
10641,1.79,Low
10642,99.63,High
10643,0.44,Low
10644,0.97,Low
10645,0.43,Low
10646,98.94,High
10647,0.93,Low
10648,0.83,Low
10649,99.64,High
10650,98.73,High
10651,99.27,High
10652,99.02,High
10653,98.65,High
10654,1.07,Low
10655,1.97,Low
10656,99.17,High
10657,1.6,Low
10658,1.83,Low
10659,98.9,High
10660,0.74,Low
10661,0.98,Low
10662,1.53,Low
10663,97.86,High
10664,99.41,High
10665,99.71,High
10666,0.45,Low
10667,0.91,Low
10668,0.34,Low
10669,98.89,High
10670,0.64,Low
10671,0.43,Low
10672,1.11,Low
10673,5.82,Low
10674,99.38,High
10675,1.03,Low
10676,0.45,Low
10677,0.39,Low
10678,1.09,Low
10679,99.42,High
10680,99.17,High
10681,98.56,High
10682,1.05,Low
10683,99.01,High
10684,1.05,Low
10685,0.71,Low
10686,0.75,Low
10687,98.54,High
10688,0.94,Low
10689,0.91,Low
10690,0.35,Low
10691,0.82,Low
10692,99.33,High
10693,98.08,High
10694,0.29,Low
10695,2.86,Low
10696,1.98,Low
10697,99.36,High
10698,2.86,Low
10699,99.44,High
10700,0.69,Low
10701,98.39,High
10702,0.87,Low
10703,0.47,Low
10704,1.02,Low
10705,0.58,Low
10706,97.81,High
10707,99.03,High
10708,2.22,Low
10709,98.73,High
10710,0.8,Low
10711,1.03,Low
10712,99.29,High
10713,2.85,Low
10714,1.28,Low
10715,0.51,Low
10716,1.85,Low
10717,0.66,Low
10718,99.49,High
10719,98.97,High
10720,99.5,High
10721,99.24,High
10722,1.68,Low
10723,98.35,High
10724,98.16,High
10725,0.98,Low
10726,2.07,Low
10727,0.74,Low
10728,0.36,Low
10729,0.82,Low
10730,0.9,Low
10731,98.72,High
10732,0.95,Low
10733,0.96,Low
10734,98.42,High
10735,1.09,Low
10736,99.02,High
10737,1.16,Low
10738,0.4,Low
10739,99.51,High
10740,0.56,Low
10741,0.43,Low
10742,99.38,High
10743,0.32,Low
10744,1.21,Low
10745,97.37,High
10746,98.99,High
10747,2.66,Low
10748,99.31,High
10749,0.67,Low
10750,99.51,High
10751,98.38,High
10752,1.11,Low
10753,0.46,Low
10754,1.26,Low
10755,99.49,High
10756,1.2,Low
10757,0.48,Low
10758,0.88,Low
10759,99.7,High
10760,99.1,High
10761,2.19,Low
10762,2.48,Low
10763,0.61,Low
10764,0.57,Low
10765,0.43,Low
10766,2.12,Low
10767,1.69,Low
10768,2.86,Low
10769,98.44,High
10770,0.69,Low
10771,99.06,High
10772,1.09,Low
10773,98.54,High
10774,0.66,Low
10775,1.37,Low
10776,1.65,Low
10777,0.39,Low
10778,1.09,Low
10779,1.02,Low
10780,0.74,Low
10781,98.65,High
10782,1.51,Low
10783,1.06,Low
10784,1.06,Low
10785,99.13,High
10786,2.22,Low
10787,0.77,Low
10788,0.46,Low
10789,98.76,High
10790,0.97,Low
10791,2.22,Low
10792,0.78,Low
10793,98.9,High
10794,98.08,High
10795,0.47,Low
10796,0.49,Low
10797,98.8,High
10798,0.35,Low
10799,0.91,Low
10800,0.96,Low
10801,0.82,Low
10802,1.6,Low
10803,1.3,Low
10804,0.64,Low
10805,0.18,Low
10806,0.43,Low
10807,1.11,Low
10808,1.49,Low
10809,99.23,High
10810,0.61,Low
10811,2.09,Low
10812,1.82,Low
10813,0.95,Low
10814,0.34,Low
10815,99.45,High
10816,98.56,High
10817,0.92,Low
10818,0.22,Low
10819,1.92,Low
10820,1.2,Low
10821,0.58,Low
10822,0.64,Low
10823,98.99,High
10824,98.81,High
10825,1.68,Low
10826,0.74,Low
10827,98.73,High
10828,0.65,Low
10829,98.41,High
10830,99.11,High
10831,1.08,Low
10832,0.38,Low
10833,0.35,Low
10834,0.58,Low
10835,2.79,Low
10836,1.29,Low
10837,0.82,Low
10838,98.47,High
10839,95.38,High
10840,97.08,High
10841,0.88,Low
10842,1.22,Low
10843,1.37,Low
10844,0.47,Low
10845,1.01,Low
10846,0.65,Low
10847,0.76,Low
10848,1.05,Low
10849,3.11,Low
10850,2.24,Low
10851,0.46,Low
10852,94.84,High
10853,99.04,High
10854,0.32,Low
10855,1.49,Low
10856,1.25,Low
10857,1.4,Low
10858,98.08,High
10859,0.42,Low
10860,99.24,High
10861,1.92,Low
10862,99.44,High
10863,1.1,Low
10864,99.28,High
10865,99.07,High
10866,2.04,Low
10867,0.87,Low
10868,0.63,Low
10869,1.17,Low
10870,1.07,Low
10871,0.9,Low
10872,1.93,Low
10873,0.36,Low
10874,1.69,Low
10875,98.6,High
10876,99.06,High
10877,95.81,High
10878,0.43,Low
10879,1.01,Low
10880,99.16,High
10881,0.63,Low
10882,98.55,High
10883,1.02,Low
10884,99.28,High
10885,1.36,Low
10886,0.38,Low
10887,0.2,Low
10888,0.16,Low
10889,1.51,Low
10890,1.43,Low
10891,99.16,High
10892,0.81,Low
10893,0.76,Low
10894,0.47,Low
10895,0.57,Low
10896,2.2,Low
10897,2.12,Low
10898,0.41,Low
10899,0.77,Low
10900,99.24,High
10901,0.47,Low
10902,2.6,Low
10903,98.55,High
10904,99.35,High
10905,0.66,Low
10906,0.21,Low
10907,0.6,Low
10908,1.27,Low
10909,0.54,Low
10910,98.09,High
10911,99.31,High
10912,0.94,Low
10913,2.01,Low
10914,0.74,Low
10915,98.57,High
10916,0.18,Low
10917,1.7,Low
10918,99.14,High
10919,99.11,High
10920,0.3,Low
10921,99.16,High
10922,0.15,Low
10923,0.51,Low
10924,1.29,Low
10925,0.58,Low
10926,99.43,High
10927,0.31,Low
10928,0.73,Low
10929,99.16,High
10930,0.36,Low
10931,1.82,Low
10932,0.37,Low
10933,0.4,Low
10934,0.65,Low
10935,98.81,High
10936,0.56,Low
10937,1.1,Low
10938,1.62,Low
10939,0.91,Low
10940,99.57,High
10941,1.13,Low
10942,1.47,Low
10943,1.29,Low
10944,0.16,Low
10945,99.29,High
10946,98.82,High
10947,0.6,Low
10948,98.98,High
10949,1.77,Low
10950,0.34,Low
10951,99.14,High
10952,99.38,High
10953,0.31,Low
10954,0.58,Low
10955,0.88,Low
10956,98.56,High
10957,99.06,High
10958,99.17,High
10959,0.3,Low
10960,1.12,Low
10961,0.52,Low
10962,0.78,Low
10963,0.64,Low
10964,0.69,Low
10965,0.18,Low
10966,99.31,High
10967,0.77,Low
10968,1.03,Low
10969,0.97,Low
10970,0.41,Low
10971,99.01,High
10972,1.66,Low
10973,0.64,Low
10974,0.45,Low
10975,1.29,Low
10976,99.39,High
10977,0.82,Low
10978,0.9,Low
10979,98.68,High
10980,0.65,Low
10981,99.38,High
10982,0.78,Low
10983,0.43,Low
10984,1.98,Low
10985,99.04,High
10986,98.89,High
10987,0.43,Low
10988,98.27,High
10989,1.09,Low
10990,98.46,High
10991,1.14,Low
10992,1.12,Low
10993,0.75,Low
10994,1.26,Low
10995,1.23,Low
10996,98.72,High
10997,1.2,Low
10998,0.78,Low
10999,0.35,Low
11000,0.58,Low
11001,0.86,Low
11002,1.17,Low
11003,98.84,High
11004,0.74,Low
11005,0.7,Low
11006,1.04,Low
11007,99.26,High
11008,1.59,Low
11009,1.36,Low
11010,0.34,Low
11011,1.59,Low
11012,0.43,Low
11013,0.87,Low
11014,95.35,High
11015,0.81,Low
11016,0.23,Low
11017,99.18,High
11018,1.62,Low
11019,2.07,Low
11020,98.37,High
11021,1.3,Low
11022,99.32,High
11023,0.95,Low
11024,0.23,Low
11025,0.65,Low
11026,0.4,Low
11027,1.03,Low
11028,0.63,Low
11029,0.4,Low
11030,1.53,Low
11031,98.79,High
11032,5.03,Low
11033,99.6,High
11034,98.62,High
11035,98.63,High
11036,99.51,High
11037,99.27,High
11038,96.82,High
11039,99.75,High
11040,99.16,High
11041,97.99,High
11042,16.26,Low
11043,97.98,High
11044,98.35,High
11045,2.07,Low
11046,99.25,High
11047,97.86,High
11048,99.45,High
11049,98.83,High
11050,98.67,High
11051,97.83,High
11052,98.48,High
11053,99.56,High
11054,98.89,High
11055,99.66,High
11056,98.45,High
11057,18.45,Low
11058,99.79,High
11059,1.05,Low
11060,1.53,Low
11061,98.79,High
11062,5.03,Low
11063,99.6,High
11064,98.62,High
11065,98.63,High
11066,99.51,High
11067,99.27,High
11068,96.82,High
11069,99.75,High
11070,99.16,High
11071,97.99,High
11072,16.26,Low
11073,97.98,High
11074,98.35,High
11075,2.07,Low
11076,99.25,High
11077,97.86,High
11078,99.45,High
11079,98.83,High
11080,98.67,High
11081,97.83,High
11082,98.48,High
11083,99.56,High
11084,98.89,High
11085,99.66,High
11086,98.45,High
11087,18.45,Low
11088,99.79,High
11089,1.05,Low
11090,1.53,Low
11091,98.79,High
11092,5.03,Low
11093,99.6,High
11094,98.62,High
11095,98.63,High
11096,99.51,High
11097,99.27,High
11098,96.82,High
11099,99.75,High
11100,99.16,High
11101,97.99,High
11102,16.26,Low
11103,97.98,High
11104,98.35,High
11105,2.07,Low
11106,99.25,High
11107,97.86,High
11108,99.45,High
11109,98.83,High
11110,98.67,High
11111,97.83,High
11112,98.48,High
11113,99.56,High
11114,98.89,High
11115,99.66,High
11116,98.45,High
11117,18.45,Low
11118,99.79,High
11119,1.05,Low
11120,1.53,Low
11121,98.79,High
11122,5.03,Low
11123,99.6,High
11124,98.62,High
11125,98.63,High
11126,99.51,High
11127,99.27,High
11128,96.82,High
11129,99.75,High
11130,99.16,High
11131,97.99,High
11132,16.26,Low
11133,97.98,High
11134,98.35,High
11135,2.07,Low
11136,99.25,High
11137,97.86,High
11138,99.45,High
11139,98.83,High
11140,98.67,High
11141,97.83,High
11142,98.48,High
11143,99.56,High
11144,98.89,High
11145,99.66,High
11146,98.45,High
11147,18.45,Low
11148,99.79,High
11149,1.05,Low
11150,1.53,Low
11151,98.79,High
11152,5.03,Low
11153,99.6,High
11154,98.62,High
11155,98.63,High
11156,99.51,High
11157,99.27,High
11158,96.82,High
11159,99.75,High
11160,99.16,High
11161,97.99,High
11162,16.26,Low
11163,97.98,High
11164,98.35,High
11165,2.07,Low
11166,99.25,High
11167,97.86,High
11168,99.45,High
11169,98.83,High
11170,98.67,High
11171,97.83,High
11172,98.48,High
11173,99.56,High
11174,98.89,High
11175,99.66,High
11176,98.45,High
11177,18.45,Low
11178,99.79,High
11179,1.05,Low
