userid,review,compound_score
1009,"The app is amazing, I planned my entire trip using it!",0.6239
1011,"Premium unlocks great features, definitely worth the upgrade.",0.8271
1015,"After the update, the app crashes at least once every session.",0.0
1018,Some premium features are not as useful as advertised.,-0.3412
1021,Issues with search button.,0.0
1022,Love sharing travel photos.,0.7906
1025,Easy to split expenses.,0.4404
1028,Keeps my trips organized.,0.0
1030,"The premium features are fantastic, especially for frequent travelers. Totally worth the extra cost.",0.6997
1034,I can finally keep track of my trip expenses without needing a separate app.,0.0
1037,"Not impressed with the update, app performance has declined noticeably.",-0.3724
1042,"I expected more from the premium subscription, not impressed.",-0.3724
1047,"I can't get past the payment step, please fix this!",0.3802
1049,"Great interface, but slow.",0.3716
1051,"Premium tools are a game changer, worth the price.",0.2263
1052,"Error messages keep popping up, very frustrating!",-0.7339
1053,Not too many ads compared to other apps.,0.0
1055,"The new premium tools are helpful, but the subscription is a bit overpriced.",0.2263
1058,"Minimal ads, they don't really bother me.",0.3078
1059,"Too many video ads, they waste my time.",-0.4215
1060,Needs more customization.,0.0
1063,Helpful but glitchy.,0.2263
1064,Flight bookings take time.,0.0
1065,"App runs smoothly after the update, no more crashes like before.",0.1477
1069,"The update really enhanced the user experience, it's much more intuitive now.",0.0
1070,Easy to plan trips.,0.4404
1071,"Search button is not working, can't find any destinations.",0.0
1073,The payment feature needs improvement. It fails when using international cards.,0.0516
1074,"All my travel plans in one app, finally! No more juggling multiple websites to keep track of my itinerary.",-0.3595
1077,Best for itinerary planning.,0.6369
1080,"The latest update fixed all the bugs, app works perfectly now!",0.6696
1081,"Premium features are good, but the price could be lower.",-0.2144
1086,"I can't get past the payment step, please fix this!",0.3802
1090,I'm having a hard time syncing the app with my Google Calendar.,-0.1027
1091,Flight alerts are helpful.,0.4215
1094,"The ads are way too intrusive, can't enjoy the app.",-0.3875
1099,"Ads are too frequent, makes the app frustrating.",-0.4404
1107,I love that it shows me alternate routes when my flight gets delayed.,0.5106
1118,"Terrible app, it crashes at the home screen!",-0.5255
1121,Perfect for group trips.,0.5719
1125,"The user interface is confusing, I can't figure out basic tasks.",-0.2263
1126,"I can see where my friends are, and their holiday photos inspire me to travel more!",0.8687
1132,"The new design looks great after the update, very clean interface.",0.796
1136,Helpful for trip organizing.,0.4215
1138,"Hate the update, it's full of bugs that need fixing ASAP.",-0.5719
1140,Can't add friends easily.,-0.5559
1147,"The user interface is confusing, I can't figure out basic tasks.",-0.2263
1150,Managing my travel expenses has never been this simple. Great app for keeping everything organized.,0.6249
1152,"Update is a step backward, app worked better before these changes.",0.4404
1153,"I like the new look of the app after the update, much better.",0.6597
1156,"Booking flights and hotels is easy, but the customer support response time is slow.",0.6705
1161,I love how I can track my expenses easily with this app.,0.765
1165,Useful but crashes randomly.,0.2382
1166,Keeps me on track.,0.0
1167,"I can see where my friends are, and their holiday photos inspire me to travel more!",0.8687
1173,"I can't share my trip details via WhatsApp directly, which would be a great feature.",0.4959
1174,Map pins are off.,0.0
1177,"Not happy with the update, app feels slower and glitchy.",-0.4585
1180,"Premium is too expensive for what it offers, not worth it.",-0.1695
1182,Keeps all my travel documents in one place. No more lost tickets or confirmation emails.,-0.5849
1183,"Perfect for planning solo trips, but I wish it had better group planning features.",0.8674
1185,"Search button is not working, can't find any destinations.",0.0
1187,"I appreciate the real-time updates on my bookings, but the app tends to freeze occasionally.",0.2846
1193,The app is slow and unresponsive when adding expenses.,0.0
1200,Lags during flight search.,-0.3612
1204,"Great value, premium features enhance the app significantly.",0.7579
1208,I absolutely love how I can see my friends' travel photos and get inspired for my next trip.,0.8955
1210,Love tracking my expenses.,0.6369
1212,"Ads are annoying, especially when you 're in a rush. A premium ad-free version would be nice.",0.0258
1217,I can't access some of my past trips in the history tab. Please fix this!,0.3802
1220,It's like having a personal travel assistant in my pocket.,0.3612
1222,"Couldn't add my friends to the trip, super annoying.",-0.091
1223,"Ads cover important parts of the screen, very annoying.",-0.2944
1225,"Flight alerts are on point, but I hate that the app crashes when I try to view my tickets.",-0.7227
1226,"Totally worth the cost, premium features make the app much better.",0.624
1231,The premium features are really helpful and the price is fair.,0.659
1232,The update caused the app to freeze on the main screen.,0.0516
1234,"Premium subscription unlocks so many helpful tools, definitely worth it.",0.7703
1236,"Love the new features from the update, much smoother experience.",0.6369
1237,"The app is a great travel companion, but I 'd like to see more integrations with other travel tools.",0.7003
1240,"App performance improved significantly after the update, but it still freezes occasionally.",0.2263
1243,"I've been using TravelTracker for all my trips, and it's been a lifesaver for keeping me on schedule.",0.5859
1245,Keeps my plans neat.,0.4588
1246,"The recent update made things worse, keeps freezing every time I use it.",-0.5423
1247,"Recent update improved navigation, finding everything is much easier now.",0.7096
1249,"Good, but slow sometimes.",0.2382
1252,"Too many ads ruin the experience, especially when trying to book flights quickly. Please reduce them!",-0.4199
1257,"Keeps me organized, but I wish it had more features for business travel.",0.5499
1259,"Happy to pay for premium, the additional features are fantastic.",0.7845
1265,"The app fails to load past trips sometimes, which is annoying when I need old details.",-0.6705
1268,"Every time I open the app after the update, it freezes immediately.",-0.0258
1269,I wish the app was more responsive. It tends to lag when switching between tabs.,0.4754
1272,The app is slow and unresponsive when adding expenses.,0.0
1273,"Best decision to go premium, loving the exclusive tools available.",0.8625
1274,Slow to load itineraries.,0.0
1281,"Since the update, app has been slow and unreliable, please fix it.",0.3182
1282,Saves time and effort.,0.0
1283,"Love the premium features, makes my travel planning so much easier.",0.8062
1288,I wish there were more customization options for trip planning. It feels a bit limited sometimes.,0.2023
1293,"The UI could be a bit more intuitive, but overall it's a solid app for frequent travelers.",0.2263
1294,"Update brought in some handy features, especially for tracking expenses.",0.0
1300,Trouble with map loading.,-0.4019
1304,Perfect for solo travelers.,0.5719
1314,"Update messed up the app, now it's crashing more than before.",-0.34
1317,"Notifications are great, but I wish I could customize them more.",0.7269
1326,"App was fine before, the update has made it almost unusable.",0.2023
1334,Flight alerts are very accurate and have saved me from missing several flights.,0.1531
1336,Sometimes unresponsive.,0.0
1337,It would be nice to have a feature that suggests travel tips based on my current location.,0.4215
1338,It would be great if the app supported offline access for my saved itineraries.,0.8271
1346,"The new update looks good, but the app crashes every time I try to open the map feature.",0.2382
1347,Limited destination options.,-0.2263
1349,"The price of premium is too high, could be better.",0.4404
1351,Cannot sync with calendar.,0.0
1353,"The premium features are nice, but too pricey for my taste.",0.2263
1356,"Couldn't add my friends to the trip, super annoying.",-0.091
1359,Sharing travel photos with friends is so fun and easy.,0.9128
1360,"Interface feels fresh and clean after the update, nice improvements.",0.8442
1364,"Expense tracking works well, but I wish it could auto-categorize my spending.",0.6249
1365,"Very buggy, needs updates.",0.0
1370,"I hate the ads, they interrupt everything I do.",-0.7269
1372,"Too many pop-ups, can't use the app properly.",0.0
1381,"Best app for travel planning, but the social sharing features need some work.",0.743
1382,"Always updating, annoying.",-0.4019
1393,Premium access is affordable and totally enhances the app experience.,0.0
1395,"Ads pop up at the worst times, please fix this.",-0.4215
1397,"I enjoy the new layout after the update. It 's cleaner, but still needs some performance improvements.",0.6597
1400,Update added some cool features that make the app more user-friendly.,0.3182
1402,Booking hotels through the app was smooth and effortless. Found great deals I couldn't find elsewhere.,0.6249
1407,Helpful but crashes often.,0.2263
1411,App crashes too often.,0.0
1414,"I keep getting logged out at random, and it's annoying to keep signing back in.",-0.4019
1415,TravelTracker's recommendations for nearby attractions are pretty accurate!,0.7424
1417,Useful but needs improvements.,0.5994
1428,"The map doesn't always show the correct location pins, which is frustrating.",-0.4404
1430,Struggles with payment step.,-0.3612
1433,The app helps me find great spots for food and sightseeing based on my itinerary.,0.7717
1437,"The app is amazing, I planned my entire trip using it!",0.6239
1440,The app is slow and unresponsive when adding expenses.,0.0
1441,Best travel tool.,0.6369
1449,"Update brought more bugs, app crashes at random times now.",0.0
1453,"The recent update improved a lot, but the search function is still too slow.",0.2617
1456,Smooth booking experience.,0.0
1458,"Ads slow down the app, it's really frustrating.",-0.4927
1462,It's like having a personal travel assistant in my pocket.,0.3612
1470,TravelTracker saved me during my last trip when I lost my printed itinerary. Everything was in the app.,0.128
1478,Using this app for business trips makes everything so much more efficient.,0.5198
1485,"Maps don't load properly, hard to find my saved locations.",0.476
1486,Too many app crashes.,0.0
1487,"Ads are a bit too frequent, but they 're not a dealbreaker considering the app is free.",0.6652
1490,"Ads are fine, they don't pop up too often.",0.2023
1495,"Too many ads, especially when booking something.",0.0
1498,The app is slow and unresponsive when adding expenses.,0.0
1501,"Easy to use and keeps all my travel details in one place, but could be faster.",0.2382
1503,"Simple, yet effective app.",0.4767
1507,Tried to share my itinerary but it keeps failing.,-0.5927
1509,Some hotels I booked through the app didn't have the correct check-in details.,0.0
1511,"The search function is really slow, and sometimes it doesn't show any results at all.",0.0
1522,Quick hotel bookings.,0.0
1525,"The app is great for planning trips, but it crashes too often which makes it frustrating to use.",-0.3182
1526,The update looks nice but the functionality has taken a hit.,0.2263
1528,"The update has made a huge difference, very satisfied with the changes.",0.659
1534,"Great app for keeping my travel plans neat, but too many unnecessary notifications.",0.5499
1539,Notifications about my flight delays saved me a lot of time at the airport. Super useful!,0.8718
1541,"The booking process is seamless, and I always find the best deals on hotels and flights.",0.6369
1544,The price for premium is quite reasonable given all the extras.,0.0
1549,Flight details incorrect.,0.0
1551,"Ads pop up constantly, ruins the experience.",-0.4404
1553,Saves all my travel docs.,0.0
1554,"Search button is not working, can't find any destinations.",0.0
1559,Simple and user-friendly.,0.0
1560,"The user interface is confusing, I can't figure out basic tasks.",-0.2263
1561,"Terrible app, it crashes at the home screen!",-0.5255
1565,Premium doesn't add enough value for the cost.,-0.2584
1566,"The ads are bearable, but I 'd prefer to pay a small fee to remove them entirely.",-0.1531
1570,"Couldn't add my friends to the trip, super annoying.",-0.091
1576,"Update broke the app, can't even open it without it crashing.",-0.4215
1578,"Update made the app way better, great job fixing those bugs!",0.807
1581,"It 's great for organizing travel, but the user interface could be more intuitive.",0.3716
1583,"The new update fixed a lot of issues, but now the app is slower. Still better than before.",0.5927
1585,Notifications saved my trip!,0.4753
1587,"No more lags after the update, app feels so much faster now.",-0.6115
1588,Useful for frequent travelers.,0.4404
1589,Premium subscription is a must for anyone who travels frequently.,0.0
1592,"The ads aren 't too bad, but sometimes they pop up at the most inconvenient times.",-0.6994
1593,"Ads make the app glitchy, not happy with this.",-0.4585
1595,"Thanks to the update, the app is faster and more responsive.",0.6901
1598,I don't mind the ads,0.0
1603,"The user interface is confusing, I can't figure out basic tasks.",-0.2263
1604,"I love planning my trips with TravelTracker, but sometimes it logs me out for no reason.",-0.0516
1607,"I enjoy the premium features, it's a good investment for travelers.",0.7269
1608,"It 's nice that the app recommends nearby attractions based on my location, very handy.",0.7579
1614,Organizing my trip and splitting costs with friends is so easy with this app. Highly recommend it!,0.8548
1616,"Ad placement is good, doesn't interfere with the user experience.",0.4404
1622,Annoying bugs in the app.,-0.4019
1624,Troubles with booking flights.,-0.4588
1625,"Affordable premium subscription, really helps with my trip planning.",0.4391
1630,Great for finding spots.,0.6249
1634,Sharing trip details with my friends is so easy now. I just wish there were more customization options.,0.8955
1636,"The app's map feature doesn't load properly on my phone, making it hard to find saved locations.",0.34
1638,"Maps don 't always load properly, which makes navigation a pain when you 're in a new city.",-0.5106
1641,Smooth navigation features.,0.0
1647,"Great value for money with premium, but some features are still underdeveloped.",0.5023
1652,"Love how I can track expenses, but the interface feels a bit outdated.",0.3818
1656,It's like having a personal travel assistant in my pocket.,0.3612
1663,"The booking confirmation took too long to appear, and I had to restart the app twice.",0.0
1664,I like the reminders for check-ins and flight changes. Very useful for busy schedules.,0.6901
1665,The best part is being able to see where my friends are traveling. It's like a social network for travelers.,0.8689
1666,Annoying pop-ups.,-0.4019
1673,Quick access to itineraries.,0.0
1675,"Ads everywhere, makes navigation impossible.",0.0
1681,"I can't get past the payment step, please fix this!",0.3802
1683,"Update removed some useful features, app is less functional now.",0.4404
1685,This app is perfect for group trips. Everyone can see the plan and add their own notes.,0.5719
1688,Love the itinerary sharing feature. It makes planning group trips so much easier!,0.8852
1693,The ads are relevant and not too distracting.,0.2235
1697,"I'm happy with the premium features, they are definitely worth it.",0.8074
1698,"The premium version is priced well, great value for frequent travelers.",0.8225
1701,"Sharing my travel photos and itineraries with friends has never been easier, love this feature.",0.0516
1702,"TravelTracker makes managing my travel plans stress-free. A few bugs, but nothing major.",0.0
1712,"Too many ads, it's annoying to use the app.",-0.4019
1716,The latest update made the app slower. It used to work perfectly before.,0.6369
1722,I love how I can track my expenses easily with this app.,0.765
1723,I can 't stand the constant updates. It feels like there 's a new version every week.,0.3612
1726,Notifications can be too much.,0.0
1727,"The premium features are helpful, but some are a bit buggy. Needs more polishing.",0.2263
1731,I love how I can track my expenses easily with this app.,0.765
1735,"I love using this app, but the latest update seems to have made it slower.",0.3818
1737,Better than other apps.,0.4404
1739,"Great app, but the notifications can be a bit overwhelming at times.",0.3716
1742,Good deals on hotels.,0.4404
1743,Unskippable ads make the app unbearable to use.,0.0
1744,Some features missing.,-0.296
1745,Too costly for what you get in the premium version.,-0.1027
1746,"Disappointed with the update, it's causing more problems than it solved.",-0.6115
1748,"I can't get past the payment step, please fix this!",0.3802
1750,"Really appreciate the extra features with premium, totally worth it.",0.6353
1756,Ads are bearable considering the app is free.,0.5106
1759,"Ads are not too intrusive, can still use the app easily.",0.34
1761,I can 't access some of my saved places after the update. Please fix this.,0.6249
1766,Payment process needs fixing.,0.0
1772,"The user interface is confusing, I can't figure out basic tasks.",-0.2263
1775,"Ads are skippable, so it's not a big deal.",0.0
1777,"The app constantly needs updates, and it gets frustrating when I'm in the middle of planning.",-0.4404
1779,"I love the app, but it doesn't recognize some of the smaller airports when searching for flights.",0.3818
1780,Good but needs offline mode.,0.0516
1781,"Terrible app, it crashes at the home screen!",-0.5255
1787,App needs more offline features. I can 't always rely on having an internet connection when I travel.,-0.2006
1789,"I can see where my friends are, and their holiday photos inspire me to travel more!",0.8687
1790,"The app sometimes lags, but overall it's the best for keeping my travels organized.",0.7227
1791,Always crashes on startup.,0.0
1792,"I love the expense tracking feature, but I wish the app was a bit faster when loading my data.",0.7311
1798,"App performance improved significantly after the recent update, great job!",0.8172
1800,"I can see where my friends are, and their holiday photos inspire me to travel more!",0.8687
1803,"The app keeps logging me out, which is really annoying, especially when I need to check my bookings.",-0.4576
1805,"Overall, a decent app for organizing trips, but too many pop-ups can ruin the experience.",-0.7351
1808,"The itinerary feature is good, but I'd like to see an integration with my calendar app.",0.6369
1809,Frequent freezing issues.,-0.1027
1810,"Update made the app laggy and unresponsive, very frustrating.",-0.4927
1812,Not sure if the premium is worth the extra cost.,-0.016
1816,"The search button often doesn 't work, and I have to restart the app to find what I need.",0.0
1820,App fails during payments.,-0.4215
1825,The app is slow and unresponsive when adding expenses.,0.0
1829,"Finally, the update addressed the loading issues, very happy with this!",0.6468
1830,Sharing travel photos with friends is so fun and easy.,0.9128
1831,"Premium is reasonably priced, makes the app much more functional.",0.0
1832,Customer support is too slow. I had to wait days to get a response about a booking issue.,0.4019
1833,This app makes planning my travels so much easier! I can keep track of everything in one place.,0.522
1837,This app helped me find the best deals on hotels.,0.6369
1841,Tried to share my itinerary but it keeps failing.,-0.5927
1842,Too many login issues.,0.0
1844,"Update is buggy, constantly showing error messages during use.",-0.4019
1845,Love the map integration.,0.6369
1846,The premium subscription unlocks so many useful features. I couldn 't imagine traveling without it now.,0.4902
1850,Love that the app keeps track of my expenses automatically. Great for budgeting my trips!,0.8622
1857,"The app does a good job of keeping all my travel details in one place, very organized.",0.4404
1858,I had trouble sharing my itinerary with my friends. It keeps failing every time.,-0.0258
1863,Payment process needs improvement it often fails when I'm trying to book something last minute.,0.0516
1869,Confusing user interface.,-0.2263
1871,"Great update, especially loving the new layout and design changes.",0.8516
1875,"Premium subscription is worth every penny, love the extra features.",0.7269
1877,"Couldn't add my friends to the trip, super annoying.",-0.091
1878,Payment fails frequently.,-0.4215
1887,"The interface is sleek, but it can get laggy, especially when switching between tabs.",0.0
1889,Keeps everything in one place.,0.0
1900,"The premium price is a bit high, but the features are okay.",0.3291
1901,Excellent travel assistant!,0.6114
1906,The app crashes sometimes when I'm adding new expenses. Please fix this issue soon!,0.3802
1909,"App keeps logging me out after the update, very annoying.",-0.4576
1911,Good but needs work.,0.2382
1912,"It's great for tracking everything, but please add a feature to export my travel logs as PDFs.",0.6705
1913,"Great value for money, the premium features are really useful.",0.8655
1918,"Frequent crashes make the app unreliable, but it 's still the best I 've found for trip planning.",0.7783
1919,Excellent for organizing trips and keeping all my plans in one app.,0.5719
1920,"I hate the unskippable ads, but the app itself is really helpful for managing travel plans.",0.4194
1922,Tried to share my itinerary but it keeps failing.,-0.5927
1930,Love the reminders.,0.6369
1931,Search results inaccurate.,0.0
1933,Sharing options are limited.,0.2263
1936,Keeps me updated.,0.0
1937,"Good app overall, but the frequent ads can be a turn-off.",0.2382
1939,Best for travel planning.,0.6369
1940,"Update solved the annoying issues, app is usable again, thank you!",0.2942
1948,"The app is good, but the ads are unbearable.",0.2382
1950,Great for trip budgeting.,0.6249
1951,Easy to share itineraries.,0.6249
1952,Slow customer support.,0.4019
1955,"New update removed the features I used the most, not happy.",-0.5067
1957,"App feels new and improved thanks to the recent update, well done!",0.8122
1958,"I can't get past the payment step, please fix this!",0.3802
1959,"I'm impressed with the hotel deals, but the flight prices are often higher than other sites.",0.2617
1962,The app is slow and unresponsive when adding expenses.,0.0
1963,"Ads help keep the app free, so I don't mind.",0.7184
1965,Can't even use the app without being bombarded with ads.,0.0
1978,Tried to share my itinerary but it keeps failing.,-0.5927
1979,Great app for planning!,0.6588
1983,"Loving the new update, everything feels faster and more reliable.",0.5994
1986,"Very buggy, keeps freezing on my phone.",-0.1689
1989,Useful for managing trips.,0.4404
1991,"Love the map integration, but the location accuracy could be improved.",0.775
1997,"I can easily split expenses with friends, so convenient!",0.6996
2000,Needs improvement.,0.4588
2003,Buggy and slow.,0.0
2004,Too many ads.,0.0
2008,Very user-friendly.,0.0
2013,Not worth the price.,-0.1695
2014,Great app!,0.6588
2015,Love the features!,0.6696
2021,Could be better.,0.4404
2024,Highly recommend.,0.4201
2026,Excellent customer support.,0.7506
2030,Did not meet my expectations.,0.0
2031,"Excellent design, works smoothly.",0.5719
2032,Great customer support and easy to use.,0.8658
2033,Great customer support and easy to use.,0.8658
2034,"Too many crashes, needs urgent updates.",0.2023
2035,"Fantastic app, highly recommend!",0.7707
2036,"Fantastic app, highly recommend!",0.7707
2037,Did not meet my expectations.,0.0
2038,"Affordable and reliable, worth it.",0.2263
2039,"Fantastic app, highly recommend!",0.7707
2040,"Too many crashes, needs urgent updates.",0.2023
2041,Great customer support and easy to use.,0.8658
2042,"Excellent design, works smoothly.",0.5719
2043,"Fantastic app, highly recommend!",0.7707
2044,"Too many crashes, needs urgent updates.",0.2023
2045,"Good experience overall, but UI can improve.",0.7003
2046,"Not satisfied with performance, too many bugs.",-0.3252
2047,Did not meet my expectations.,0.0
2048,"Average app, could use more features.",0.0
2049,"Average app, could use more features.",0.0
2050,"Affordable and reliable, worth it.",0.2263
2051,"Fantastic app, highly recommend!",0.7707
2052,"Very useful app, helped me a lot.",0.4927
2053,"Excellent design, works smoothly.",0.5719
2054,"Fantastic app, highly recommend!",0.7707
2055,"Excellent design, works smoothly.",0.5719
2056,"Average app, could use more features.",0.0
2057,"Fantastic app, highly recommend!",0.7707
2058,"Affordable and reliable, worth it.",0.2263
2059,"Very useful app, helped me a lot.",0.4927
2060,"Fantastic app, highly recommend!",0.7707
2061,"Fantastic app, highly recommend!",0.7707
2062,"Average app, could use more features.",0.0
2063,"Affordable and reliable, worth it.",0.2263
2064,"Very useful app, helped me a lot.",0.4927
2065,"Not satisfied with performance, too many bugs.",-0.3252
2066,"Good experience overall, but UI can improve.",0.7003
2067,"Excellent design, works smoothly.",0.5719
2068,Did not meet my expectations.,0.0
2069,"Not satisfied with performance, too many bugs.",-0.3252
2070,"Fantastic app, highly recommend!",0.7707
2071,Great customer support and easy to use.,0.8658
2072,"Too many crashes, needs urgent updates.",0.2023
2073,"Good experience overall, but UI can improve.",0.7003
2074,"Fantastic app, highly recommend!",0.7707
2075,"Average app, could use more features.",0.0
2076,"Average app, could use more features.",0.0
2077,Did not meet my expectations.,0.0
2078,"Average app, could use more features.",0.0
2079,Great customer support and easy to use.,0.8658
2080,"Excellent design, works smoothly.",0.5719
2081,"Affordable and reliable, worth it.",0.2263
2082,"Very useful app, helped me a lot.",0.4927
2083,"Not satisfied with performance, too many bugs.",-0.3252
2084,"Affordable and reliable, worth it.",0.2263
2085,"Affordable and reliable, worth it.",0.2263
2086,Great customer support and easy to use.,0.8658
2087,Great customer support and easy to use.,0.8658
2088,"Good experience overall, but UI can improve.",0.7003
2089,"Average app, could use more features.",0.0
2090,Did not meet my expectations.,0.0
2091,"Fantastic app, highly recommend!",0.7707
2092,"Affordable and reliable, worth it.",0.2263
2093,"Too many crashes, needs urgent updates.",0.2023
2094,Did not meet my expectations.,0.0
2095,"Not satisfied with performance, too many bugs.",-0.3252
2096,"Affordable and reliable, worth it.",0.2263
2097,Did not meet my expectations.,0.0
2098,"Average app, could use more features.",0.0
2099,"Too many crashes, needs urgent updates.",0.2023
2100,"Fantastic app, highly recommend!",0.7707
2101,"Average app, could use more features.",0.0
2102,Great customer support and easy to use.,0.8658
2103,Did not meet my expectations.,0.0
2104,"Not satisfied with performance, too many bugs.",-0.3252
2105,Did not meet my expectations.,0.0
2106,Great customer support and easy to use.,0.8658
2107,"Very useful app, helped me a lot.",0.4927
2108,Did not meet my expectations.,0.0
2109,"Excellent design, works smoothly.",0.5719
2110,Did not meet my expectations.,0.0
2111,"Very useful app, helped me a lot.",0.4927
2112,"Affordable and reliable, worth it.",0.2263
2113,"Affordable and reliable, worth it.",0.2263
2114,"Affordable and reliable, worth it.",0.2263
2115,"Not satisfied with performance, too many bugs.",-0.3252
2116,Did not meet my expectations.,0.0
2117,"Average app, could use more features.",0.0
2118,"Fantastic app, highly recommend!",0.7707
2119,"Affordable and reliable, worth it.",0.2263
2120,"Good experience overall, but UI can improve.",0.7003
2121,"Excellent design, works smoothly.",0.5719
2122,"Fantastic app, highly recommend!",0.7707
2123,"Fantastic app, highly recommend!",0.7707
2124,"Good experience overall, but UI can improve.",0.7003
2125,Did not meet my expectations.,0.0
2126,"Excellent design, works smoothly.",0.5719
2127,Great customer support and easy to use.,0.8658
2128,"Too many crashes, needs urgent updates.",0.2023
2129,"Very useful app, helped me a lot.",0.4927
2130,Did not meet my expectations.,0.0
2131,"Not satisfied with performance, too many bugs.",-0.3252
2132,Great customer support and easy to use.,0.8658
2133,"Good experience overall, but UI can improve.",0.7003
2134,Did not meet my expectations.,0.0
2135,Great customer support and easy to use.,0.8658
2136,"Good experience overall, but UI can improve.",0.7003
2137,"Too many crashes, needs urgent updates.",0.2023
2138,"Very useful app, helped me a lot.",0.4927
2139,"Good experience overall, but UI can improve.",0.7003
2140,"Excellent design, works smoothly.",0.5719
2141,"Excellent design, works smoothly.",0.5719
2142,"Not satisfied with performance, too many bugs.",-0.3252
2143,"Excellent design, works smoothly.",0.5719
2144,"Good experience overall, but UI can improve.",0.7003
2145,Did not meet my expectations.,0.0
2146,Did not meet my expectations.,0.0
2147,"Too many crashes, needs urgent updates.",0.2023
2148,"Not satisfied with performance, too many bugs.",-0.3252
2149,"Good experience overall, but UI can improve.",0.7003
2150,Did not meet my expectations.,0.0
2151,Did not meet my expectations.,0.0
2152,"Too many crashes, needs urgent updates.",0.2023
2153,"Good experience overall, but UI can improve.",0.7003
2154,Great customer support and easy to use.,0.8658
2155,"Affordable and reliable, worth it.",0.2263
2156,"Good experience overall, but UI can improve.",0.7003
2157,"Too many crashes, needs urgent updates.",0.2023
2158,"Very useful app, helped me a lot.",0.4927
2159,"Average app, could use more features.",0.0
2160,"Good experience overall, but UI can improve.",0.7003
2161,"Too many crashes, needs urgent updates.",0.2023
2162,"Very useful app, helped me a lot.",0.4927
2163,"Average app, could use more features.",0.0
2164,"Fantastic app, highly recommend!",0.7707
2165,"Excellent design, works smoothly.",0.5719
2166,"Too many crashes, needs urgent updates.",0.2023
2167,"Excellent design, works smoothly.",0.5719
2168,"Not satisfied with performance, too many bugs.",-0.3252
2169,"Not satisfied with performance, too many bugs.",-0.3252
2170,"Affordable and reliable, worth it.",0.2263
2171,"Fantastic app, highly recommend!",0.7707
2172,"Not satisfied with performance, too many bugs.",-0.3252
2173,"Good experience overall, but UI can improve.",0.7003
2174,"Average app, could use more features.",0.0
2175,Great customer support and easy to use.,0.8658
2176,"Fantastic app, highly recommend!",0.7707
2177,"Very useful app, helped me a lot.",0.4927
2178,"Not satisfied with performance, too many bugs.",-0.3252
2179,"Good experience overall, but UI can improve.",0.7003
2180,"Good experience overall, but UI can improve.",0.7003
2181,"Average app, could use more features.",0.0
2182,"Average app, could use more features.",0.0
2183,"Good experience overall, but UI can improve.",0.7003
2184,"Very useful app, helped me a lot.",0.4927
2185,"Excellent design, works smoothly.",0.5719
2186,"Not satisfied with performance, too many bugs.",-0.3252
2187,Did not meet my expectations.,0.0
2188,"Good experience overall, but UI can improve.",0.7003
2189,"Too many crashes, needs urgent updates.",0.2023
2190,"Too many crashes, needs urgent updates.",0.2023
2191,"Fantastic app, highly recommend!",0.7707
2192,"Fantastic app, highly recommend!",0.7707
2193,Did not meet my expectations.,0.0
2194,"Excellent design, works smoothly.",0.5719
2195,"Affordable and reliable, worth it.",0.2263
2196,"Average app, could use more features.",0.0
2197,"Average app, could use more features.",0.0
2198,"Good experience overall, but UI can improve.",0.7003
2199,"Affordable and reliable, worth it.",0.2263
2200,Great customer support and easy to use.,0.8658
2201,Great customer support and easy to use.,0.8658
2202,"Very useful app, helped me a lot.",0.4927
2203,Great customer support and easy to use.,0.8658
2204,Did not meet my expectations.,0.0
2205,"Affordable and reliable, worth it.",0.2263
2206,"Average app, could use more features.",0.0
2207,Did not meet my expectations.,0.0
2208,Great customer support and easy to use.,0.8658
2209,"Too many crashes, needs urgent updates.",0.2023
2210,"Excellent design, works smoothly.",0.5719
2211,"Average app, could use more features.",0.0
2212,Great customer support and easy to use.,0.8658
2213,"Average app, could use more features.",0.0
2214,"Good experience overall, but UI can improve.",0.7003
2215,"Not satisfied with performance, too many bugs.",-0.3252
2216,Great customer support and easy to use.,0.8658
2217,"Very useful app, helped me a lot.",0.4927
2218,Did not meet my expectations.,0.0
2219,"Good experience overall, but UI can improve.",0.7003
2220,"Too many crashes, needs urgent updates.",0.2023
2221,"Excellent design, works smoothly.",0.5719
2222,"Average app, could use more features.",0.0
2223,"Excellent design, works smoothly.",0.5719
2224,"Fantastic app, highly recommend!",0.7707
2225,"Average app, could use more features.",0.0
2226,"Average app, could use more features.",0.0
2227,"Average app, could use more features.",0.0
2228,"Very useful app, helped me a lot.",0.4927
2229,"Fantastic app, highly recommend!",0.7707
2230,Did not meet my expectations.,0.0
2231,"Excellent design, works smoothly.",0.5719
2232,"Not satisfied with performance, too many bugs.",-0.3252
2233,Great customer support and easy to use.,0.8658
2234,"Too many crashes, needs urgent updates.",0.2023
2235,"Not satisfied with performance, too many bugs.",-0.3252
2236,"Too many crashes, needs urgent updates.",0.2023
2237,"Very useful app, helped me a lot.",0.4927
2238,"Average app, could use more features.",0.0
2239,"Very useful app, helped me a lot.",0.4927
2240,Great customer support and easy to use.,0.8658
2241,Great customer support and easy to use.,0.8658
2242,"Affordable and reliable, worth it.",0.2263
2243,"Good experience overall, but UI can improve.",0.7003
2244,Great customer support and easy to use.,0.8658
2245,"Very useful app, helped me a lot.",0.4927
2246,Did not meet my expectations.,0.0
2247,"Very useful app, helped me a lot.",0.4927
2248,"Very useful app, helped me a lot.",0.4927
2249,"Fantastic app, highly recommend!",0.7707
2250,"Too many crashes, needs urgent updates.",0.2023
2251,Great customer support and easy to use.,0.8658
2252,Did not meet my expectations.,0.0
2253,"Average app, could use more features.",0.0
2254,Great customer support and easy to use.,0.8658
2255,"Very useful app, helped me a lot.",0.4927
2256,"Average app, could use more features.",0.0
2257,"Good experience overall, but UI can improve.",0.7003
2258,"Too many crashes, needs urgent updates.",0.2023
2259,"Not satisfied with performance, too many bugs.",-0.3252
2260,"Fantastic app, highly recommend!",0.7707
2261,Great customer support and easy to use.,0.8658
2262,Great customer support and easy to use.,0.8658
2263,"Not satisfied with performance, too many bugs.",-0.3252
2264,"Very useful app, helped me a lot.",0.4927
2265,"Not satisfied with performance, too many bugs.",-0.3252
2266,"Affordable and reliable, worth it.",0.2263
2267,"Average app, could use more features.",0.0
2268,"Excellent design, works smoothly.",0.5719
2269,"Not satisfied with performance, too many bugs.",-0.3252
2270,"Very useful app, helped me a lot.",0.4927
2271,"Too many crashes, needs urgent updates.",0.2023
2272,"Very useful app, helped me a lot.",0.4927
2273,"Very useful app, helped me a lot.",0.4927
2274,"Too many crashes, needs urgent updates.",0.2023
2275,"Average app, could use more features.",0.0
2276,"Too many crashes, needs urgent updates.",0.2023
2277,"Good experience overall, but UI can improve.",0.7003
2278,"Too many crashes, needs urgent updates.",0.2023
2279,"Good experience overall, but UI can improve.",0.7003
2280,"Not satisfied with performance, too many bugs.",-0.3252
2281,"Affordable and reliable, worth it.",0.2263
2282,Great customer support and easy to use.,0.8658
2283,Great customer support and easy to use.,0.8658
2284,"Fantastic app, highly recommend!",0.7707
2285,"Affordable and reliable, worth it.",0.2263
2286,Great customer support and easy to use.,0.8658
2287,"Good experience overall, but UI can improve.",0.7003
2288,"Good experience overall, but UI can improve.",0.7003
2289,"Affordable and reliable, worth it.",0.2263
2290,"Not satisfied with performance, too many bugs.",-0.3252
2291,"Very useful app, helped me a lot.",0.4927
2292,"Not satisfied with performance, too many bugs.",-0.3252
2293,"Affordable and reliable, worth it.",0.2263
2294,"Not satisfied with performance, too many bugs.",-0.3252
2295,"Fantastic app, highly recommend!",0.7707
2296,Great customer support and easy to use.,0.8658
2297,"Excellent design, works smoothly.",0.5719
2298,Great customer support and easy to use.,0.8658
2299,"Fantastic app, highly recommend!",0.7707
2300,"Very useful app, helped me a lot.",0.4927
2301,"Affordable and reliable, worth it.",0.2263
2302,"Average app, could use more features.",0.0
2303,"Average app, could use more features.",0.0
2304,Did not meet my expectations.,0.0
2305,"Affordable and reliable, worth it.",0.2263
2306,Great customer support and easy to use.,0.8658
2307,"Not satisfied with performance, too many bugs.",-0.3252
2308,"Very useful app, helped me a lot.",0.4927
2309,"Good experience overall, but UI can improve.",0.7003
2310,"Very useful app, helped me a lot.",0.4927
2311,"Fantastic app, highly recommend!",0.7707
2312,"Excellent design, works smoothly.",0.5719
2313,"Very useful app, helped me a lot.",0.4927
2314,"Too many crashes, needs urgent updates.",0.2023
2315,Great customer support and easy to use.,0.8658
2316,"Not satisfied with performance, too many bugs.",-0.3252
2317,"Excellent design, works smoothly.",0.5719
2318,"Affordable and reliable, worth it.",0.2263
2319,Did not meet my expectations.,0.0
2320,"Too many crashes, needs urgent updates.",0.2023
2321,"Too many crashes, needs urgent updates.",0.2023
2322,Great customer support and easy to use.,0.8658
2323,"Good experience overall, but UI can improve.",0.7003
2324,"Good experience overall, but UI can improve.",0.7003
2325,"Average app, could use more features.",0.0
2326,"Good experience overall, but UI can improve.",0.7003
2327,Did not meet my expectations.,0.0
2328,Great customer support and easy to use.,0.8658
2329,"Fantastic app, highly recommend!",0.7707
2330,"Very useful app, helped me a lot.",0.4927
2331,"Excellent design, works smoothly.",0.5719
2332,"Not satisfied with performance, too many bugs.",-0.3252
2333,"Fantastic app, highly recommend!",0.7707
2334,Great customer support and easy to use.,0.8658
2335,"Very useful app, helped me a lot.",0.4927
2336,"Average app, could use more features.",0.0
2337,"Too many crashes, needs urgent updates.",0.2023
2338,"Affordable and reliable, worth it.",0.2263
2339,Great customer support and easy to use.,0.8658
2340,Great customer support and easy to use.,0.8658
2341,"Too many crashes, needs urgent updates.",0.2023
2342,Great customer support and easy to use.,0.8658
2343,Did not meet my expectations.,0.0
2344,"Affordable and reliable, worth it.",0.2263
2345,"Average app, could use more features.",0.0
2346,"Very useful app, helped me a lot.",0.4927
2347,"Affordable and reliable, worth it.",0.2263
2348,"Good experience overall, but UI can improve.",0.7003
2349,"Not satisfied with performance, too many bugs.",-0.3252
2350,"Fantastic app, highly recommend!",0.7707
2351,"Excellent design, works smoothly.",0.5719
2352,"Very useful app, helped me a lot.",0.4927
2353,"Affordable and reliable, worth it.",0.2263
2354,Did not meet my expectations.,0.0
2355,"Average app, could use more features.",0.0
2356,"Very useful app, helped me a lot.",0.4927
2357,"Too many crashes, needs urgent updates.",0.2023
2358,"Not satisfied with performance, too many bugs.",-0.3252
2359,"Good experience overall, but UI can improve.",0.7003
2360,"Good experience overall, but UI can improve.",0.7003
2361,Did not meet my expectations.,0.0
2362,"Good experience overall, but UI can improve.",0.7003
2363,"Excellent design, works smoothly.",0.5719
2364,Did not meet my expectations.,0.0
2365,Great customer support and easy to use.,0.8658
2366,Did not meet my expectations.,0.0
2367,"Average app, could use more features.",0.0
2368,"Very useful app, helped me a lot.",0.4927
2369,"Fantastic app, highly recommend!",0.7707
2370,"Fantastic app, highly recommend!",0.7707
2371,"Fantastic app, highly recommend!",0.7707
2372,Did not meet my expectations.,0.0
2373,"Fantastic app, highly recommend!",0.7707
2374,"Good experience overall, but UI can improve.",0.7003
2375,Great customer support and easy to use.,0.8658
2376,"Excellent design, works smoothly.",0.5719
2377,"Very useful app, helped me a lot.",0.4927
2378,"Very useful app, helped me a lot.",0.4927
2379,"Good experience overall, but UI can improve.",0.7003
3034,Great customer support and easy to use.,0.8658
3039,"Affordable and reliable, worth it.",0.2263
3041,"Good experience overall, but UI can improve.",0.7003
3044,"Fantastic app, highly recommend!",0.7707
3049,"Fantastic app, highly recommend!",0.7707
3052,"Fantastic app, highly recommend!",0.7707
3053,"Average app, could use more features.",0.0
3054,"Very useful app, helped me a lot.",0.4927
3057,"Average app, could use more features.",0.0
3058,"Too many crashes, needs urgent updates.",0.2023
3060,"Fantastic app, highly recommend!",0.7707
3066,"Fantastic app, highly recommend!",0.7707
3069,"Very useful app, helped me a lot.",0.4927
3077,"Good experience overall, but UI can improve.",0.7003
3078,"Excellent design, works smoothly.",0.5719
3085,"Fantastic app, highly recommend!",0.7707
3091,"Affordable and reliable, worth it.",0.2263
3095,"Too many crashes, needs urgent updates.",0.2023
3098,"Good experience overall, but UI can improve.",0.7003
3104,"Good experience overall, but UI can improve.",0.7003
3106,"Very useful app, helped me a lot.",0.4927
3108,"Excellent design, works smoothly.",0.5719
3110,"Average app, could use more features.",0.0
3112,"Fantastic app, highly recommend!",0.7707
3122,Did not meet my expectations.,0.0
3126,"Average app, could use more features.",0.0
3134,"Average app, could use more features.",0.0
3136,"Average app, could use more features.",0.0
3138,"Affordable and reliable, worth it.",0.2263
3139,"Excellent design, works smoothly.",0.5719
3140,"Too many crashes, needs urgent updates.",0.2023
3141,"Too many crashes, needs urgent updates.",0.2023
3148,"Too many crashes, needs urgent updates.",0.2023
3149,"Not satisfied with performance, too many bugs.",-0.3252
3152,"Excellent design, works smoothly.",0.5719
3161,Great customer support and easy to use.,0.8658
3163,Great customer support and easy to use.,0.8658
3165,"Average app, could use more features.",0.0
3167,"Not satisfied with performance, too many bugs.",-0.3252
3168,"Good experience overall, but UI can improve.",0.7003
3169,"Good experience overall, but UI can improve.",0.7003
3172,"Not satisfied with performance, too many bugs.",-0.3252
3175,"Very useful app, helped me a lot.",0.4927
3177,"Average app, could use more features.",0.0
3178,"Affordable and reliable, worth it.",0.2263
3184,"Average app, could use more features.",0.0
3185,"Fantastic app, highly recommend!",0.7707
3189,"Fantastic app, highly recommend!",0.7707
3190,"Affordable and reliable, worth it.",0.2263
3192,Did not meet my expectations.,0.0
3193,"Good experience overall, but UI can improve.",0.7003
3196,"Excellent design, works smoothly.",0.5719
3200,"Not satisfied with performance, too many bugs.",-0.3252
3203,"Very useful app, helped me a lot.",0.4927
3209,"Average app, could use more features.",0.0
3210,"Good experience overall, but UI can improve.",0.7003
3220,"Very useful app, helped me a lot.",0.4927
3225,"Average app, could use more features.",0.0
3226,"Affordable and reliable, worth it.",0.2263
3228,"Average app, could use more features.",0.0
3231,"Excellent design, works smoothly.",0.5719
3232,"Affordable and reliable, worth it.",0.2263
3233,Did not meet my expectations.,0.0
3235,"Average app, could use more features.",0.0
3237,Did not meet my expectations.,0.0
3242,"Very useful app, helped me a lot.",0.4927
3243,"Average app, could use more features.",0.0
3244,"Good experience overall, but UI can improve.",0.7003
3246,"Not satisfied with performance, too many bugs.",-0.3252
3248,"Affordable and reliable, worth it.",0.2263
3249,"Average app, could use more features.",0.0
3250,"Not satisfied with performance, too many bugs.",-0.3252
3251,Did not meet my expectations.,0.0
3256,Did not meet my expectations.,0.0
3261,"Affordable and reliable, worth it.",0.2263
3264,"Fantastic app, highly recommend!",0.7707
3265,"Very useful app, helped me a lot.",0.4927
3267,"Average app, could use more features.",0.0
3268,"Too many crashes, needs urgent updates.",0.2023
3271,"Average app, could use more features.",0.0
3272,"Affordable and reliable, worth it.",0.2263
3273,"Fantastic app, highly recommend!",0.7707
3274,Great customer support and easy to use.,0.8658
3289,"Very useful app, helped me a lot.",0.4927
3291,"Very useful app, helped me a lot.",0.4927
3294,"Not satisfied with performance, too many bugs.",-0.3252
3301,"Affordable and reliable, worth it.",0.2263
3303,"Very useful app, helped me a lot.",0.4927
3304,"Not satisfied with performance, too many bugs.",-0.3252
3307,"Not satisfied with performance, too many bugs.",-0.3252
3311,"Fantastic app, highly recommend!",0.7707
3318,"Fantastic app, highly recommend!",0.7707
3320,"Too many crashes, needs urgent updates.",0.2023
3326,"Very useful app, helped me a lot.",0.4927
3327,Great customer support and easy to use.,0.8658
3330,"Not satisfied with performance, too many bugs.",-0.3252
3332,"Good experience overall, but UI can improve.",0.7003
3334,"Very useful app, helped me a lot.",0.4927
3336,"Affordable and reliable, worth it.",0.2263
3341,"Affordable and reliable, worth it.",0.2263
3343,"Affordable and reliable, worth it.",0.2263
3346,"Fantastic app, highly recommend!",0.7707
3348,"Good experience overall, but UI can improve.",0.7003
3349,"Excellent design, works smoothly.",0.5719
3352,"Too many crashes, needs urgent updates.",0.2023
3355,"Too many crashes, needs urgent updates.",0.2023
3356,"Excellent design, works smoothly.",0.5719
3362,"Good experience overall, but UI can improve.",0.7003
3363,"Very useful app, helped me a lot.",0.4927
3364,"Fantastic app, highly recommend!",0.7707
3368,"Good experience overall, but UI can improve.",0.7003
3372,"Average app, could use more features.",0.0
3379,"Not satisfied with performance, too many bugs.",-0.3252
3381,Great customer support and easy to use.,0.8658
3387,"Average app, could use more features.",0.0
3389,"Too many crashes, needs urgent updates.",0.2023
3390,Did not meet my expectations.,0.0
3391,"Very useful app, helped me a lot.",0.4927
3392,"Excellent design, works smoothly.",0.5719
3395,Great customer support and easy to use.,0.8658
3396,"Good experience overall, but UI can improve.",0.7003
3399,"Good experience overall, but UI can improve.",0.7003
3400,"Excellent design, works smoothly.",0.5719
3404,Great customer support and easy to use.,0.8658
3406,"Average app, could use more features.",0.0
3408,Did not meet my expectations.,0.0
3409,"Very useful app, helped me a lot.",0.4927
3412,"Good experience overall, but UI can improve.",0.7003
3413,"Not satisfied with performance, too many bugs.",-0.3252
3414,"Not satisfied with performance, too many bugs.",-0.3252
3416,Great customer support and easy to use.,0.8658
3417,Did not meet my expectations.,0.0
3419,"Affordable and reliable, worth it.",0.2263
3420,Great customer support and easy to use.,0.8658
3421,"Not satisfied with performance, too many bugs.",-0.3252
3423,"Too many crashes, needs urgent updates.",0.2023
3424,"Very useful app, helped me a lot.",0.4927
3425,"Excellent design, works smoothly.",0.5719
3429,Great customer support and easy to use.,0.8658
3433,"Very useful app, helped me a lot.",0.4927
3435,"Affordable and reliable, worth it.",0.2263
3436,"Average app, could use more features.",0.0
3440,"Average app, could use more features.",0.0
3444,"Average app, could use more features.",0.0
3445,"Average app, could use more features.",0.0
3447,Did not meet my expectations.,0.0
3451,"Good experience overall, but UI can improve.",0.7003
3458,"Excellent design, works smoothly.",0.5719
3460,"Fantastic app, highly recommend!",0.7707
3461,Did not meet my expectations.,0.0
3463,"Good experience overall, but UI can improve.",0.7003
3469,"Excellent design, works smoothly.",0.5719
3477,"Excellent design, works smoothly.",0.5719
3479,"Good experience overall, but UI can improve.",0.7003
3480,"Not satisfied with performance, too many bugs.",-0.3252
3481,Great customer support and easy to use.,0.8658
3484,"Excellent design, works smoothly.",0.5719
3485,Great customer support and easy to use.,0.8658
3486,"Excellent design, works smoothly.",0.5719
3490,Did not meet my expectations.,0.0
3492,"Affordable and reliable, worth it.",0.2263
3493,"Good experience overall, but UI can improve.",0.7003
3494,"Good experience overall, but UI can improve.",0.7003
3495,Great customer support and easy to use.,0.8658
3497,"Too many crashes, needs urgent updates.",0.2023
3504,Did not meet my expectations.,0.0
3510,"Not satisfied with performance, too many bugs.",-0.3252
3514,"Not satisfied with performance, too many bugs.",-0.3252
3516,"Good experience overall, but UI can improve.",0.7003
3524,"Fantastic app, highly recommend!",0.7707
3531,"Excellent design, works smoothly.",0.5719
3533,Great customer support and easy to use.,0.8658
3536,"Fantastic app, highly recommend!",0.7707
3537,Great customer support and easy to use.,0.8658
3539,Did not meet my expectations.,0.0
3540,"Average app, could use more features.",0.0
3543,"Too many crashes, needs urgent updates.",0.2023
3544,"Excellent design, works smoothly.",0.5719
3546,Did not meet my expectations.,0.0
3552,"Fantastic app, highly recommend!",0.7707
3556,"Very useful app, helped me a lot.",0.4927
3559,"Very useful app, helped me a lot.",0.4927
3560,"Excellent design, works smoothly.",0.5719
3566,"Affordable and reliable, worth it.",0.2263
3573,"Excellent design, works smoothly.",0.5719
3577,"Very useful app, helped me a lot.",0.4927
3579,"Not satisfied with performance, too many bugs.",-0.3252
3581,"Fantastic app, highly recommend!",0.7707
3582,"Good experience overall, but UI can improve.",0.7003
3583,"Good experience overall, but UI can improve.",0.7003
3584,"Good experience overall, but UI can improve.",0.7003
3587,"Average app, could use more features.",0.0
3597,"Fantastic app, highly recommend!",0.7707
3598,"Excellent design, works smoothly.",0.5719
3601,"Good experience overall, but UI can improve.",0.7003
3602,"Excellent design, works smoothly.",0.5719
3603,"Very useful app, helped me a lot.",0.4927
3612,Great customer support and easy to use.,0.8658
3621,"Affordable and reliable, worth it.",0.2263
3622,"Average app, could use more features.",0.0
3623,"Too many crashes, needs urgent updates.",0.2023
3626,"Very useful app, helped me a lot.",0.4927
3627,Great customer support and easy to use.,0.8658
3633,Great customer support and easy to use.,0.8658
3637,Did not meet my expectations.,0.0
3638,"Average app, could use more features.",0.0
3640,"Fantastic app, highly recommend!",0.7707
3641,"Very useful app, helped me a lot.",0.4927
3648,"Excellent design, works smoothly.",0.5719
3650,"Not satisfied with performance, too many bugs.",-0.3252
3651,"Good experience overall, but UI can improve.",0.7003
3653,"Affordable and reliable, worth it.",0.2263
3660,"Average app, could use more features.",0.0
3663,"Good experience overall, but UI can improve.",0.7003
3664,"Affordable and reliable, worth it.",0.2263
3671,"Too many crashes, needs urgent updates.",0.2023
3672,"Good experience overall, but UI can improve.",0.7003
3682,"Excellent design, works smoothly.",0.5719
3683,"Average app, could use more features.",0.0
3685,"Affordable and reliable, worth it.",0.2263
3689,"Good experience overall, but UI can improve.",0.7003
3690,Did not meet my expectations.,0.0
3693,"Good experience overall, but UI can improve.",0.7003
3694,"Fantastic app, highly recommend!",0.7707
3695,"Excellent design, works smoothly.",0.5719
3698,"Too many crashes, needs urgent updates.",0.2023
3702,"Very useful app, helped me a lot.",0.4927
3703,"Very useful app, helped me a lot.",0.4927
3706,"Excellent design, works smoothly.",0.5719
3707,"Too many crashes, needs urgent updates.",0.2023
3709,"Too many crashes, needs urgent updates.",0.2023
3710,"Affordable and reliable, worth it.",0.2263
3712,Great customer support and easy to use.,0.8658
3715,"Excellent design, works smoothly.",0.5719
3721,"Affordable and reliable, worth it.",0.2263
3724,"Affordable and reliable, worth it.",0.2263
3727,"Average app, could use more features.",0.0
3733,Did not meet my expectations.,0.0
3734,"Fantastic app, highly recommend!",0.7707
3736,"Fantastic app, highly recommend!",0.7707
3737,Great customer support and easy to use.,0.8658
3740,Great customer support and easy to use.,0.8658
3744,"Not satisfied with performance, too many bugs.",-0.3252
3748,Great customer support and easy to use.,0.8658
3754,"Too many crashes, needs urgent updates.",0.2023
3756,"Good experience overall, but UI can improve.",0.7003
3760,"Very useful app, helped me a lot.",0.4927
3765,"Very useful app, helped me a lot.",0.4927
3766,Great customer support and easy to use.,0.8658
3769,Did not meet my expectations.,0.0
3771,"Not satisfied with performance, too many bugs.",-0.3252
3774,"Average app, could use more features.",0.0
3775,Did not meet my expectations.,0.0
3776,"Very useful app, helped me a lot.",0.4927
3778,"Too many crashes, needs urgent updates.",0.2023
3780,Did not meet my expectations.,0.0
3784,Great customer support and easy to use.,0.8658
3785,"Too many crashes, needs urgent updates.",0.2023
3786,"Affordable and reliable, worth it.",0.2263
3789,Did not meet my expectations.,0.0
3793,"Excellent design, works smoothly.",0.5719
3794,"Excellent design, works smoothly.",0.5719
3795,Did not meet my expectations.,0.0
3800,"Fantastic app, highly recommend!",0.7707
3801,"Good experience overall, but UI can improve.",0.7003
3811,"Fantastic app, highly recommend!",0.7707
3817,"Good experience overall, but UI can improve.",0.7003
3819,"Too many crashes, needs urgent updates.",0.2023
3821,"Too many crashes, needs urgent updates.",0.2023
3824,"Excellent design, works smoothly.",0.5719
3825,"Too many crashes, needs urgent updates.",0.2023
3826,"Good experience overall, but UI can improve.",0.7003
3827,"Not satisfied with performance, too many bugs.",-0.3252
3828,"Very useful app, helped me a lot.",0.4927
3832,"Fantastic app, highly recommend!",0.7707
3833,"Not satisfied with performance, too many bugs.",-0.3252
3834,Did not meet my expectations.,0.0
3835,"Good experience overall, but UI can improve.",0.7003
3841,"Average app, could use more features.",0.0
3843,"Very useful app, helped me a lot.",0.4927
3845,"Average app, could use more features.",0.0
3853,"Not satisfied with performance, too many bugs.",-0.3252
3855,"Average app, could use more features.",0.0
3857,"Very useful app, helped me a lot.",0.4927
3860,"Affordable and reliable, worth it.",0.2263
3861,"Not satisfied with performance, too many bugs.",-0.3252
3862,"Not satisfied with performance, too many bugs.",-0.3252
3877,"Fantastic app, highly recommend!",0.7707
3879,"Average app, could use more features.",0.0
3885,"Excellent design, works smoothly.",0.5719
3889,"Good experience overall, but UI can improve.",0.7003
3892,"Affordable and reliable, worth it.",0.2263
3896,"Good experience overall, but UI can improve.",0.7003
3898,"Affordable and reliable, worth it.",0.2263
3899,"Good experience overall, but UI can improve.",0.7003
3902,"Excellent design, works smoothly.",0.5719
3905,"Too many crashes, needs urgent updates.",0.2023
3906,"Affordable and reliable, worth it.",0.2263
3910,"Not satisfied with performance, too many bugs.",-0.3252
3911,"Very useful app, helped me a lot.",0.4927
3920,"Good experience overall, but UI can improve.",0.7003
3923,"Too many crashes, needs urgent updates.",0.2023
3924,"Good experience overall, but UI can improve.",0.7003
3926,"Good experience overall, but UI can improve.",0.7003
3931,"Not satisfied with performance, too many bugs.",-0.3252
3934,Did not meet my expectations.,0.0
3938,"Excellent design, works smoothly.",0.5719
3939,"Average app, could use more features.",0.0
3941,"Average app, could use more features.",0.0
3943,"Not satisfied with performance, too many bugs.",-0.3252
3947,Great customer support and easy to use.,0.8658
3948,Did not meet my expectations.,0.0
3951,Did not meet my expectations.,0.0
3953,Did not meet my expectations.,0.0
3956,"Average app, could use more features.",0.0
3957,"Average app, could use more features.",0.0
3962,Great customer support and easy to use.,0.8658
3965,"Very useful app, helped me a lot.",0.4927
3967,"Too many crashes, needs urgent updates.",0.2023
3970,"Average app, could use more features.",0.0
3972,"Fantastic app, highly recommend!",0.7707
3975,"Affordable and reliable, worth it.",0.2263
3976,"Good experience overall, but UI can improve.",0.7003
3977,"Too many crashes, needs urgent updates.",0.2023
3978,"Fantastic app, highly recommend!",0.7707
3981,"Very useful app, helped me a lot.",0.4927
3985,"Very useful app, helped me a lot.",0.4927
3987,Did not meet my expectations.,0.0
3991,"Excellent design, works smoothly.",0.5719
3992,Did not meet my expectations.,0.0
3999,Great customer support and easy to use.,0.8658
4005,"Too many crashes, needs urgent updates.",0.2023
4009,"Average app, could use more features.",0.0
4011,"Fantastic app, highly recommend!",0.7707
4015,"Average app, could use more features.",0.0
4017,"Very useful app, helped me a lot.",0.4927
4018,"Fantastic app, highly recommend!",0.7707
4021,"Not satisfied with performance, too many bugs.",-0.3252
4022,"Not satisfied with performance, too many bugs.",-0.3252
4029,"Fantastic app, highly recommend!",0.7707
4030,Great customer support and easy to use.,0.8658
4032,Great customer support and easy to use.,0.8658
4034,"Very useful app, helped me a lot.",0.4927
4038,"Affordable and reliable, worth it.",0.2263
4039,Great customer support and easy to use.,0.8658
4040,"Fantastic app, highly recommend!",0.7707
4041,"Good experience overall, but UI can improve.",0.7003
4042,"Fantastic app, highly recommend!",0.7707
4047,"Affordable and reliable, worth it.",0.2263
4048,"Excellent design, works smoothly.",0.5719
4050,"Affordable and reliable, worth it.",0.2263
4051,"Fantastic app, highly recommend!",0.7707
4052,"Good experience overall, but UI can improve.",0.7003
4053,"Not satisfied with performance, too many bugs.",-0.3252
4054,"Very useful app, helped me a lot.",0.4927
4056,"Fantastic app, highly recommend!",0.7707
4057,"Fantastic app, highly recommend!",0.7707
4059,Did not meet my expectations.,0.0
4061,"Good experience overall, but UI can improve.",0.7003
4074,"Not satisfied with performance, too many bugs.",-0.3252
4076,"Too many crashes, needs urgent updates.",0.2023
4078,"Too many crashes, needs urgent updates.",0.2023
4079,"Very useful app, helped me a lot.",0.4927
4080,"Average app, could use more features.",0.0
4082,"Affordable and reliable, worth it.",0.2263
4083,Did not meet my expectations.,0.0
4085,"Not satisfied with performance, too many bugs.",-0.3252
4090,Great customer support and easy to use.,0.8658
4092,"Fantastic app, highly recommend!",0.7707
4097,"Average app, could use more features.",0.0
4100,"Fantastic app, highly recommend!",0.7707
4105,"Affordable and reliable, worth it.",0.2263
4106,"Too many crashes, needs urgent updates.",0.2023
4107,"Average app, could use more features.",0.0
4108,Great customer support and easy to use.,0.8658
4109,"Fantastic app, highly recommend!",0.7707
4112,Great customer support and easy to use.,0.8658
4117,"Too many crashes, needs urgent updates.",0.2023
4121,"Good experience overall, but UI can improve.",0.7003
4130,"Fantastic app, highly recommend!",0.7707
4142,Did not meet my expectations.,0.0
4144,Did not meet my expectations.,0.0
4147,"Too many crashes, needs urgent updates.",0.2023
4150,Did not meet my expectations.,0.0
4151,"Good experience overall, but UI can improve.",0.7003
4158,"Average app, could use more features.",0.0
4160,"Excellent design, works smoothly.",0.5719
4163,"Average app, could use more features.",0.0
4164,"Affordable and reliable, worth it.",0.2263
4168,"Good experience overall, but UI can improve.",0.7003
4171,Great customer support and easy to use.,0.8658
4179,"Good experience overall, but UI can improve.",0.7003
4180,"Fantastic app, highly recommend!",0.7707
4181,"Too many crashes, needs urgent updates.",0.2023
4182,"Not satisfied with performance, too many bugs.",-0.3252
4189,"Too many crashes, needs urgent updates.",0.2023
4192,Did not meet my expectations.,0.0
4193,"Good experience overall, but UI can improve.",0.7003
4194,Did not meet my expectations.,0.0
4198,"Good experience overall, but UI can improve.",0.7003
4200,"Affordable and reliable, worth it.",0.2263
4202,"Too many crashes, needs urgent updates.",0.2023
4208,"Fantastic app, highly recommend!",0.7707
4212,Great customer support and easy to use.,0.8658
4215,"Not satisfied with performance, too many bugs.",-0.3252
4217,"Not satisfied with performance, too many bugs.",-0.3252
4220,"Fantastic app, highly recommend!",0.7707
4222,"Average app, could use more features.",0.0
4223,"Affordable and reliable, worth it.",0.2263
4239,Great customer support and easy to use.,0.8658
4241,"Too many crashes, needs urgent updates.",0.2023
4243,"Good experience overall, but UI can improve.",0.7003
4252,"Average app, could use more features.",0.0
4264,"Not satisfied with performance, too many bugs.",-0.3252
4266,"Not satisfied with performance, too many bugs.",-0.3252
4269,"Affordable and reliable, worth it.",0.2263
4270,"Too many crashes, needs urgent updates.",0.2023
4273,Did not meet my expectations.,0.0
4274,"Very useful app, helped me a lot.",0.4927
4275,"Excellent design, works smoothly.",0.5719
4276,"Too many crashes, needs urgent updates.",0.2023
4278,Great customer support and easy to use.,0.8658
4282,Did not meet my expectations.,0.0
4284,"Very useful app, helped me a lot.",0.4927
4285,"Fantastic app, highly recommend!",0.7707
4288,Did not meet my expectations.,0.0
4290,"Excellent design, works smoothly.",0.5719
4291,"Fantastic app, highly recommend!",0.7707
4293,Great customer support and easy to use.,0.8658
4296,"Good experience overall, but UI can improve.",0.7003
4298,"Average app, could use more features.",0.0
4300,"Affordable and reliable, worth it.",0.2263
4301,"Too many crashes, needs urgent updates.",0.2023
4304,"Fantastic app, highly recommend!",0.7707
4306,"Fantastic app, highly recommend!",0.7707
4308,Did not meet my expectations.,0.0
4309,"Affordable and reliable, worth it.",0.2263
4314,Did not meet my expectations.,0.0
4317,"Good experience overall, but UI can improve.",0.7003
4319,Great customer support and easy to use.,0.8658
4320,"Not satisfied with performance, too many bugs.",-0.3252
4322,"Not satisfied with performance, too many bugs.",-0.3252
4323,"Very useful app, helped me a lot.",0.4927
4327,"Good experience overall, but UI can improve.",0.7003
4328,Did not meet my expectations.,0.0
4331,"Affordable and reliable, worth it.",0.2263
4332,Great customer support and easy to use.,0.8658
4338,"Affordable and reliable, worth it.",0.2263
4340,Did not meet my expectations.,0.0
4342,"Not satisfied with performance, too many bugs.",-0.3252
4343,"Not satisfied with performance, too many bugs.",-0.3252
4346,"Average app, could use more features.",0.0
4347,"Very useful app, helped me a lot.",0.4927
4348,"Fantastic app, highly recommend!",0.7707
4352,"Affordable and reliable, worth it.",0.2263
4356,"Average app, could use more features.",0.0
4357,"Good experience overall, but UI can improve.",0.7003
4358,"Excellent design, works smoothly.",0.5719
4365,Great customer support and easy to use.,0.8658
4366,"Average app, could use more features.",0.0
4370,Great customer support and easy to use.,0.8658
4371,"Not satisfied with performance, too many bugs.",-0.3252
4372,"Fantastic app, highly recommend!",0.7707
4373,"Fantastic app, highly recommend!",0.7707
4374,"Not satisfied with performance, too many bugs.",-0.3252
4380,"Average app, could use more features.",0.0
4382,"Not satisfied with performance, too many bugs.",-0.3252
4385,"Fantastic app, highly recommend!",0.7707
4392,Did not meet my expectations.,0.0
4396,Did not meet my expectations.,0.0
4397,"Not satisfied with performance, too many bugs.",-0.3252
4399,"Average app, could use more features.",0.0
4400,"Excellent design, works smoothly.",0.5719
4406,"Fantastic app, highly recommend!",0.7707
4408,"Not satisfied with performance, too many bugs.",-0.3252
4410,Great customer support and easy to use.,0.8658
4412,"Affordable and reliable, worth it.",0.2263
4415,"Very useful app, helped me a lot.",0.4927
4417,"Too many crashes, needs urgent updates.",0.2023
4420,"Affordable and reliable, worth it.",0.2263
4424,"Excellent design, works smoothly.",0.5719
4425,"Good experience overall, but UI can improve.",0.7003
4426,"Excellent design, works smoothly.",0.5719
4430,Did not meet my expectations.,0.0
4437,"Affordable and reliable, worth it.",0.2263
4439,"Very useful app, helped me a lot.",0.4927
4444,Great customer support and easy to use.,0.8658
4445,"Fantastic app, highly recommend!",0.7707
4446,"Affordable and reliable, worth it.",0.2263
4447,Did not meet my expectations.,0.0
4451,"Not satisfied with performance, too many bugs.",-0.3252
4454,"Average app, could use more features.",0.0
4464,"Good experience overall, but UI can improve.",0.7003
4465,"Too many crashes, needs urgent updates.",0.2023
4473,"Fantastic app, highly recommend!",0.7707
4477,"Fantastic app, highly recommend!",0.7707
4478,"Average app, could use more features.",0.0
4481,"Fantastic app, highly recommend!",0.7707
4485,"Very useful app, helped me a lot.",0.4927
4489,"Good experience overall, but UI can improve.",0.7003
4495,Did not meet my expectations.,0.0
4496,"Very useful app, helped me a lot.",0.4927
4498,"Very useful app, helped me a lot.",0.4927
4500,"Average app, could use more features.",0.0
4506,"Average app, could use more features.",0.0
4507,"Very useful app, helped me a lot.",0.4927
4511,Did not meet my expectations.,0.0
4517,Did not meet my expectations.,0.0
4520,"Too many crashes, needs urgent updates.",0.2023
4523,"Good experience overall, but UI can improve.",0.7003
4525,"Not satisfied with performance, too many bugs.",-0.3252
4526,"Affordable and reliable, worth it.",0.2263
4527,"Fantastic app, highly recommend!",0.7707
4530,Did not meet my expectations.,0.0
4533,"Not satisfied with performance, too many bugs.",-0.3252
4536,Did not meet my expectations.,0.0
4552,Great customer support and easy to use.,0.8658
4554,Great customer support and easy to use.,0.8658
4559,"Excellent design, works smoothly.",0.5719
4566,Great customer support and easy to use.,0.8658
4567,"Fantastic app, highly recommend!",0.7707
4570,"Very useful app, helped me a lot.",0.4927
4571,"Very useful app, helped me a lot.",0.4927
4578,"Not satisfied with performance, too many bugs.",-0.3252
4579,Great customer support and easy to use.,0.8658
4582,Great customer support and easy to use.,0.8658
4586,Great customer support and easy to use.,0.8658
4589,"Excellent design, works smoothly.",0.5719
4595,"Affordable and reliable, worth it.",0.2263
4596,Did not meet my expectations.,0.0
4597,"Excellent design, works smoothly.",0.5719
4605,Great customer support and easy to use.,0.8658
4610,"Excellent design, works smoothly.",0.5719
4614,"Excellent design, works smoothly.",0.5719
4618,Did not meet my expectations.,0.0
4621,Great customer support and easy to use.,0.8658
4624,Did not meet my expectations.,0.0
4626,"Very useful app, helped me a lot.",0.4927
4628,"Average app, could use more features.",0.0
4629,"Not satisfied with performance, too many bugs.",-0.3252
4630,Did not meet my expectations.,0.0
4631,"Good experience overall, but UI can improve.",0.7003
4632,"Not satisfied with performance, too many bugs.",-0.3252
4633,"Not satisfied with performance, too many bugs.",-0.3252
4634,"Too many crashes, needs urgent updates.",0.2023
4636,Did not meet my expectations.,0.0
4641,Great customer support and easy to use.,0.8658
4642,"Excellent design, works smoothly.",0.5719
4644,"Very useful app, helped me a lot.",0.4927
4646,"Too many crashes, needs urgent updates.",0.2023
4650,"Average app, could use more features.",0.0
4652,"Excellent design, works smoothly.",0.5719
4653,"Fantastic app, highly recommend!",0.7707
4655,"Fantastic app, highly recommend!",0.7707
4657,"Good experience overall, but UI can improve.",0.7003
4658,"Not satisfied with performance, too many bugs.",-0.3252
4659,"Average app, could use more features.",0.0
4661,"Too many crashes, needs urgent updates.",0.2023
4663,Great customer support and easy to use.,0.8658
4667,Great customer support and easy to use.,0.8658
4672,"Excellent design, works smoothly.",0.5719
4673,Great customer support and easy to use.,0.8658
4674,"Average app, could use more features.",0.0
4676,"Good experience overall, but UI can improve.",0.7003
4680,Did not meet my expectations.,0.0
4687,"Not satisfied with performance, too many bugs.",-0.3252
4688,"Fantastic app, highly recommend!",0.7707
4689,"Very useful app, helped me a lot.",0.4927
4691,"Very useful app, helped me a lot.",0.4927
4694,Did not meet my expectations.,0.0
4697,"Average app, could use more features.",0.0
4699,"Not satisfied with performance, too many bugs.",-0.3252
4700,"Fantastic app, highly recommend!",0.7707
4701,"Fantastic app, highly recommend!",0.7707
4702,"Excellent design, works smoothly.",0.5719
4703,"Good experience overall, but UI can improve.",0.7003
4706,"Affordable and reliable, worth it.",0.2263
4707,"Too many crashes, needs urgent updates.",0.2023
4715,"Good experience overall, but UI can improve.",0.7003
4716,"Fantastic app, highly recommend!",0.7707
4718,Great customer support and easy to use.,0.8658
4719,"Good experience overall, but UI can improve.",0.7003
4721,"Excellent design, works smoothly.",0.5719
4725,Great customer support and easy to use.,0.8658
4726,"Good experience overall, but UI can improve.",0.7003
4730,"Not satisfied with performance, too many bugs.",-0.3252
4734,"Very useful app, helped me a lot.",0.4927
4738,"Affordable and reliable, worth it.",0.2263
4744,"Very useful app, helped me a lot.",0.4927
4745,Did not meet my expectations.,0.0
4750,"Fantastic app, highly recommend!",0.7707
4751,Did not meet my expectations.,0.0
4753,"Excellent design, works smoothly.",0.5719
4763,"Excellent design, works smoothly.",0.5719
4768,"Affordable and reliable, worth it.",0.2263
4777,"Good experience overall, but UI can improve.",0.7003
4780,Did not meet my expectations.,0.0
4783,"Affordable and reliable, worth it.",0.2263
4784,Did not meet my expectations.,0.0
4785,"Affordable and reliable, worth it.",0.2263
4788,Great customer support and easy to use.,0.8658
4798,Did not meet my expectations.,0.0
4801,Great customer support and easy to use.,0.8658
4803,"Too many crashes, needs urgent updates.",0.2023
4811,"Good experience overall, but UI can improve.",0.7003
4815,Great customer support and easy to use.,0.8658
4816,Great customer support and easy to use.,0.8658
4817,"Average app, could use more features.",0.0
4820,Great customer support and easy to use.,0.8658
4821,"Fantastic app, highly recommend!",0.7707
4826,"Excellent design, works smoothly.",0.5719
4829,"Excellent design, works smoothly.",0.5719
4835,"Too many crashes, needs urgent updates.",0.2023
4840,"Fantastic app, highly recommend!",0.7707
4842,Great customer support and easy to use.,0.8658
4844,Did not meet my expectations.,0.0
4845,Did not meet my expectations.,0.0
4846,"Very useful app, helped me a lot.",0.4927
4847,"Too many crashes, needs urgent updates.",0.2023
4848,"Fantastic app, highly recommend!",0.7707
4850,"Not satisfied with performance, too many bugs.",-0.3252
4851,"Very useful app, helped me a lot.",0.4927
4853,"Affordable and reliable, worth it.",0.2263
4855,"Very useful app, helped me a lot.",0.4927
4856,"Fantastic app, highly recommend!",0.7707
4857,Great customer support and easy to use.,0.8658
4858,"Not satisfied with performance, too many bugs.",-0.3252
4859,Great customer support and easy to use.,0.8658
4862,"Not satisfied with performance, too many bugs.",-0.3252
4863,Great customer support and easy to use.,0.8658
4864,"Very useful app, helped me a lot.",0.4927
4865,"Average app, could use more features.",0.0
4866,"Not satisfied with performance, too many bugs.",-0.3252
4869,"Very useful app, helped me a lot.",0.4927
4872,"Good experience overall, but UI can improve.",0.7003
4876,"Excellent design, works smoothly.",0.5719
4878,"Good experience overall, but UI can improve.",0.7003
4880,"Not satisfied with performance, too many bugs.",-0.3252
4882,"Very useful app, helped me a lot.",0.4927
4886,"Not satisfied with performance, too many bugs.",-0.3252
4889,"Fantastic app, highly recommend!",0.7707
4890,"Affordable and reliable, worth it.",0.2263
4895,"Very useful app, helped me a lot.",0.4927
4896,"Fantastic app, highly recommend!",0.7707
4897,"Affordable and reliable, worth it.",0.2263
4904,"Fantastic app, highly recommend!",0.7707
4912,"Very useful app, helped me a lot.",0.4927
4913,"Good experience overall, but UI can improve.",0.7003
4914,Did not meet my expectations.,0.0
4915,"Good experience overall, but UI can improve.",0.7003
4917,Great customer support and easy to use.,0.8658
4919,Great customer support and easy to use.,0.8658
4921,Great customer support and easy to use.,0.8658
4925,Great customer support and easy to use.,0.8658
4929,"Affordable and reliable, worth it.",0.2263
4931,"Affordable and reliable, worth it.",0.2263
4932,"Very useful app, helped me a lot.",0.4927
4940,"Very useful app, helped me a lot.",0.4927
4941,Great customer support and easy to use.,0.8658
4943,"Average app, could use more features.",0.0
4946,"Good experience overall, but UI can improve.",0.7003
4951,Did not meet my expectations.,0.0
4954,Did not meet my expectations.,0.0
4961,"Too many crashes, needs urgent updates.",0.2023
4962,Great customer support and easy to use.,0.8658
4966,"Not satisfied with performance, too many bugs.",-0.3252
4967,"Good experience overall, but UI can improve.",0.7003
4968,"Too many crashes, needs urgent updates.",0.2023
4969,"Good experience overall, but UI can improve.",0.7003
4973,"Not satisfied with performance, too many bugs.",-0.3252
4979,Great customer support and easy to use.,0.8658
4981,"Affordable and reliable, worth it.",0.2263
4985,Great customer support and easy to use.,0.8658
4988,"Too many crashes, needs urgent updates.",0.2023
4996,"Very useful app, helped me a lot.",0.4927
4997,Did not meet my expectations.,0.0
4999,"Very useful app, helped me a lot.",0.4927
5001,"Average app, could use more features.",0.0
5004,"Very useful app, helped me a lot.",0.4927
5014,"Very useful app, helped me a lot.",0.4927
5016,"Affordable and reliable, worth it.",0.2263
5017,"Too many crashes, needs urgent updates.",0.2023
5019,"Very useful app, helped me a lot.",0.4927
5020,"Excellent design, works smoothly.",0.5719
5023,"Average app, could use more features.",0.0
5024,"Good experience overall, but UI can improve.",0.7003
5027,"Fantastic app, highly recommend!",0.7707
5028,"Fantastic app, highly recommend!",0.7707
5029,"Too many crashes, needs urgent updates.",0.2023
5035,"Too many crashes, needs urgent updates.",0.2023
5036,"Fantastic app, highly recommend!",0.7707
5038,"Affordable and reliable, worth it.",0.2263
5039,Did not meet my expectations.,0.0
5042,"Too many crashes, needs urgent updates.",0.2023
5048,"Not satisfied with performance, too many bugs.",-0.3252
5050,Great customer support and easy to use.,0.8658
5051,"Affordable and reliable, worth it.",0.2263
5054,"Affordable and reliable, worth it.",0.2263
5056,"Too many crashes, needs urgent updates.",0.2023
5069,"Fantastic app, highly recommend!",0.7707
5072,"Fantastic app, highly recommend!",0.7707
5077,"Good experience overall, but UI can improve.",0.7003
5084,Great customer support and easy to use.,0.8658
5087,"Average app, could use more features.",0.0
5095,"Very useful app, helped me a lot.",0.4927
5096,"Very useful app, helped me a lot.",0.4927
5099,"Not satisfied with performance, too many bugs.",-0.3252
5105,"Not satisfied with performance, too many bugs.",-0.3252
5107,"Good experience overall, but UI can improve.",0.7003
5108,"Fantastic app, highly recommend!",0.7707
5114,"Very useful app, helped me a lot.",0.4927
5117,"Too many crashes, needs urgent updates.",0.2023
5120,Did not meet my expectations.,0.0
5121,"Fantastic app, highly recommend!",0.7707
5123,"Very useful app, helped me a lot.",0.4927
5131,Great customer support and easy to use.,0.8658
5136,"Too many crashes, needs urgent updates.",0.2023
5141,"Excellent design, works smoothly.",0.5719
5143,"Too many crashes, needs urgent updates.",0.2023
5146,Great customer support and easy to use.,0.8658
5147,"Fantastic app, highly recommend!",0.7707
5151,"Affordable and reliable, worth it.",0.2263
5154,"Affordable and reliable, worth it.",0.2263
5155,Great customer support and easy to use.,0.8658
5157,Great customer support and easy to use.,0.8658
5161,"Average app, could use more features.",0.0
5164,"Too many crashes, needs urgent updates.",0.2023
5165,"Average app, could use more features.",0.0
5173,"Very useful app, helped me a lot.",0.4927
5176,"Excellent design, works smoothly.",0.5719
5180,"Fantastic app, highly recommend!",0.7707
5181,"Affordable and reliable, worth it.",0.2263
5182,"Fantastic app, highly recommend!",0.7707
5186,"Fantastic app, highly recommend!",0.7707
5187,"Affordable and reliable, worth it.",0.2263
5188,"Not satisfied with performance, too many bugs.",-0.3252
5191,"Excellent design, works smoothly.",0.5719
5192,"Affordable and reliable, worth it.",0.2263
5197,"Too many crashes, needs urgent updates.",0.2023
5201,"Affordable and reliable, worth it.",0.2263
5206,"Very useful app, helped me a lot.",0.4927
5208,"Average app, could use more features.",0.0
5209,"Too many crashes, needs urgent updates.",0.2023
5212,"Good experience overall, but UI can improve.",0.7003
5213,Great customer support and easy to use.,0.8658
5214,"Good experience overall, but UI can improve.",0.7003
5217,"Excellent design, works smoothly.",0.5719
5219,"Good experience overall, but UI can improve.",0.7003
5220,"Good experience overall, but UI can improve.",0.7003
5221,Did not meet my expectations.,0.0
5223,"Not satisfied with performance, too many bugs.",-0.3252
5224,"Very useful app, helped me a lot.",0.4927
5225,Great customer support and easy to use.,0.8658
5229,"Good experience overall, but UI can improve.",0.7003
5230,"Very useful app, helped me a lot.",0.4927
5232,"Average app, could use more features.",0.0
5234,Great customer support and easy to use.,0.8658
5236,"Good experience overall, but UI can improve.",0.7003
5239,"Affordable and reliable, worth it.",0.2263
5241,"Too many crashes, needs urgent updates.",0.2023
5247,"Fantastic app, highly recommend!",0.7707
5248,Did not meet my expectations.,0.0
5264,"Affordable and reliable, worth it.",0.2263
5271,"Affordable and reliable, worth it.",0.2263
5272,"Not satisfied with performance, too many bugs.",-0.3252
5274,"Fantastic app, highly recommend!",0.7707
5275,"Too many crashes, needs urgent updates.",0.2023
5277,"Average app, could use more features.",0.0
5278,"Too many crashes, needs urgent updates.",0.2023
5279,Great customer support and easy to use.,0.8658
5280,"Too many crashes, needs urgent updates.",0.2023
5285,"Fantastic app, highly recommend!",0.7707
5290,Great customer support and easy to use.,0.8658
5292,"Not satisfied with performance, too many bugs.",-0.3252
5293,"Affordable and reliable, worth it.",0.2263
5306,Did not meet my expectations.,0.0
5310,"Good experience overall, but UI can improve.",0.7003
5312,"Excellent design, works smoothly.",0.5719
5314,"Affordable and reliable, worth it.",0.2263
5315,Great customer support and easy to use.,0.8658
5318,Did not meet my expectations.,0.0
5319,"Fantastic app, highly recommend!",0.7707
5320,"Good experience overall, but UI can improve.",0.7003
5322,"Affordable and reliable, worth it.",0.2263
5323,Did not meet my expectations.,0.0
5324,Great customer support and easy to use.,0.8658
5331,"Fantastic app, highly recommend!",0.7707
5332,Did not meet my expectations.,0.0
5334,"Very useful app, helped me a lot.",0.4927
5335,"Good experience overall, but UI can improve.",0.7003
5346,"Too many crashes, needs urgent updates.",0.2023
5347,"Average app, could use more features.",0.0
5352,"Not satisfied with performance, too many bugs.",-0.3252
5353,"Fantastic app, highly recommend!",0.7707
5359,"Good experience overall, but UI can improve.",0.7003
5361,"Fantastic app, highly recommend!",0.7707
5362,"Fantastic app, highly recommend!",0.7707
5364,"Very useful app, helped me a lot.",0.4927
5366,"Too many crashes, needs urgent updates.",0.2023
5367,Did not meet my expectations.,0.0
5369,"Good experience overall, but UI can improve.",0.7003
5372,"Affordable and reliable, worth it.",0.2263
5377,"Excellent design, works smoothly.",0.5719
5379,"Fantastic app, highly recommend!",0.7707
5380,Did not meet my expectations.,0.0
5381,"Too many crashes, needs urgent updates.",0.2023
5382,"Not satisfied with performance, too many bugs.",-0.3252
5386,"Too many crashes, needs urgent updates.",0.2023
5391,"Fantastic app, highly recommend!",0.7707
5392,"Too many crashes, needs urgent updates.",0.2023
5394,"Very useful app, helped me a lot.",0.4927
5396,"Too many crashes, needs urgent updates.",0.2023
5400,Did not meet my expectations.,0.0
5403,"Good experience overall, but UI can improve.",0.7003
5404,"Not satisfied with performance, too many bugs.",-0.3252
5405,"Fantastic app, highly recommend!",0.7707
5409,Did not meet my expectations.,0.0
5410,"Good experience overall, but UI can improve.",0.7003
5418,"Too many crashes, needs urgent updates.",0.2023
5421,Did not meet my expectations.,0.0
5427,"Affordable and reliable, worth it.",0.2263
5428,Great customer support and easy to use.,0.8658
5431,"Fantastic app, highly recommend!",0.7707
5434,Did not meet my expectations.,0.0
5435,"Good experience overall, but UI can improve.",0.7003
5437,"Excellent design, works smoothly.",0.5719
5441,"Good experience overall, but UI can improve.",0.7003
5442,"Average app, could use more features.",0.0
5444,Did not meet my expectations.,0.0
5446,"Excellent design, works smoothly.",0.5719
5448,Did not meet my expectations.,0.0
5450,"Average app, could use more features.",0.0
5453,"Affordable and reliable, worth it.",0.2263
5457,"Good experience overall, but UI can improve.",0.7003
5459,Did not meet my expectations.,0.0
5460,"Average app, could use more features.",0.0
5476,"Good experience overall, but UI can improve.",0.7003
5479,"Very useful app, helped me a lot.",0.4927
5483,"Excellent design, works smoothly.",0.5719
5484,Great customer support and easy to use.,0.8658
5486,"Affordable and reliable, worth it.",0.2263
5489,"Fantastic app, highly recommend!",0.7707
5490,"Affordable and reliable, worth it.",0.2263
5491,"Good experience overall, but UI can improve.",0.7003
5493,"Fantastic app, highly recommend!",0.7707
5494,"Fantastic app, highly recommend!",0.7707
5498,"Fantastic app, highly recommend!",0.7707
5499,"Not satisfied with performance, too many bugs.",-0.3252
5502,"Fantastic app, highly recommend!",0.7707
5504,"Average app, could use more features.",0.0
5509,"Very useful app, helped me a lot.",0.4927
5510,Did not meet my expectations.,0.0
5513,Did not meet my expectations.,0.0
5514,"Not satisfied with performance, too many bugs.",-0.3252
5516,"Too many crashes, needs urgent updates.",0.2023
5517,"Excellent design, works smoothly.",0.5719
5522,"Too many crashes, needs urgent updates.",0.2023
5523,"Too many crashes, needs urgent updates.",0.2023
5525,"Very useful app, helped me a lot.",0.4927
5526,Great customer support and easy to use.,0.8658
5527,"Very useful app, helped me a lot.",0.4927
5528,"Fantastic app, highly recommend!",0.7707
5529,"Not satisfied with performance, too many bugs.",-0.3252
5531,"Very useful app, helped me a lot.",0.4927
5533,"Not satisfied with performance, too many bugs.",-0.3252
5535,Did not meet my expectations.,0.0
5536,Great customer support and easy to use.,0.8658
5539,Did not meet my expectations.,0.0
5544,"Very useful app, helped me a lot.",0.4927
5545,"Average app, could use more features.",0.0
5551,"Excellent design, works smoothly.",0.5719
5553,Did not meet my expectations.,0.0
5554,"Excellent design, works smoothly.",0.5719
5557,"Too many crashes, needs urgent updates.",0.2023
5559,"Average app, could use more features.",0.0
5562,"Excellent design, works smoothly.",0.5719
5568,"Fantastic app, highly recommend!",0.7707
5570,"Good experience overall, but UI can improve.",0.7003
5573,Great customer support and easy to use.,0.8658
5577,Great customer support and easy to use.,0.8658
5579,Great customer support and easy to use.,0.8658
5581,"Excellent design, works smoothly.",0.5719
5582,Great customer support and easy to use.,0.8658
5588,Great customer support and easy to use.,0.8658
5591,"Average app, could use more features.",0.0
5593,"Fantastic app, highly recommend!",0.7707
5595,Did not meet my expectations.,0.0
5599,Did not meet my expectations.,0.0
5605,Great customer support and easy to use.,0.8658
5608,Great customer support and easy to use.,0.8658
5610,Did not meet my expectations.,0.0
5612,"Fantastic app, highly recommend!",0.7707
5615,"Good experience overall, but UI can improve.",0.7003
5616,"Not satisfied with performance, too many bugs.",-0.3252
5619,"Average app, could use more features.",0.0
5623,"Too many crashes, needs urgent updates.",0.2023
5625,"Excellent design, works smoothly.",0.5719
5627,"Not satisfied with performance, too many bugs.",-0.3252
5628,"Good experience overall, but UI can improve.",0.7003
5629,"Too many crashes, needs urgent updates.",0.2023
5630,"Not satisfied with performance, too many bugs.",-0.3252
5634,"Not satisfied with performance, too many bugs.",-0.3252
5635,"Good experience overall, but UI can improve.",0.7003
5638,Great customer support and easy to use.,0.8658
5639,"Very useful app, helped me a lot.",0.4927
5641,"Affordable and reliable, worth it.",0.2263
5646,"Affordable and reliable, worth it.",0.2263
5650,"Good experience overall, but UI can improve.",0.7003
5655,"Too many crashes, needs urgent updates.",0.2023
5656,Did not meet my expectations.,0.0
5657,"Not satisfied with performance, too many bugs.",-0.3252
5658,Did not meet my expectations.,0.0
5660,"Good experience overall, but UI can improve.",0.7003
5662,"Average app, could use more features.",0.0
5663,"Affordable and reliable, worth it.",0.2263
5664,Did not meet my expectations.,0.0
5665,Did not meet my expectations.,0.0
5667,"Fantastic app, highly recommend!",0.7707
5668,"Fantastic app, highly recommend!",0.7707
5672,Great customer support and easy to use.,0.8658
5674,"Fantastic app, highly recommend!",0.7707
5677,"Average app, could use more features.",0.0
5680,"Too many crashes, needs urgent updates.",0.2023
5681,Great customer support and easy to use.,0.8658
5688,Did not meet my expectations.,0.0
5689,"Average app, could use more features.",0.0
5694,"Not satisfied with performance, too many bugs.",-0.3252
5695,"Average app, could use more features.",0.0
5696,"Affordable and reliable, worth it.",0.2263
5699,"Very useful app, helped me a lot.",0.4927
5705,"Very useful app, helped me a lot.",0.4927
5708,Did not meet my expectations.,0.0
5717,"Good experience overall, but UI can improve.",0.7003
5721,"Not satisfied with performance, too many bugs.",-0.3252
5722,"Good experience overall, but UI can improve.",0.7003
5723,"Average app, could use more features.",0.0
5725,"Affordable and reliable, worth it.",0.2263
5731,"Average app, could use more features.",0.0
5732,"Good experience overall, but UI can improve.",0.7003
5737,"Affordable and reliable, worth it.",0.2263
5741,"Average app, could use more features.",0.0
5748,"Very useful app, helped me a lot.",0.4927
5750,"Too many crashes, needs urgent updates.",0.2023
5751,"Too many crashes, needs urgent updates.",0.2023
5753,"Fantastic app, highly recommend!",0.7707
5754,Great customer support and easy to use.,0.8658
5765,Great customer support and easy to use.,0.8658
5766,Did not meet my expectations.,0.0
5768,Did not meet my expectations.,0.0
5773,Great customer support and easy to use.,0.8658
5777,Did not meet my expectations.,0.0
5788,Great customer support and easy to use.,0.8658
5795,"Excellent design, works smoothly.",0.5719
5796,"Excellent design, works smoothly.",0.5719
5800,Did not meet my expectations.,0.0
5801,"Fantastic app, highly recommend!",0.7707
5802,"Average app, could use more features.",0.0
5803,Great customer support and easy to use.,0.8658
5807,Did not meet my expectations.,0.0
5810,"Very useful app, helped me a lot.",0.4927
5814,"Very useful app, helped me a lot.",0.4927
5819,"Not satisfied with performance, too many bugs.",-0.3252
5822,"Too many crashes, needs urgent updates.",0.2023
5827,Did not meet my expectations.,0.0
5831,"Excellent design, works smoothly.",0.5719
5836,"Very useful app, helped me a lot.",0.4927
5840,"Excellent design, works smoothly.",0.5719
5847,"Fantastic app, highly recommend!",0.7707
5850,"Very useful app, helped me a lot.",0.4927
5851,Great customer support and easy to use.,0.8658
5854,"Very useful app, helped me a lot.",0.4927
5855,Great customer support and easy to use.,0.8658
5856,"Fantastic app, highly recommend!",0.7707
5857,Great customer support and easy to use.,0.8658
5859,"Average app, could use more features.",0.0
5865,"Excellent design, works smoothly.",0.5719
5868,"Average app, could use more features.",0.0
5872,"Too many crashes, needs urgent updates.",0.2023
5873,Did not meet my expectations.,0.0
5875,"Fantastic app, highly recommend!",0.7707
5877,"Good experience overall, but UI can improve.",0.7003
5880,"Very useful app, helped me a lot.",0.4927
5882,"Fantastic app, highly recommend!",0.7707
5883,"Fantastic app, highly recommend!",0.7707
5884,"Fantastic app, highly recommend!",0.7707
5885,"Average app, could use more features.",0.0
5887,"Average app, could use more features.",0.0
5888,"Fantastic app, highly recommend!",0.7707
5891,"Too many crashes, needs urgent updates.",0.2023
5896,"Average app, could use more features.",0.0
5899,"Good experience overall, but UI can improve.",0.7003
5900,"Not satisfied with performance, too many bugs.",-0.3252
5903,"Fantastic app, highly recommend!",0.7707
5904,"Very useful app, helped me a lot.",0.4927
5911,"Too many crashes, needs urgent updates.",0.2023
5917,Great customer support and easy to use.,0.8658
5918,"Fantastic app, highly recommend!",0.7707
5920,Great customer support and easy to use.,0.8658
5921,"Average app, could use more features.",0.0
5924,"Not satisfied with performance, too many bugs.",-0.3252
5925,"Affordable and reliable, worth it.",0.2263
5930,"Excellent design, works smoothly.",0.5719
5936,Did not meet my expectations.,0.0
5938,Great customer support and easy to use.,0.8658
5945,"Not satisfied with performance, too many bugs.",-0.3252
5947,"Excellent design, works smoothly.",0.5719
5950,"Affordable and reliable, worth it.",0.2263
5951,"Affordable and reliable, worth it.",0.2263
5952,"Fantastic app, highly recommend!",0.7707
5960,"Good experience overall, but UI can improve.",0.7003
5961,"Affordable and reliable, worth it.",0.2263
5962,"Very useful app, helped me a lot.",0.4927
5963,"Too many crashes, needs urgent updates.",0.2023
5964,"Average app, could use more features.",0.0
5972,"Very useful app, helped me a lot.",0.4927
5974,"Too many crashes, needs urgent updates.",0.2023
5979,"Not satisfied with performance, too many bugs.",-0.3252
5980,"Too many crashes, needs urgent updates.",0.2023
5981,"Fantastic app, highly recommend!",0.7707
5985,"Affordable and reliable, worth it.",0.2263
5986,Great customer support and easy to use.,0.8658
5993,Did not meet my expectations.,0.0
6001,"Affordable and reliable, worth it.",0.2263
6002,"Good experience overall, but UI can improve.",0.7003
6006,Did not meet my expectations.,0.0
6007,"Average app, could use more features.",0.0
6014,"Not satisfied with performance, too many bugs.",-0.3252
6015,"Affordable and reliable, worth it.",0.2263
6018,Great customer support and easy to use.,0.8658
6023,"Good experience overall, but UI can improve.",0.7003
6024,"Average app, could use more features.",0.0
6025,"Too many crashes, needs urgent updates.",0.2023
6026,"Very useful app, helped me a lot.",0.4927
6027,Did not meet my expectations.,0.0
6029,"Too many crashes, needs urgent updates.",0.2023
6030,"Too many crashes, needs urgent updates.",0.2023
6032,"Very useful app, helped me a lot.",0.4927
6033,"Very useful app, helped me a lot.",0.4927
6035,Great customer support and easy to use.,0.8658
6038,"Very useful app, helped me a lot.",0.4927
6040,"Too many crashes, needs urgent updates.",0.2023
6041,Great customer support and easy to use.,0.8658
6047,"Excellent design, works smoothly.",0.5719
6052,"Good experience overall, but UI can improve.",0.7003
6053,"Affordable and reliable, worth it.",0.2263
6056,"Too many crashes, needs urgent updates.",0.2023
6058,"Good experience overall, but UI can improve.",0.7003
6059,"Average app, could use more features.",0.0
6061,"Very useful app, helped me a lot.",0.4927
6065,"Fantastic app, highly recommend!",0.7707
6073,Did not meet my expectations.,0.0
6079,Did not meet my expectations.,0.0
6083,"Excellent design, works smoothly.",0.5719
6085,"Good experience overall, but UI can improve.",0.7003
6090,"Very useful app, helped me a lot.",0.4927
6093,"Fantastic app, highly recommend!",0.7707
6095,"Good experience overall, but UI can improve.",0.7003
6096,"Not satisfied with performance, too many bugs.",-0.3252
6098,"Too many crashes, needs urgent updates.",0.2023
6105,"Very useful app, helped me a lot.",0.4927
6106,"Very useful app, helped me a lot.",0.4927
6117,"Excellent design, works smoothly.",0.5719
6118,"Fantastic app, highly recommend!",0.7707
6123,"Very useful app, helped me a lot.",0.4927
6128,"Very useful app, helped me a lot.",0.4927
6129,Did not meet my expectations.,0.0
6134,"Not satisfied with performance, too many bugs.",-0.3252
6136,"Average app, could use more features.",0.0
6137,"Not satisfied with performance, too many bugs.",-0.3252
6138,"Good experience overall, but UI can improve.",0.7003
6140,"Too many crashes, needs urgent updates.",0.2023
6141,Great customer support and easy to use.,0.8658
6144,"Very useful app, helped me a lot.",0.4927
6145,"Excellent design, works smoothly.",0.5719
6146,"Affordable and reliable, worth it.",0.2263
6149,"Not satisfied with performance, too many bugs.",-0.3252
6151,Great customer support and easy to use.,0.8658
6157,"Excellent design, works smoothly.",0.5719
6158,"Excellent design, works smoothly.",0.5719
6161,"Very useful app, helped me a lot.",0.4927
6162,"Good experience overall, but UI can improve.",0.7003
6165,Great customer support and easy to use.,0.8658
6166,Great customer support and easy to use.,0.8658
6169,"Affordable and reliable, worth it.",0.2263
6171,"Average app, could use more features.",0.0
6172,"Fantastic app, highly recommend!",0.7707
6175,"Too many crashes, needs urgent updates.",0.2023
6176,"Very useful app, helped me a lot.",0.4927
6180,"Average app, could use more features.",0.0
6184,"Very useful app, helped me a lot.",0.4927
6186,"Very useful app, helped me a lot.",0.4927
6190,"Good experience overall, but UI can improve.",0.7003
6193,"Very useful app, helped me a lot.",0.4927
6194,Did not meet my expectations.,0.0
6197,"Too many crashes, needs urgent updates.",0.2023
6207,"Very useful app, helped me a lot.",0.4927
6208,"Average app, could use more features.",0.0
6210,"Good experience overall, but UI can improve.",0.7003
6211,Did not meet my expectations.,0.0
6212,"Too many crashes, needs urgent updates.",0.2023
6214,"Very useful app, helped me a lot.",0.4927
6215,"Very useful app, helped me a lot.",0.4927
6219,"Affordable and reliable, worth it.",0.2263
6220,"Fantastic app, highly recommend!",0.7707
6221,Did not meet my expectations.,0.0
6227,"Excellent design, works smoothly.",0.5719
6231,"Good experience overall, but UI can improve.",0.7003
6232,Did not meet my expectations.,0.0
6233,"Not satisfied with performance, too many bugs.",-0.3252
6235,"Fantastic app, highly recommend!",0.7707
6241,Did not meet my expectations.,0.0
6244,"Too many crashes, needs urgent updates.",0.2023
6247,"Too many crashes, needs urgent updates.",0.2023
6249,"Fantastic app, highly recommend!",0.7707
6251,"Average app, could use more features.",0.0
6253,"Very useful app, helped me a lot.",0.4927
6258,Did not meet my expectations.,0.0
6260,"Fantastic app, highly recommend!",0.7707
6261,"Good experience overall, but UI can improve.",0.7003
6263,"Excellent design, works smoothly.",0.5719
6268,"Fantastic app, highly recommend!",0.7707
6269,"Average app, could use more features.",0.0
6273,"Good experience overall, but UI can improve.",0.7003
6280,"Good experience overall, but UI can improve.",0.7003
6281,"Good experience overall, but UI can improve.",0.7003
6282,"Affordable and reliable, worth it.",0.2263
6285,Did not meet my expectations.,0.0
6287,Great customer support and easy to use.,0.8658
6289,"Good experience overall, but UI can improve.",0.7003
6293,"Not satisfied with performance, too many bugs.",-0.3252
6298,"Excellent design, works smoothly.",0.5719
6299,"Fantastic app, highly recommend!",0.7707
6300,"Average app, could use more features.",0.0
6309,"Affordable and reliable, worth it.",0.2263
6310,"Not satisfied with performance, too many bugs.",-0.3252
6313,"Very useful app, helped me a lot.",0.4927
6314,"Fantastic app, highly recommend!",0.7707
6316,Did not meet my expectations.,0.0
6318,"Very useful app, helped me a lot.",0.4927
6320,"Very useful app, helped me a lot.",0.4927
6321,"Not satisfied with performance, too many bugs.",-0.3252
6325,"Too many crashes, needs urgent updates.",0.2023
6327,"Very useful app, helped me a lot.",0.4927
6328,"Excellent design, works smoothly.",0.5719
6331,Did not meet my expectations.,0.0
6332,Great customer support and easy to use.,0.8658
6333,"Too many crashes, needs urgent updates.",0.2023
6334,"Too many crashes, needs urgent updates.",0.2023
6344,"Fantastic app, highly recommend!",0.7707
6345,"Good experience overall, but UI can improve.",0.7003
6349,"Very useful app, helped me a lot.",0.4927
6358,"Affordable and reliable, worth it.",0.2263
6362,"Too many crashes, needs urgent updates.",0.2023
6364,"Fantastic app, highly recommend!",0.7707
6366,Did not meet my expectations.,0.0
6369,Great customer support and easy to use.,0.8658
6373,"Very useful app, helped me a lot.",0.4927
6376,Did not meet my expectations.,0.0
6380,Did not meet my expectations.,0.0
6381,"Average app, could use more features.",0.0
6392,Great customer support and easy to use.,0.8658
6393,"Average app, could use more features.",0.0
6396,"Not satisfied with performance, too many bugs.",-0.3252
6397,"Too many crashes, needs urgent updates.",0.2023
6398,"Not satisfied with performance, too many bugs.",-0.3252
6404,"Affordable and reliable, worth it.",0.2263
6407,"Too many crashes, needs urgent updates.",0.2023
6410,"Excellent design, works smoothly.",0.5719
6411,"Very useful app, helped me a lot.",0.4927
6414,"Not satisfied with performance, too many bugs.",-0.3252
6415,Great customer support and easy to use.,0.8658
6417,"Fantastic app, highly recommend!",0.7707
6418,"Fantastic app, highly recommend!",0.7707
6419,"Affordable and reliable, worth it.",0.2263
6423,Great customer support and easy to use.,0.8658
6426,"Affordable and reliable, worth it.",0.2263
6429,"Too many crashes, needs urgent updates.",0.2023
6434,"Fantastic app, highly recommend!",0.7707
6438,"Average app, could use more features.",0.0
6440,"Very useful app, helped me a lot.",0.4927
6443,"Not satisfied with performance, too many bugs.",-0.3252
6447,"Too many crashes, needs urgent updates.",0.2023
6451,"Fantastic app, highly recommend!",0.7707
6452,"Affordable and reliable, worth it.",0.2263
6455,"Average app, could use more features.",0.0
6457,"Average app, could use more features.",0.0
6459,"Fantastic app, highly recommend!",0.7707
6460,"Affordable and reliable, worth it.",0.2263
6462,Did not meet my expectations.,0.0
6463,"Too many crashes, needs urgent updates.",0.2023
6464,"Not satisfied with performance, too many bugs.",-0.3252
6465,"Very useful app, helped me a lot.",0.4927
6467,"Not satisfied with performance, too many bugs.",-0.3252
6468,"Affordable and reliable, worth it.",0.2263
6472,"Good experience overall, but UI can improve.",0.7003
6473,"Affordable and reliable, worth it.",0.2263
6474,"Good experience overall, but UI can improve.",0.7003
6475,"Affordable and reliable, worth it.",0.2263
6476,"Excellent design, works smoothly.",0.5719
6478,"Good experience overall, but UI can improve.",0.7003
6479,"Very useful app, helped me a lot.",0.4927
6480,"Average app, could use more features.",0.0
6481,"Not satisfied with performance, too many bugs.",-0.3252
6483,"Excellent design, works smoothly.",0.5719
6488,"Affordable and reliable, worth it.",0.2263
6495,"Good experience overall, but UI can improve.",0.7003
6497,Great customer support and easy to use.,0.8658
6498,"Excellent design, works smoothly.",0.5719
6500,Did not meet my expectations.,0.0
6506,"Good experience overall, but UI can improve.",0.7003
6508,"Not satisfied with performance, too many bugs.",-0.3252
6513,"Not satisfied with performance, too many bugs.",-0.3252
6515,Great customer support and easy to use.,0.8658
6516,Great customer support and easy to use.,0.8658
6520,"Very useful app, helped me a lot.",0.4927
6522,Did not meet my expectations.,0.0
6525,"Very useful app, helped me a lot.",0.4927
6527,"Good experience overall, but UI can improve.",0.7003
6530,Great customer support and easy to use.,0.8658
6531,"Affordable and reliable, worth it.",0.2263
6535,"Fantastic app, highly recommend!",0.7707
6540,"Good experience overall, but UI can improve.",0.7003
6541,"Good experience overall, but UI can improve.",0.7003
6543,Did not meet my expectations.,0.0
6545,Did not meet my expectations.,0.0
6547,"Average app, could use more features.",0.0
6550,"Not satisfied with performance, too many bugs.",-0.3252
6552,Great customer support and easy to use.,0.8658
6553,"Too many crashes, needs urgent updates.",0.2023
6558,"Good experience overall, but UI can improve.",0.7003
6565,Great customer support and easy to use.,0.8658
6568,Great customer support and easy to use.,0.8658
6569,"Not satisfied with performance, too many bugs.",-0.3252
6570,"Average app, could use more features.",0.0
6573,"Not satisfied with performance, too many bugs.",-0.3252
6578,"Too many crashes, needs urgent updates.",0.2023
6579,"Very useful app, helped me a lot.",0.4927
6583,"Excellent design, works smoothly.",0.5719
6587,"Average app, could use more features.",0.0
6590,"Fantastic app, highly recommend!",0.7707
6597,"Affordable and reliable, worth it.",0.2263
6601,"Average app, could use more features.",0.0
6602,Did not meet my expectations.,0.0
6604,"Excellent design, works smoothly.",0.5719
6606,"Too many crashes, needs urgent updates.",0.2023
6608,"Not satisfied with performance, too many bugs.",-0.3252
6609,Great customer support and easy to use.,0.8658
6611,"Good experience overall, but UI can improve.",0.7003
6613,Great customer support and easy to use.,0.8658
6615,"Average app, could use more features.",0.0
6619,"Affordable and reliable, worth it.",0.2263
6623,"Good experience overall, but UI can improve.",0.7003
6625,"Not satisfied with performance, too many bugs.",-0.3252
6627,Great customer support and easy to use.,0.8658
6628,"Very useful app, helped me a lot.",0.4927
6632,Great customer support and easy to use.,0.8658
6633,"Not satisfied with performance, too many bugs.",-0.3252
6634,"Not satisfied with performance, too many bugs.",-0.3252
6640,"Very useful app, helped me a lot.",0.4927
6642,"Excellent design, works smoothly.",0.5719
6643,"Not satisfied with performance, too many bugs.",-0.3252
6646,"Not satisfied with performance, too many bugs.",-0.3252
6647,"Affordable and reliable, worth it.",0.2263
6648,"Good experience overall, but UI can improve.",0.7003
6658,Did not meet my expectations.,0.0
6659,"Good experience overall, but UI can improve.",0.7003
6667,"Not satisfied with performance, too many bugs.",-0.3252
6670,"Not satisfied with performance, too many bugs.",-0.3252
6672,"Good experience overall, but UI can improve.",0.7003
6677,"Affordable and reliable, worth it.",0.2263
6679,"Very useful app, helped me a lot.",0.4927
6681,Did not meet my expectations.,0.0
6687,"Too many crashes, needs urgent updates.",0.2023
6688,"Affordable and reliable, worth it.",0.2263
6691,"Good experience overall, but UI can improve.",0.7003
6697,"Not satisfied with performance, too many bugs.",-0.3252
6700,"Too many crashes, needs urgent updates.",0.2023
6716,"Not satisfied with performance, too many bugs.",-0.3252
6719,"Average app, could use more features.",0.0
6722,"Average app, could use more features.",0.0
6723,"Not satisfied with performance, too many bugs.",-0.3252
6724,"Too many crashes, needs urgent updates.",0.2023
6729,"Fantastic app, highly recommend!",0.7707
6730,"Average app, could use more features.",0.0
6732,"Too many crashes, needs urgent updates.",0.2023
6734,"Very useful app, helped me a lot.",0.4927
6737,"Affordable and reliable, worth it.",0.2263
6742,"Fantastic app, highly recommend!",0.7707
6748,"Too many crashes, needs urgent updates.",0.2023
6749,"Excellent design, works smoothly.",0.5719
6752,Did not meet my expectations.,0.0
6753,"Very useful app, helped me a lot.",0.4927
6754,"Not satisfied with performance, too many bugs.",-0.3252
6761,"Average app, could use more features.",0.0
6762,"Not satisfied with performance, too many bugs.",-0.3252
6770,Did not meet my expectations.,0.0
6777,"Not satisfied with performance, too many bugs.",-0.3252
6782,"Too many crashes, needs urgent updates.",0.2023
6783,"Good experience overall, but UI can improve.",0.7003
6787,"Affordable and reliable, worth it.",0.2263
6793,"Very useful app, helped me a lot.",0.4927
6794,"Affordable and reliable, worth it.",0.2263
6795,"Good experience overall, but UI can improve.",0.7003
6797,"Not satisfied with performance, too many bugs.",-0.3252
6798,"Affordable and reliable, worth it.",0.2263
6805,"Fantastic app, highly recommend!",0.7707
6811,"Average app, could use more features.",0.0
6815,Great customer support and easy to use.,0.8658
6816,"Average app, could use more features.",0.0
6818,Did not meet my expectations.,0.0
6820,"Average app, could use more features.",0.0
6821,"Excellent design, works smoothly.",0.5719
6823,"Affordable and reliable, worth it.",0.2263
6831,Great customer support and easy to use.,0.8658
6834,Great customer support and easy to use.,0.8658
6836,Did not meet my expectations.,0.0
6837,"Very useful app, helped me a lot.",0.4927
6838,"Fantastic app, highly recommend!",0.7707
6839,"Fantastic app, highly recommend!",0.7707
6840,Did not meet my expectations.,0.0
6845,"Very useful app, helped me a lot.",0.4927
6846,"Good experience overall, but UI can improve.",0.7003
6851,"Fantastic app, highly recommend!",0.7707
6853,"Fantastic app, highly recommend!",0.7707
6856,Great customer support and easy to use.,0.8658
6858,Did not meet my expectations.,0.0
6861,"Excellent design, works smoothly.",0.5719
6862,"Not satisfied with performance, too many bugs.",-0.3252
6865,"Not satisfied with performance, too many bugs.",-0.3252
6873,Did not meet my expectations.,0.0
6874,"Too many crashes, needs urgent updates.",0.2023
6879,Did not meet my expectations.,0.0
6883,"Excellent design, works smoothly.",0.5719
6885,"Good experience overall, but UI can improve.",0.7003
6888,"Good experience overall, but UI can improve.",0.7003
6889,"Good experience overall, but UI can improve.",0.7003
6891,"Fantastic app, highly recommend!",0.7707
6893,"Too many crashes, needs urgent updates.",0.2023
6896,"Fantastic app, highly recommend!",0.7707
6905,"Too many crashes, needs urgent updates.",0.2023
6907,"Not satisfied with performance, too many bugs.",-0.3252
6910,Great customer support and easy to use.,0.8658
6911,"Fantastic app, highly recommend!",0.7707
6913,"Affordable and reliable, worth it.",0.2263
6925,"Good experience overall, but UI can improve.",0.7003
6930,"Too many crashes, needs urgent updates.",0.2023
6931,Great customer support and easy to use.,0.8658
6933,"Average app, could use more features.",0.0
6935,"Excellent design, works smoothly.",0.5719
6942,Great customer support and easy to use.,0.8658
6944,"Not satisfied with performance, too many bugs.",-0.3252
6945,"Average app, could use more features.",0.0
6946,"Good experience overall, but UI can improve.",0.7003
6947,"Not satisfied with performance, too many bugs.",-0.3252
6948,"Too many crashes, needs urgent updates.",0.2023
6951,"Fantastic app, highly recommend!",0.7707
6955,"Very useful app, helped me a lot.",0.4927
6956,"Good experience overall, but UI can improve.",0.7003
6957,"Very useful app, helped me a lot.",0.4927
6960,"Excellent design, works smoothly.",0.5719
6961,"Fantastic app, highly recommend!",0.7707
6963,"Excellent design, works smoothly.",0.5719
6967,"Good experience overall, but UI can improve.",0.7003
6969,"Affordable and reliable, worth it.",0.2263
6972,"Excellent design, works smoothly.",0.5719
6974,"Average app, could use more features.",0.0
6975,"Very useful app, helped me a lot.",0.4927
6976,Great customer support and easy to use.,0.8658
6978,"Average app, could use more features.",0.0
6980,"Fantastic app, highly recommend!",0.7707
6982,Did not meet my expectations.,0.0
6983,"Not satisfied with performance, too many bugs.",-0.3252
6989,"Good experience overall, but UI can improve.",0.7003
6997,"Very useful app, helped me a lot.",0.4927
6999,"Average app, could use more features.",0.0
7010,Great customer support and easy to use.,0.8658
7013,"Excellent design, works smoothly.",0.5719
7016,"Affordable and reliable, worth it.",0.2263
7018,"Very useful app, helped me a lot.",0.4927
7021,"Average app, could use more features.",0.0
7026,"Fantastic app, highly recommend!",0.7707
7030,"Affordable and reliable, worth it.",0.2263
7031,"Fantastic app, highly recommend!",0.7707
7032,"Not satisfied with performance, too many bugs.",-0.3252
7034,"Too many crashes, needs urgent updates.",0.2023
7035,"Excellent design, works smoothly.",0.5719
7036,"Excellent design, works smoothly.",0.5719
7041,"Good experience overall, but UI can improve.",0.7003
7042,"Fantastic app, highly recommend!",0.7707
7043,Great customer support and easy to use.,0.8658
7046,"Average app, could use more features.",0.0
7047,"Too many crashes, needs urgent updates.",0.2023
7049,Great customer support and easy to use.,0.8658
7050,"Affordable and reliable, worth it.",0.2263
7051,"Affordable and reliable, worth it.",0.2263
7053,"Very useful app, helped me a lot.",0.4927
7057,"Excellent design, works smoothly.",0.5719
7059,"Not satisfied with performance, too many bugs.",-0.3252
7063,"Too many crashes, needs urgent updates.",0.2023
7064,"Too many crashes, needs urgent updates.",0.2023
7066,"Excellent design, works smoothly.",0.5719
7068,"Affordable and reliable, worth it.",0.2263
7069,"Too many crashes, needs urgent updates.",0.2023
7071,Did not meet my expectations.,0.0
7072,"Fantastic app, highly recommend!",0.7707
7073,"Average app, could use more features.",0.0
7074,"Average app, could use more features.",0.0
7082,"Too many crashes, needs urgent updates.",0.2023
7084,Did not meet my expectations.,0.0
7090,Great customer support and easy to use.,0.8658
7095,"Not satisfied with performance, too many bugs.",-0.3252
7098,"Average app, could use more features.",0.0
7112,"Average app, could use more features.",0.0
7115,"Average app, could use more features.",0.0
7118,Great customer support and easy to use.,0.8658
7121,"Very useful app, helped me a lot.",0.4927
7125,"Very useful app, helped me a lot.",0.4927
7127,"Average app, could use more features.",0.0
7132,"Fantastic app, highly recommend!",0.7707
7133,"Good experience overall, but UI can improve.",0.7003
7134,"Fantastic app, highly recommend!",0.7707
7137,"Fantastic app, highly recommend!",0.7707
7145,"Affordable and reliable, worth it.",0.2263
7146,Great customer support and easy to use.,0.8658
7149,Did not meet my expectations.,0.0
7150,Did not meet my expectations.,0.0
7154,"Excellent design, works smoothly.",0.5719
7158,"Affordable and reliable, worth it.",0.2263
7159,Great customer support and easy to use.,0.8658
7161,"Average app, could use more features.",0.0
7162,"Excellent design, works smoothly.",0.5719
7166,Did not meet my expectations.,0.0
7167,"Average app, could use more features.",0.0
7168,"Excellent design, works smoothly.",0.5719
7170,"Not satisfied with performance, too many bugs.",-0.3252
7171,"Fantastic app, highly recommend!",0.7707
7175,"Average app, could use more features.",0.0
7177,Great customer support and easy to use.,0.8658
7178,Did not meet my expectations.,0.0
7179,"Affordable and reliable, worth it.",0.2263
7185,Great customer support and easy to use.,0.8658
7192,Great customer support and easy to use.,0.8658
7198,"Affordable and reliable, worth it.",0.2263
7200,"Not satisfied with performance, too many bugs.",-0.3252
7201,"Average app, could use more features.",0.0
7202,Great customer support and easy to use.,0.8658
7204,"Excellent design, works smoothly.",0.5719
7206,Did not meet my expectations.,0.0
7208,Did not meet my expectations.,0.0
7211,"Good experience overall, but UI can improve.",0.7003
7212,"Excellent design, works smoothly.",0.5719
7218,"Good experience overall, but UI can improve.",0.7003
7219,"Too many crashes, needs urgent updates.",0.2023
7220,"Average app, could use more features.",0.0
7225,"Not satisfied with performance, too many bugs.",-0.3252
7227,Great customer support and easy to use.,0.8658
7231,"Fantastic app, highly recommend!",0.7707
7239,"Good experience overall, but UI can improve.",0.7003
7242,Did not meet my expectations.,0.0
7243,"Too many crashes, needs urgent updates.",0.2023
7244,"Average app, could use more features.",0.0
7247,"Good experience overall, but UI can improve.",0.7003
7253,"Excellent design, works smoothly.",0.5719
7254,"Not satisfied with performance, too many bugs.",-0.3252
7255,Great customer support and easy to use.,0.8658
7258,"Excellent design, works smoothly.",0.5719
7260,"Too many crashes, needs urgent updates.",0.2023
7261,Did not meet my expectations.,0.0
7264,"Average app, could use more features.",0.0
7266,"Average app, could use more features.",0.0
7267,Great customer support and easy to use.,0.8658
7273,"Very useful app, helped me a lot.",0.4927
7275,"Not satisfied with performance, too many bugs.",-0.3252
7276,Great customer support and easy to use.,0.8658
7279,"Fantastic app, highly recommend!",0.7707
7280,Did not meet my expectations.,0.0
7287,"Very useful app, helped me a lot.",0.4927
7288,"Good experience overall, but UI can improve.",0.7003
7293,Did not meet my expectations.,0.0
7295,"Excellent design, works smoothly.",0.5719
7297,"Average app, could use more features.",0.0
7300,"Average app, could use more features.",0.0
7301,"Too many crashes, needs urgent updates.",0.2023
7302,Great customer support and easy to use.,0.8658
7303,"Too many crashes, needs urgent updates.",0.2023
7304,"Fantastic app, highly recommend!",0.7707
7309,"Very useful app, helped me a lot.",0.4927
7311,"Good experience overall, but UI can improve.",0.7003
7315,Great customer support and easy to use.,0.8658
7316,"Too many crashes, needs urgent updates.",0.2023
7321,"Good experience overall, but UI can improve.",0.7003
7323,"Too many crashes, needs urgent updates.",0.2023
7324,"Fantastic app, highly recommend!",0.7707
7327,Great customer support and easy to use.,0.8658
7329,"Not satisfied with performance, too many bugs.",-0.3252
7333,"Too many crashes, needs urgent updates.",0.2023
7336,"Too many crashes, needs urgent updates.",0.2023
7339,"Very useful app, helped me a lot.",0.4927
7344,"Too many crashes, needs urgent updates.",0.2023
7348,Great customer support and easy to use.,0.8658
7360,"Too many crashes, needs urgent updates.",0.2023
7362,Did not meet my expectations.,0.0
7370,"Too many crashes, needs urgent updates.",0.2023
7374,"Fantastic app, highly recommend!",0.7707
7377,Great customer support and easy to use.,0.8658
7382,"Too many crashes, needs urgent updates.",0.2023
7383,"Not satisfied with performance, too many bugs.",-0.3252
7384,"Fantastic app, highly recommend!",0.7707
7387,"Not satisfied with performance, too many bugs.",-0.3252
7390,"Average app, could use more features.",0.0
7391,"Good experience overall, but UI can improve.",0.7003
7393,"Average app, could use more features.",0.0
7397,"Not satisfied with performance, too many bugs.",-0.3252
7399,"Not satisfied with performance, too many bugs.",-0.3252
7402,Great customer support and easy to use.,0.8658
7410,"Very useful app, helped me a lot.",0.4927
7414,Great customer support and easy to use.,0.8658
7425,"Very useful app, helped me a lot.",0.4927
7427,"Excellent design, works smoothly.",0.5719
7432,"Very useful app, helped me a lot.",0.4927
7436,Great customer support and easy to use.,0.8658
7438,"Too many crashes, needs urgent updates.",0.2023
7439,"Excellent design, works smoothly.",0.5719
7440,Great customer support and easy to use.,0.8658
7442,"Very useful app, helped me a lot.",0.4927
7449,"Not satisfied with performance, too many bugs.",-0.3252
7450,Great customer support and easy to use.,0.8658
7454,"Too many crashes, needs urgent updates.",0.2023
7455,"Fantastic app, highly recommend!",0.7707
7457,Great customer support and easy to use.,0.8658
7461,"Fantastic app, highly recommend!",0.7707
7462,Did not meet my expectations.,0.0
7463,Great customer support and easy to use.,0.8658
7464,"Fantastic app, highly recommend!",0.7707
7469,"Affordable and reliable, worth it.",0.2263
7470,"Not satisfied with performance, too many bugs.",-0.3252
7472,"Too many crashes, needs urgent updates.",0.2023
7473,"Not satisfied with performance, too many bugs.",-0.3252
7475,"Affordable and reliable, worth it.",0.2263
7476,"Not satisfied with performance, too many bugs.",-0.3252
7477,"Not satisfied with performance, too many bugs.",-0.3252
7478,"Affordable and reliable, worth it.",0.2263
7481,"Very useful app, helped me a lot.",0.4927
7487,"Average app, could use more features.",0.0
7488,"Fantastic app, highly recommend!",0.7707
7489,"Good experience overall, but UI can improve.",0.7003
7492,"Affordable and reliable, worth it.",0.2263
7493,"Average app, could use more features.",0.0
7495,"Fantastic app, highly recommend!",0.7707
7496,"Fantastic app, highly recommend!",0.7707
7497,"Affordable and reliable, worth it.",0.2263
7498,"Fantastic app, highly recommend!",0.7707
7501,Did not meet my expectations.,0.0
7502,"Very useful app, helped me a lot.",0.4927
7505,Did not meet my expectations.,0.0
7513,"Excellent design, works smoothly.",0.5719
7515,"Good experience overall, but UI can improve.",0.7003
7519,"Fantastic app, highly recommend!",0.7707
7521,"Fantastic app, highly recommend!",0.7707
7533,"Excellent design, works smoothly.",0.5719
7547,"Very useful app, helped me a lot.",0.4927
7548,"Average app, could use more features.",0.0
7550,"Very useful app, helped me a lot.",0.4927
7552,"Average app, could use more features.",0.0
7554,Did not meet my expectations.,0.0
7555,"Affordable and reliable, worth it.",0.2263
7557,Great customer support and easy to use.,0.8658
7561,"Fantastic app, highly recommend!",0.7707
7562,"Not satisfied with performance, too many bugs.",-0.3252
7568,Did not meet my expectations.,0.0
7574,Great customer support and easy to use.,0.8658
7577,"Very useful app, helped me a lot.",0.4927
7586,"Excellent design, works smoothly.",0.5719
7590,"Fantastic app, highly recommend!",0.7707
7591,"Affordable and reliable, worth it.",0.2263
7592,"Very useful app, helped me a lot.",0.4927
7594,"Good experience overall, but UI can improve.",0.7003
7598,"Too many crashes, needs urgent updates.",0.2023
7601,Great customer support and easy to use.,0.8658
7604,Did not meet my expectations.,0.0
7606,"Average app, could use more features.",0.0
7607,"Fantastic app, highly recommend!",0.7707
7609,"Too many crashes, needs urgent updates.",0.2023
7614,Did not meet my expectations.,0.0
7616,"Not satisfied with performance, too many bugs.",-0.3252
7619,Did not meet my expectations.,0.0
7622,Great customer support and easy to use.,0.8658
7623,Did not meet my expectations.,0.0
7629,"Not satisfied with performance, too many bugs.",-0.3252
7632,"Very useful app, helped me a lot.",0.4927
7635,"Fantastic app, highly recommend!",0.7707
7637,"Affordable and reliable, worth it.",0.2263
7638,"Fantastic app, highly recommend!",0.7707
7640,"Excellent design, works smoothly.",0.5719
7650,"Too many crashes, needs urgent updates.",0.2023
7651,Did not meet my expectations.,0.0
7652,"Good experience overall, but UI can improve.",0.7003
7653,"Excellent design, works smoothly.",0.5719
7672,"Not satisfied with performance, too many bugs.",-0.3252
7673,"Average app, could use more features.",0.0
7676,"Excellent design, works smoothly.",0.5719
7677,"Affordable and reliable, worth it.",0.2263
7678,"Average app, could use more features.",0.0
7683,"Very useful app, helped me a lot.",0.4927
7684,Great customer support and easy to use.,0.8658
7688,"Not satisfied with performance, too many bugs.",-0.3252
7695,"Very useful app, helped me a lot.",0.4927
7696,"Not satisfied with performance, too many bugs.",-0.3252
7698,"Too many crashes, needs urgent updates.",0.2023
7701,"Good experience overall, but UI can improve.",0.7003
7705,"Very useful app, helped me a lot.",0.4927
7706,"Average app, could use more features.",0.0
7707,"Very useful app, helped me a lot.",0.4927
7710,"Average app, could use more features.",0.0
7711,"Good experience overall, but UI can improve.",0.7003
7712,"Very useful app, helped me a lot.",0.4927
7714,"Affordable and reliable, worth it.",0.2263
7715,"Affordable and reliable, worth it.",0.2263
7718,"Too many crashes, needs urgent updates.",0.2023
7721,Great customer support and easy to use.,0.8658
7727,"Excellent design, works smoothly.",0.5719
7729,Great customer support and easy to use.,0.8658
7737,"Affordable and reliable, worth it.",0.2263
7738,Great customer support and easy to use.,0.8658
7740,Did not meet my expectations.,0.0
7744,Did not meet my expectations.,0.0
7749,Did not meet my expectations.,0.0
7752,"Excellent design, works smoothly.",0.5719
7753,"Average app, could use more features.",0.0
7754,Did not meet my expectations.,0.0
7757,Great customer support and easy to use.,0.8658
7760,"Very useful app, helped me a lot.",0.4927
7764,"Not satisfied with performance, too many bugs.",-0.3252
7768,"Very useful app, helped me a lot.",0.4927
7774,Great customer support and easy to use.,0.8658
7777,"Average app, could use more features.",0.0
7785,"Average app, could use more features.",0.0
7786,Great customer support and easy to use.,0.8658
7787,"Fantastic app, highly recommend!",0.7707
7790,"Very useful app, helped me a lot.",0.4927
7791,"Not satisfied with performance, too many bugs.",-0.3252
7792,Great customer support and easy to use.,0.8658
7796,"Too many crashes, needs urgent updates.",0.2023
7797,"Average app, could use more features.",0.0
7801,"Affordable and reliable, worth it.",0.2263
7805,"Affordable and reliable, worth it.",0.2263
7808,"Too many crashes, needs urgent updates.",0.2023
7812,"Not satisfied with performance, too many bugs.",-0.3252
7817,"Good experience overall, but UI can improve.",0.7003
7819,"Excellent design, works smoothly.",0.5719
7822,"Very useful app, helped me a lot.",0.4927
7827,"Average app, could use more features.",0.0
7829,"Affordable and reliable, worth it.",0.2263
7831,"Excellent design, works smoothly.",0.5719
7835,Great customer support and easy to use.,0.8658
7837,"Affordable and reliable, worth it.",0.2263
7838,"Not satisfied with performance, too many bugs.",-0.3252
7839,"Too many crashes, needs urgent updates.",0.2023
7840,Great customer support and easy to use.,0.8658
7841,Great customer support and easy to use.,0.8658
7843,Great customer support and easy to use.,0.8658
7847,Great customer support and easy to use.,0.8658
7848,"Good experience overall, but UI can improve.",0.7003
7852,"Excellent design, works smoothly.",0.5719
7854,Did not meet my expectations.,0.0
7856,"Good experience overall, but UI can improve.",0.7003
7860,"Good experience overall, but UI can improve.",0.7003
7861,"Too many crashes, needs urgent updates.",0.2023
7866,"Fantastic app, highly recommend!",0.7707
7869,"Good experience overall, but UI can improve.",0.7003
7870,"Good experience overall, but UI can improve.",0.7003
7873,"Not satisfied with performance, too many bugs.",-0.3252
7876,"Very useful app, helped me a lot.",0.4927
7882,"Fantastic app, highly recommend!",0.7707
7883,"Good experience overall, but UI can improve.",0.7003
7892,"Excellent design, works smoothly.",0.5719
7893,"Too many crashes, needs urgent updates.",0.2023
7895,"Average app, could use more features.",0.0
7897,"Good experience overall, but UI can improve.",0.7003
7899,"Fantastic app, highly recommend!",0.7707
7900,"Very useful app, helped me a lot.",0.4927
7901,"Good experience overall, but UI can improve.",0.7003
7904,"Good experience overall, but UI can improve.",0.7003
7910,"Affordable and reliable, worth it.",0.2263
7911,"Not satisfied with performance, too many bugs.",-0.3252
7913,"Good experience overall, but UI can improve.",0.7003
7914,"Not satisfied with performance, too many bugs.",-0.3252
7915,"Too many crashes, needs urgent updates.",0.2023
7917,"Average app, could use more features.",0.0
7920,"Fantastic app, highly recommend!",0.7707
7923,Did not meet my expectations.,0.0
7924,"Not satisfied with performance, too many bugs.",-0.3252
7925,"Average app, could use more features.",0.0
7928,"Very useful app, helped me a lot.",0.4927
7929,"Average app, could use more features.",0.0
7930,"Affordable and reliable, worth it.",0.2263
7938,"Average app, could use more features.",0.0
7945,"Fantastic app, highly recommend!",0.7707
7946,"Very useful app, helped me a lot.",0.4927
7949,"Average app, could use more features.",0.0
7950,"Average app, could use more features.",0.0
7959,"Good experience overall, but UI can improve.",0.7003
7960,"Too many crashes, needs urgent updates.",0.2023
7961,Great customer support and easy to use.,0.8658
7969,"Affordable and reliable, worth it.",0.2263
7972,"Too many crashes, needs urgent updates.",0.2023
7973,"Fantastic app, highly recommend!",0.7707
7975,"Fantastic app, highly recommend!",0.7707
7976,"Affordable and reliable, worth it.",0.2263
7978,"Affordable and reliable, worth it.",0.2263
7982,"Affordable and reliable, worth it.",0.2263
7985,"Too many crashes, needs urgent updates.",0.2023
7990,"Excellent design, works smoothly.",0.5719
7991,Did not meet my expectations.,0.0
7993,Great customer support and easy to use.,0.8658
7995,"Fantastic app, highly recommend!",0.7707
7997,"Very useful app, helped me a lot.",0.4927
7999,"Fantastic app, highly recommend!",0.7707
8000,"Good experience overall, but UI can improve.",0.7003
8003,"Fantastic app, highly recommend!",0.7707
8005,"Fantastic app, highly recommend!",0.7707
8008,"Good experience overall, but UI can improve.",0.7003
8010,"Good experience overall, but UI can improve.",0.7003
8011,Great customer support and easy to use.,0.8658
8012,Great customer support and easy to use.,0.8658
8014,"Fantastic app, highly recommend!",0.7707
8015,"Fantastic app, highly recommend!",0.7707
8018,"Good experience overall, but UI can improve.",0.7003
8019,"Average app, could use more features.",0.0
8020,"Average app, could use more features.",0.0
8021,"Excellent design, works smoothly.",0.5719
8022,"Good experience overall, but UI can improve.",0.7003
8023,"Fantastic app, highly recommend!",0.7707
8024,Great customer support and easy to use.,0.8658
8025,"Fantastic app, highly recommend!",0.7707
8029,"Average app, could use more features.",0.0
8034,"Excellent design, works smoothly.",0.5719
8035,"Not satisfied with performance, too many bugs.",-0.3252
8036,"Excellent design, works smoothly.",0.5719
8037,"Good experience overall, but UI can improve.",0.7003
8039,Great customer support and easy to use.,0.8658
8041,"Very useful app, helped me a lot.",0.4927
8046,"Affordable and reliable, worth it.",0.2263
8047,"Not satisfied with performance, too many bugs.",-0.3252
8056,"Fantastic app, highly recommend!",0.7707
8057,"Good experience overall, but UI can improve.",0.7003
8059,"Very useful app, helped me a lot.",0.4927
8061,Great customer support and easy to use.,0.8658
8065,"Fantastic app, highly recommend!",0.7707
8066,"Affordable and reliable, worth it.",0.2263
8071,"Good experience overall, but UI can improve.",0.7003
8072,"Affordable and reliable, worth it.",0.2263
8073,"Affordable and reliable, worth it.",0.2263
8075,"Excellent design, works smoothly.",0.5719
8077,Great customer support and easy to use.,0.8658
8078,"Fantastic app, highly recommend!",0.7707
8081,Did not meet my expectations.,0.0
8082,"Average app, could use more features.",0.0
8083,"Very useful app, helped me a lot.",0.4927
8084,"Fantastic app, highly recommend!",0.7707
8088,"Fantastic app, highly recommend!",0.7707
8089,"Excellent design, works smoothly.",0.5719
8099,"Too many crashes, needs urgent updates.",0.2023
8102,"Too many crashes, needs urgent updates.",0.2023
8107,"Good experience overall, but UI can improve.",0.7003
8111,"Good experience overall, but UI can improve.",0.7003
8112,"Average app, could use more features.",0.0
8114,"Too many crashes, needs urgent updates.",0.2023
8118,"Good experience overall, but UI can improve.",0.7003
8119,Did not meet my expectations.,0.0
8120,Did not meet my expectations.,0.0
8121,"Affordable and reliable, worth it.",0.2263
8123,"Excellent design, works smoothly.",0.5719
8125,"Affordable and reliable, worth it.",0.2263
8127,"Average app, could use more features.",0.0
8130,"Very useful app, helped me a lot.",0.4927
8131,"Good experience overall, but UI can improve.",0.7003
8132,"Average app, could use more features.",0.0
8133,"Excellent design, works smoothly.",0.5719
8139,"Fantastic app, highly recommend!",0.7707
8140,"Good experience overall, but UI can improve.",0.7003
8143,"Affordable and reliable, worth it.",0.2263
8144,"Fantastic app, highly recommend!",0.7707
8145,"Excellent design, works smoothly.",0.5719
8151,"Affordable and reliable, worth it.",0.2263
8155,"Fantastic app, highly recommend!",0.7707
8158,Great customer support and easy to use.,0.8658
8160,"Good experience overall, but UI can improve.",0.7003
8161,"Not satisfied with performance, too many bugs.",-0.3252
8169,"Good experience overall, but UI can improve.",0.7003
8170,"Good experience overall, but UI can improve.",0.7003
8177,"Excellent design, works smoothly.",0.5719
8178,"Excellent design, works smoothly.",0.5719
8183,"Too many crashes, needs urgent updates.",0.2023
8186,"Too many crashes, needs urgent updates.",0.2023
8195,"Fantastic app, highly recommend!",0.7707
8199,"Too many crashes, needs urgent updates.",0.2023
8200,"Affordable and reliable, worth it.",0.2263
8201,"Good experience overall, but UI can improve.",0.7003
8202,"Too many crashes, needs urgent updates.",0.2023
8206,"Too many crashes, needs urgent updates.",0.2023
8207,"Fantastic app, highly recommend!",0.7707
8208,"Very useful app, helped me a lot.",0.4927
8210,Great customer support and easy to use.,0.8658
8214,"Affordable and reliable, worth it.",0.2263
8215,"Excellent design, works smoothly.",0.5719
8218,"Average app, could use more features.",0.0
8220,"Fantastic app, highly recommend!",0.7707
8221,"Not satisfied with performance, too many bugs.",-0.3252
8223,Did not meet my expectations.,0.0
8226,"Affordable and reliable, worth it.",0.2263
8230,Great customer support and easy to use.,0.8658
8233,"Affordable and reliable, worth it.",0.2263
8234,"Good experience overall, but UI can improve.",0.7003
8236,"Too many crashes, needs urgent updates.",0.2023
8246,Did not meet my expectations.,0.0
8248,"Very useful app, helped me a lot.",0.4927
8250,"Very useful app, helped me a lot.",0.4927
8252,"Affordable and reliable, worth it.",0.2263
8253,"Good experience overall, but UI can improve.",0.7003
8258,Did not meet my expectations.,0.0
8268,"Too many crashes, needs urgent updates.",0.2023
8270,"Good experience overall, but UI can improve.",0.7003
8276,Great customer support and easy to use.,0.8658
8278,"Very useful app, helped me a lot.",0.4927
8280,"Too many crashes, needs urgent updates.",0.2023
8281,"Affordable and reliable, worth it.",0.2263
8283,"Affordable and reliable, worth it.",0.2263
8284,Great customer support and easy to use.,0.8658
8285,"Average app, could use more features.",0.0
8288,"Very useful app, helped me a lot.",0.4927
8290,"Average app, could use more features.",0.0
8295,"Average app, could use more features.",0.0
8298,"Very useful app, helped me a lot.",0.4927
8300,"Very useful app, helped me a lot.",0.4927
8306,"Affordable and reliable, worth it.",0.2263
8309,"Average app, could use more features.",0.0
8311,"Too many crashes, needs urgent updates.",0.2023
8316,Great customer support and easy to use.,0.8658
8323,"Not satisfied with performance, too many bugs.",-0.3252
8324,"Fantastic app, highly recommend!",0.7707
8327,Great customer support and easy to use.,0.8658
8329,"Good experience overall, but UI can improve.",0.7003
8334,Great customer support and easy to use.,0.8658
8335,Did not meet my expectations.,0.0
8336,"Fantastic app, highly recommend!",0.7707
8339,"Average app, could use more features.",0.0
8342,"Not satisfied with performance, too many bugs.",-0.3252
8348,"Average app, could use more features.",0.0
8350,Great customer support and easy to use.,0.8658
8352,"Not satisfied with performance, too many bugs.",-0.3252
8355,"Fantastic app, highly recommend!",0.7707
8357,"Affordable and reliable, worth it.",0.2263
8360,"Average app, could use more features.",0.0
8361,Great customer support and easy to use.,0.8658
8364,"Affordable and reliable, worth it.",0.2263
8367,"Excellent design, works smoothly.",0.5719
8371,"Too many crashes, needs urgent updates.",0.2023
8372,"Too many crashes, needs urgent updates.",0.2023
8373,"Not satisfied with performance, too many bugs.",-0.3252
8375,"Good experience overall, but UI can improve.",0.7003
8376,"Too many crashes, needs urgent updates.",0.2023
8377,"Fantastic app, highly recommend!",0.7707
8379,Great customer support and easy to use.,0.8658
8380,"Average app, could use more features.",0.0
8381,"Fantastic app, highly recommend!",0.7707
8383,Did not meet my expectations.,0.0
8396,Did not meet my expectations.,0.0
8397,"Affordable and reliable, worth it.",0.2263
8403,"Average app, could use more features.",0.0
8408,"Very useful app, helped me a lot.",0.4927
8420,Did not meet my expectations.,0.0
8423,Great customer support and easy to use.,0.8658
8424,"Good experience overall, but UI can improve.",0.7003
8425,"Average app, could use more features.",0.0
8431,"Average app, could use more features.",0.0
8433,"Too many crashes, needs urgent updates.",0.2023
8434,"Fantastic app, highly recommend!",0.7707
8436,Great customer support and easy to use.,0.8658
8438,Did not meet my expectations.,0.0
8440,"Fantastic app, highly recommend!",0.7707
8441,Did not meet my expectations.,0.0
8444,"Excellent design, works smoothly.",0.5719
8445,"Too many crashes, needs urgent updates.",0.2023
8449,"Average app, could use more features.",0.0
8451,"Average app, could use more features.",0.0
8452,"Too many crashes, needs urgent updates.",0.2023
8453,"Very useful app, helped me a lot.",0.4927
8454,"Affordable and reliable, worth it.",0.2263
8457,"Excellent design, works smoothly.",0.5719
8458,Did not meet my expectations.,0.0
8460,"Average app, could use more features.",0.0
8462,"Good experience overall, but UI can improve.",0.7003
8464,Great customer support and easy to use.,0.8658
8467,Great customer support and easy to use.,0.8658
8468,Did not meet my expectations.,0.0
8469,"Not satisfied with performance, too many bugs.",-0.3252
8476,"Fantastic app, highly recommend!",0.7707
8484,"Not satisfied with performance, too many bugs.",-0.3252
8489,"Average app, could use more features.",0.0
8490,"Very useful app, helped me a lot.",0.4927
8491,"Affordable and reliable, worth it.",0.2263
8492,"Fantastic app, highly recommend!",0.7707
8494,"Very useful app, helped me a lot.",0.4927
8495,Did not meet my expectations.,0.0
8500,"Not satisfied with performance, too many bugs.",-0.3252
8504,"Excellent design, works smoothly.",0.5719
8505,"Affordable and reliable, worth it.",0.2263
8506,Did not meet my expectations.,0.0
8512,Great customer support and easy to use.,0.8658
8514,"Very useful app, helped me a lot.",0.4927
8515,"Affordable and reliable, worth it.",0.2263
8519,"Good experience overall, but UI can improve.",0.7003
8524,"Affordable and reliable, worth it.",0.2263
8527,Great customer support and easy to use.,0.8658
8529,Did not meet my expectations.,0.0
8530,"Excellent design, works smoothly.",0.5719
8531,"Average app, could use more features.",0.0
8532,"Affordable and reliable, worth it.",0.2263
8542,"Good experience overall, but UI can improve.",0.7003
8546,"Too many crashes, needs urgent updates.",0.2023
8548,"Very useful app, helped me a lot.",0.4927
8550,"Not satisfied with performance, too many bugs.",-0.3252
8553,Did not meet my expectations.,0.0
8555,"Too many crashes, needs urgent updates.",0.2023
8556,"Good experience overall, but UI can improve.",0.7003
8557,"Good experience overall, but UI can improve.",0.7003
8562,"Very useful app, helped me a lot.",0.4927
8564,"Affordable and reliable, worth it.",0.2263
8569,"Average app, could use more features.",0.0
8572,"Affordable and reliable, worth it.",0.2263
8574,"Too many crashes, needs urgent updates.",0.2023
8575,"Fantastic app, highly recommend!",0.7707
8577,Did not meet my expectations.,0.0
8580,"Not satisfied with performance, too many bugs.",-0.3252
8581,"Affordable and reliable, worth it.",0.2263
8583,"Affordable and reliable, worth it.",0.2263
8589,"Very useful app, helped me a lot.",0.4927
8591,"Average app, could use more features.",0.0
8592,"Good experience overall, but UI can improve.",0.7003
8596,"Very useful app, helped me a lot.",0.4927
8599,Great customer support and easy to use.,0.8658
8601,"Not satisfied with performance, too many bugs.",-0.3252
8602,"Very useful app, helped me a lot.",0.4927
8605,"Very useful app, helped me a lot.",0.4927
8609,"Fantastic app, highly recommend!",0.7707
8612,"Good experience overall, but UI can improve.",0.7003
8613,"Average app, could use more features.",0.0
8614,"Very useful app, helped me a lot.",0.4927
8615,Did not meet my expectations.,0.0
8616,"Very useful app, helped me a lot.",0.4927
8626,Great customer support and easy to use.,0.8658
8627,"Very useful app, helped me a lot.",0.4927
8630,Great customer support and easy to use.,0.8658
8643,Did not meet my expectations.,0.0
8644,"Good experience overall, but UI can improve.",0.7003
8645,Great customer support and easy to use.,0.8658
8647,"Average app, could use more features.",0.0
8648,Great customer support and easy to use.,0.8658
8649,"Average app, could use more features.",0.0
8650,"Good experience overall, but UI can improve.",0.7003
8655,"Fantastic app, highly recommend!",0.7707
8659,"Fantastic app, highly recommend!",0.7707
8664,Did not meet my expectations.,0.0
8666,"Fantastic app, highly recommend!",0.7707
8668,"Average app, could use more features.",0.0
8672,"Not satisfied with performance, too many bugs.",-0.3252
8674,"Good experience overall, but UI can improve.",0.7003
8676,"Too many crashes, needs urgent updates.",0.2023
8677,"Good experience overall, but UI can improve.",0.7003
8678,Did not meet my expectations.,0.0
8680,"Too many crashes, needs urgent updates.",0.2023
8681,"Excellent design, works smoothly.",0.5719
8683,"Good experience overall, but UI can improve.",0.7003
8684,Great customer support and easy to use.,0.8658
8685,"Fantastic app, highly recommend!",0.7707
8687,"Excellent design, works smoothly.",0.5719
8688,Did not meet my expectations.,0.0
8691,"Average app, could use more features.",0.0
8695,Did not meet my expectations.,0.0
8697,"Fantastic app, highly recommend!",0.7707
8699,Did not meet my expectations.,0.0
8700,"Not satisfied with performance, too many bugs.",-0.3252
8705,"Not satisfied with performance, too many bugs.",-0.3252
8707,Great customer support and easy to use.,0.8658
8712,"Fantastic app, highly recommend!",0.7707
8716,"Fantastic app, highly recommend!",0.7707
8717,"Not satisfied with performance, too many bugs.",-0.3252
8720,"Affordable and reliable, worth it.",0.2263
8724,"Excellent design, works smoothly.",0.5719
8725,"Affordable and reliable, worth it.",0.2263
8733,"Very useful app, helped me a lot.",0.4927
8740,"Not satisfied with performance, too many bugs.",-0.3252
8741,"Very useful app, helped me a lot.",0.4927
8744,"Not satisfied with performance, too many bugs.",-0.3252
8751,"Affordable and reliable, worth it.",0.2263
8753,"Not satisfied with performance, too many bugs.",-0.3252
8754,Great customer support and easy to use.,0.8658
8761,"Good experience overall, but UI can improve.",0.7003
8763,"Average app, could use more features.",0.0
8772,"Affordable and reliable, worth it.",0.2263
8775,Great customer support and easy to use.,0.8658
8777,"Good experience overall, but UI can improve.",0.7003
8778,"Very useful app, helped me a lot.",0.4927
8783,Great customer support and easy to use.,0.8658
8787,"Good experience overall, but UI can improve.",0.7003
8789,"Average app, could use more features.",0.0
8791,Did not meet my expectations.,0.0
8792,Great customer support and easy to use.,0.8658
8798,"Affordable and reliable, worth it.",0.2263
8799,"Average app, could use more features.",0.0
8807,"Good experience overall, but UI can improve.",0.7003
8809,Great customer support and easy to use.,0.8658
8813,"Excellent design, works smoothly.",0.5719
8816,"Affordable and reliable, worth it.",0.2263
8817,"Fantastic app, highly recommend!",0.7707
8820,"Very useful app, helped me a lot.",0.4927
8824,"Average app, could use more features.",0.0
8830,"Good experience overall, but UI can improve.",0.7003
8831,Did not meet my expectations.,0.0
8835,"Fantastic app, highly recommend!",0.7707
8837,Great customer support and easy to use.,0.8658
8838,Great customer support and easy to use.,0.8658
8839,Did not meet my expectations.,0.0
8840,"Good experience overall, but UI can improve.",0.7003
8842,"Not satisfied with performance, too many bugs.",-0.3252
8845,"Excellent design, works smoothly.",0.5719
8847,"Excellent design, works smoothly.",0.5719
8854,"Not satisfied with performance, too many bugs.",-0.3252
8858,"Very useful app, helped me a lot.",0.4927
8859,"Not satisfied with performance, too many bugs.",-0.3252
8860,"Fantastic app, highly recommend!",0.7707
8861,"Not satisfied with performance, too many bugs.",-0.3252
8867,"Good experience overall, but UI can improve.",0.7003
8870,"Very useful app, helped me a lot.",0.4927
8876,"Fantastic app, highly recommend!",0.7707
8878,"Excellent design, works smoothly.",0.5719
8879,"Excellent design, works smoothly.",0.5719
8882,"Not satisfied with performance, too many bugs.",-0.3252
8883,"Too many crashes, needs urgent updates.",0.2023
8885,"Affordable and reliable, worth it.",0.2263
8888,"Too many crashes, needs urgent updates.",0.2023
8898,"Affordable and reliable, worth it.",0.2263
8908,"Affordable and reliable, worth it.",0.2263
8909,"Affordable and reliable, worth it.",0.2263
8912,"Too many crashes, needs urgent updates.",0.2023
8915,"Good experience overall, but UI can improve.",0.7003
8918,"Very useful app, helped me a lot.",0.4927
8923,"Good experience overall, but UI can improve.",0.7003
8924,"Fantastic app, highly recommend!",0.7707
8927,"Too many crashes, needs urgent updates.",0.2023
8930,"Good experience overall, but UI can improve.",0.7003
8931,"Affordable and reliable, worth it.",0.2263
8932,"Average app, could use more features.",0.0
8935,"Average app, could use more features.",0.0
8937,"Excellent design, works smoothly.",0.5719
8944,"Too many crashes, needs urgent updates.",0.2023
8949,"Excellent design, works smoothly.",0.5719
8951,"Affordable and reliable, worth it.",0.2263
8954,"Good experience overall, but UI can improve.",0.7003
8960,"Excellent design, works smoothly.",0.5719
8962,"Too many crashes, needs urgent updates.",0.2023
8964,"Affordable and reliable, worth it.",0.2263
8966,Great customer support and easy to use.,0.8658
8967,"Good experience overall, but UI can improve.",0.7003
8969,"Good experience overall, but UI can improve.",0.7003
8972,"Good experience overall, but UI can improve.",0.7003
8975,"Too many crashes, needs urgent updates.",0.2023
8977,Great customer support and easy to use.,0.8658
8979,Did not meet my expectations.,0.0
8980,Great customer support and easy to use.,0.8658
8981,"Too many crashes, needs urgent updates.",0.2023
8983,"Good experience overall, but UI can improve.",0.7003
8985,"Not satisfied with performance, too many bugs.",-0.3252
8986,"Not satisfied with performance, too many bugs.",-0.3252
8988,"Not satisfied with performance, too many bugs.",-0.3252
8989,"Good experience overall, but UI can improve.",0.7003
8992,Did not meet my expectations.,0.0
8993,"Affordable and reliable, worth it.",0.2263
8997,"Good experience overall, but UI can improve.",0.7003
8998,"Good experience overall, but UI can improve.",0.7003
8999,"Good experience overall, but UI can improve.",0.7003
9000,Great customer support and easy to use.,0.8658
9001,"Too many crashes, needs urgent updates.",0.2023
9004,"Too many crashes, needs urgent updates.",0.2023
9009,Great customer support and easy to use.,0.8658
9012,"Too many crashes, needs urgent updates.",0.2023
9016,"Average app, could use more features.",0.0
9020,Did not meet my expectations.,0.0
9021,"Not satisfied with performance, too many bugs.",-0.3252
9033,Great customer support and easy to use.,0.8658
9035,"Average app, could use more features.",0.0
9038,"Not satisfied with performance, too many bugs.",-0.3252
9039,"Too many crashes, needs urgent updates.",0.2023
9040,"Average app, could use more features.",0.0
9041,"Very useful app, helped me a lot.",0.4927
9042,"Affordable and reliable, worth it.",0.2263
9044,Did not meet my expectations.,0.0
9046,"Average app, could use more features.",0.0
9048,"Fantastic app, highly recommend!",0.7707
9050,"Excellent design, works smoothly.",0.5719
9054,"Average app, could use more features.",0.0
9062,"Excellent design, works smoothly.",0.5719
9065,"Good experience overall, but UI can improve.",0.7003
9068,Did not meet my expectations.,0.0
9071,"Fantastic app, highly recommend!",0.7707
9074,"Very useful app, helped me a lot.",0.4927
9075,"Not satisfied with performance, too many bugs.",-0.3252
9076,"Affordable and reliable, worth it.",0.2263
9084,"Excellent design, works smoothly.",0.5719
9089,"Not satisfied with performance, too many bugs.",-0.3252
9092,"Fantastic app, highly recommend!",0.7707
9094,"Excellent design, works smoothly.",0.5719
9095,"Excellent design, works smoothly.",0.5719
9096,"Too many crashes, needs urgent updates.",0.2023
9097,"Average app, could use more features.",0.0
9101,"Excellent design, works smoothly.",0.5719
9105,Great customer support and easy to use.,0.8658
9111,"Average app, could use more features.",0.0
9122,"Average app, could use more features.",0.0
9128,"Very useful app, helped me a lot.",0.4927
9130,"Average app, could use more features.",0.0
9131,"Not satisfied with performance, too many bugs.",-0.3252
9134,"Fantastic app, highly recommend!",0.7707
9137,"Very useful app, helped me a lot.",0.4927
9139,"Not satisfied with performance, too many bugs.",-0.3252
9144,Great customer support and easy to use.,0.8658
9145,"Not satisfied with performance, too many bugs.",-0.3252
9146,"Too many crashes, needs urgent updates.",0.2023
9147,"Average app, could use more features.",0.0
9153,"Very useful app, helped me a lot.",0.4927
9157,"Very useful app, helped me a lot.",0.4927
9161,"Average app, could use more features.",0.0
9163,Did not meet my expectations.,0.0
9165,"Very useful app, helped me a lot.",0.4927
9166,"Very useful app, helped me a lot.",0.4927
9172,"Average app, could use more features.",0.0
9177,Did not meet my expectations.,0.0
9178,"Not satisfied with performance, too many bugs.",-0.3252
9179,"Good experience overall, but UI can improve.",0.7003
9181,"Excellent design, works smoothly.",0.5719
9187,Did not meet my expectations.,0.0
9189,"Good experience overall, but UI can improve.",0.7003
9191,Did not meet my expectations.,0.0
9194,"Too many crashes, needs urgent updates.",0.2023
9197,"Not satisfied with performance, too many bugs.",-0.3252
9200,"Too many crashes, needs urgent updates.",0.2023
9203,"Fantastic app, highly recommend!",0.7707
9204,"Average app, could use more features.",0.0
9208,"Fantastic app, highly recommend!",0.7707
9209,"Affordable and reliable, worth it.",0.2263
9212,"Good experience overall, but UI can improve.",0.7003
9214,"Very useful app, helped me a lot.",0.4927
9216,"Average app, could use more features.",0.0
9217,Did not meet my expectations.,0.0
9220,"Affordable and reliable, worth it.",0.2263
9223,"Average app, could use more features.",0.0
9224,"Very useful app, helped me a lot.",0.4927
9227,"Excellent design, works smoothly.",0.5719
9229,"Fantastic app, highly recommend!",0.7707
9232,"Not satisfied with performance, too many bugs.",-0.3252
9233,"Too many crashes, needs urgent updates.",0.2023
9241,"Fantastic app, highly recommend!",0.7707
9243,"Good experience overall, but UI can improve.",0.7003
9245,"Not satisfied with performance, too many bugs.",-0.3252
9246,"Too many crashes, needs urgent updates.",0.2023
9249,"Too many crashes, needs urgent updates.",0.2023
9250,"Affordable and reliable, worth it.",0.2263
9251,"Not satisfied with performance, too many bugs.",-0.3252
9254,"Affordable and reliable, worth it.",0.2263
9255,"Affordable and reliable, worth it.",0.2263
9257,"Good experience overall, but UI can improve.",0.7003
9262,Great customer support and easy to use.,0.8658
9264,"Excellent design, works smoothly.",0.5719
9268,Did not meet my expectations.,0.0
9270,"Too many crashes, needs urgent updates.",0.2023
9283,"Fantastic app, highly recommend!",0.7707
9285,"Average app, could use more features.",0.0
9297,"Average app, could use more features.",0.0
9303,"Good experience overall, but UI can improve.",0.7003
9309,"Affordable and reliable, worth it.",0.2263
9313,Did not meet my expectations.,0.0
9318,"Too many crashes, needs urgent updates.",0.2023
9320,"Good experience overall, but UI can improve.",0.7003
9326,"Not satisfied with performance, too many bugs.",-0.3252
9327,"Not satisfied with performance, too many bugs.",-0.3252
9335,"Very useful app, helped me a lot.",0.4927
9336,"Average app, could use more features.",0.0
9340,"Affordable and reliable, worth it.",0.2263
9341,"Too many crashes, needs urgent updates.",0.2023
9342,Great customer support and easy to use.,0.8658
9343,"Good experience overall, but UI can improve.",0.7003
9345,"Too many crashes, needs urgent updates.",0.2023
9347,"Average app, could use more features.",0.0
9350,"Affordable and reliable, worth it.",0.2263
9353,"Fantastic app, highly recommend!",0.7707
9356,"Affordable and reliable, worth it.",0.2263
9361,"Not satisfied with performance, too many bugs.",-0.3252
9362,"Too many crashes, needs urgent updates.",0.2023
9364,"Excellent design, works smoothly.",0.5719
9365,"Affordable and reliable, worth it.",0.2263
9366,"Too many crashes, needs urgent updates.",0.2023
9369,Did not meet my expectations.,0.0
9370,"Excellent design, works smoothly.",0.5719
9372,"Affordable and reliable, worth it.",0.2263
9376,"Affordable and reliable, worth it.",0.2263
9379,"Very useful app, helped me a lot.",0.4927
9380,"Affordable and reliable, worth it.",0.2263
9385,"Affordable and reliable, worth it.",0.2263
9387,"Affordable and reliable, worth it.",0.2263
9389,"Very useful app, helped me a lot.",0.4927
9393,Great customer support and easy to use.,0.8658
9394,Did not meet my expectations.,0.0
9396,"Not satisfied with performance, too many bugs.",-0.3252
9401,"Not satisfied with performance, too many bugs.",-0.3252
9402,"Good experience overall, but UI can improve.",0.7003
9410,"Fantastic app, highly recommend!",0.7707
9411,"Very useful app, helped me a lot.",0.4927
9413,"Average app, could use more features.",0.0
9416,"Not satisfied with performance, too many bugs.",-0.3252
9417,Did not meet my expectations.,0.0
9419,"Good experience overall, but UI can improve.",0.7003
9425,Did not meet my expectations.,0.0
9429,"Excellent design, works smoothly.",0.5719
9434,Did not meet my expectations.,0.0
9438,"Good experience overall, but UI can improve.",0.7003
9445,"Very useful app, helped me a lot.",0.4927
9450,"Too many crashes, needs urgent updates.",0.2023
9452,"Excellent design, works smoothly.",0.5719
9453,"Not satisfied with performance, too many bugs.",-0.3252
9455,"Too many crashes, needs urgent updates.",0.2023
9456,Did not meet my expectations.,0.0
9459,"Good experience overall, but UI can improve.",0.7003
9460,Did not meet my expectations.,0.0
9461,"Very useful app, helped me a lot.",0.4927
9464,Great customer support and easy to use.,0.8658
9468,"Affordable and reliable, worth it.",0.2263
9475,"Excellent design, works smoothly.",0.5719
9478,Great customer support and easy to use.,0.8658
9480,"Affordable and reliable, worth it.",0.2263
9482,"Average app, could use more features.",0.0
9484,"Good experience overall, but UI can improve.",0.7003
9485,"Fantastic app, highly recommend!",0.7707
9487,Did not meet my expectations.,0.0
9488,"Very useful app, helped me a lot.",0.4927
9489,"Affordable and reliable, worth it.",0.2263
9493,"Average app, could use more features.",0.0
9496,"Excellent design, works smoothly.",0.5719
9497,"Good experience overall, but UI can improve.",0.7003
9508,Did not meet my expectations.,0.0
9513,"Very useful app, helped me a lot.",0.4927
9514,Great customer support and easy to use.,0.8658
9518,"Fantastic app, highly recommend!",0.7707
9519,"Average app, could use more features.",0.0
9528,"Average app, could use more features.",0.0
9532,"Average app, could use more features.",0.0
9533,"Average app, could use more features.",0.0
9538,Great customer support and easy to use.,0.8658
9541,Did not meet my expectations.,0.0
9545,"Average app, could use more features.",0.0
9549,"Very useful app, helped me a lot.",0.4927
9551,"Fantastic app, highly recommend!",0.7707
9552,"Affordable and reliable, worth it.",0.2263
9560,"Average app, could use more features.",0.0
9561,"Very useful app, helped me a lot.",0.4927
9562,"Average app, could use more features.",0.0
9563,"Average app, could use more features.",0.0
9571,"Too many crashes, needs urgent updates.",0.2023
9572,"Fantastic app, highly recommend!",0.7707
9578,Great customer support and easy to use.,0.8658
9583,"Excellent design, works smoothly.",0.5719
9587,"Not satisfied with performance, too many bugs.",-0.3252
9588,"Average app, could use more features.",0.0
9589,"Too many crashes, needs urgent updates.",0.2023
9593,"Good experience overall, but UI can improve.",0.7003
9597,"Good experience overall, but UI can improve.",0.7003
9599,"Excellent design, works smoothly.",0.5719
9603,"Good experience overall, but UI can improve.",0.7003
9604,"Too many crashes, needs urgent updates.",0.2023
9608,"Not satisfied with performance, too many bugs.",-0.3252
9610,Did not meet my expectations.,0.0
9615,Great customer support and easy to use.,0.8658
9617,"Average app, could use more features.",0.0
9618,"Fantastic app, highly recommend!",0.7707
9623,"Not satisfied with performance, too many bugs.",-0.3252
9625,"Fantastic app, highly recommend!",0.7707
9627,"Affordable and reliable, worth it.",0.2263
9628,"Not satisfied with performance, too many bugs.",-0.3252
9629,"Average app, could use more features.",0.0
9633,Did not meet my expectations.,0.0
9634,"Very useful app, helped me a lot.",0.4927
9635,"Too many crashes, needs urgent updates.",0.2023
9639,"Fantastic app, highly recommend!",0.7707
9642,"Affordable and reliable, worth it.",0.2263
9646,"Good experience overall, but UI can improve.",0.7003
9648,"Excellent design, works smoothly.",0.5719
9649,"Fantastic app, highly recommend!",0.7707
9652,"Fantastic app, highly recommend!",0.7707
9661,"Too many crashes, needs urgent updates.",0.2023
9662,Great customer support and easy to use.,0.8658
9670,"Good experience overall, but UI can improve.",0.7003
9671,"Good experience overall, but UI can improve.",0.7003
9674,Great customer support and easy to use.,0.8658
9675,"Excellent design, works smoothly.",0.5719
9677,"Too many crashes, needs urgent updates.",0.2023
9678,"Affordable and reliable, worth it.",0.2263
9679,"Fantastic app, highly recommend!",0.7707
9685,Did not meet my expectations.,0.0
9689,Did not meet my expectations.,0.0
9690,"Average app, could use more features.",0.0
9693,"Average app, could use more features.",0.0
9694,"Too many crashes, needs urgent updates.",0.2023
9698,"Fantastic app, highly recommend!",0.7707
9703,"Very useful app, helped me a lot.",0.4927
9706,"Very useful app, helped me a lot.",0.4927
9710,"Good experience overall, but UI can improve.",0.7003
9711,"Not satisfied with performance, too many bugs.",-0.3252
9712,"Average app, could use more features.",0.0
9713,"Too many crashes, needs urgent updates.",0.2023
9716,"Average app, could use more features.",0.0
9721,"Fantastic app, highly recommend!",0.7707
9722,Great customer support and easy to use.,0.8658
9724,Great customer support and easy to use.,0.8658
9726,"Too many crashes, needs urgent updates.",0.2023
9732,Great customer support and easy to use.,0.8658
9733,"Affordable and reliable, worth it.",0.2263
9734,"Not satisfied with performance, too many bugs.",-0.3252
9739,"Excellent design, works smoothly.",0.5719
9744,"Affordable and reliable, worth it.",0.2263
9745,"Average app, could use more features.",0.0
9747,"Too many crashes, needs urgent updates.",0.2023
9752,"Excellent design, works smoothly.",0.5719
9753,"Fantastic app, highly recommend!",0.7707
9768,Did not meet my expectations.,0.0
9769,"Very useful app, helped me a lot.",0.4927
9770,"Average app, could use more features.",0.0
9773,Great customer support and easy to use.,0.8658
9775,"Not satisfied with performance, too many bugs.",-0.3252
9777,"Good experience overall, but UI can improve.",0.7003
9778,"Excellent design, works smoothly.",0.5719
9779,Great customer support and easy to use.,0.8658
9780,"Average app, could use more features.",0.0
9784,"Fantastic app, highly recommend!",0.7707
9785,"Fantastic app, highly recommend!",0.7707
9792,"Average app, could use more features.",0.0
9793,"Very useful app, helped me a lot.",0.4927
9795,"Affordable and reliable, worth it.",0.2263
9796,"Good experience overall, but UI can improve.",0.7003
9799,"Excellent design, works smoothly.",0.5719
9800,Did not meet my expectations.,0.0
9802,"Affordable and reliable, worth it.",0.2263
9804,"Good experience overall, but UI can improve.",0.7003
9806,"Fantastic app, highly recommend!",0.7707
9807,"Too many crashes, needs urgent updates.",0.2023
9809,Did not meet my expectations.,0.0
9812,"Good experience overall, but UI can improve.",0.7003
9815,"Affordable and reliable, worth it.",0.2263
9816,"Average app, could use more features.",0.0
9817,Did not meet my expectations.,0.0
9818,"Good experience overall, but UI can improve.",0.7003
9826,"Not satisfied with performance, too many bugs.",-0.3252
9829,"Good experience overall, but UI can improve.",0.7003
9832,"Affordable and reliable, worth it.",0.2263
9841,"Good experience overall, but UI can improve.",0.7003
9843,"Too many crashes, needs urgent updates.",0.2023
9853,"Average app, could use more features.",0.0
9867,"Very useful app, helped me a lot.",0.4927
9868,"Very useful app, helped me a lot.",0.4927
9869,"Very useful app, helped me a lot.",0.4927
9872,"Not satisfied with performance, too many bugs.",-0.3252
9873,Great customer support and easy to use.,0.8658
9874,"Good experience overall, but UI can improve.",0.7003
9875,"Average app, could use more features.",0.0
9876,"Affordable and reliable, worth it.",0.2263
9879,"Not satisfied with performance, too many bugs.",-0.3252
9882,"Average app, could use more features.",0.0
9884,"Excellent design, works smoothly.",0.5719
9886,"Too many crashes, needs urgent updates.",0.2023
9887,Did not meet my expectations.,0.0
9888,"Good experience overall, but UI can improve.",0.7003
9891,"Very useful app, helped me a lot.",0.4927
9893,"Affordable and reliable, worth it.",0.2263
9899,"Affordable and reliable, worth it.",0.2263
9906,Great customer support and easy to use.,0.8658
9910,Great customer support and easy to use.,0.8658
9912,Great customer support and easy to use.,0.8658
9913,"Very useful app, helped me a lot.",0.4927
9921,"Fantastic app, highly recommend!",0.7707
9926,"Very useful app, helped me a lot.",0.4927
9928,"Average app, could use more features.",0.0
9929,"Very useful app, helped me a lot.",0.4927
9935,"Affordable and reliable, worth it.",0.2263
9936,Great customer support and easy to use.,0.8658
9947,"Good experience overall, but UI can improve.",0.7003
9948,"Average app, could use more features.",0.0
9950,"Not satisfied with performance, too many bugs.",-0.3252
9951,"Fantastic app, highly recommend!",0.7707
9952,"Good experience overall, but UI can improve.",0.7003
9956,"Fantastic app, highly recommend!",0.7707
9957,"Average app, could use more features.",0.0
9958,"Too many crashes, needs urgent updates.",0.2023
9960,"Good experience overall, but UI can improve.",0.7003
9971,"Affordable and reliable, worth it.",0.2263
9973,"Too many crashes, needs urgent updates.",0.2023
9981,Great customer support and easy to use.,0.8658
9985,"Fantastic app, highly recommend!",0.7707
9987,"Average app, could use more features.",0.0
9990,Did not meet my expectations.,0.0
9991,"Average app, could use more features.",0.0
9992,Great customer support and easy to use.,0.8658
9994,"Good experience overall, but UI can improve.",0.7003
9997,"Average app, could use more features.",0.0
10000,"Too many crashes, needs urgent updates.",0.2023
10004,"Average app, could use more features.",0.0
10006,Great customer support and easy to use.,0.8658
10009,"Affordable and reliable, worth it.",0.2263
10014,"Very useful app, helped me a lot.",0.4927
10020,"Average app, could use more features.",0.0
10023,"Very useful app, helped me a lot.",0.4927
10024,Great customer support and easy to use.,0.8658
10026,"Average app, could use more features.",0.0
10029,"Too many crashes, needs urgent updates.",0.2023
10033,Did not meet my expectations.,0.0
10045,"Fantastic app, highly recommend!",0.7707
10046,"Excellent design, works smoothly.",0.5719
10048,"Average app, could use more features.",0.0
10050,"Good experience overall, but UI can improve.",0.7003
10055,"Excellent design, works smoothly.",0.5719
10056,"Affordable and reliable, worth it.",0.2263
10067,Great customer support and easy to use.,0.8658
10073,Great customer support and easy to use.,0.8658
10074,Great customer support and easy to use.,0.8658
10084,Great customer support and easy to use.,0.8658
10090,Great customer support and easy to use.,0.8658
10094,"Too many crashes, needs urgent updates.",0.2023
10096,"Fantastic app, highly recommend!",0.7707
10100,"Fantastic app, highly recommend!",0.7707
10108,"Good experience overall, but UI can improve.",0.7003
10113,"Excellent design, works smoothly.",0.5719
10114,"Too many crashes, needs urgent updates.",0.2023
10115,"Very useful app, helped me a lot.",0.4927
10120,Did not meet my expectations.,0.0
10121,"Too many crashes, needs urgent updates.",0.2023
10122,"Good experience overall, but UI can improve.",0.7003
10129,"Fantastic app, highly recommend!",0.7707
10130,Did not meet my expectations.,0.0
10131,"Very useful app, helped me a lot.",0.4927
10135,"Excellent design, works smoothly.",0.5719
10138,Did not meet my expectations.,0.0
10143,"Very useful app, helped me a lot.",0.4927
10145,Did not meet my expectations.,0.0
10146,Great customer support and easy to use.,0.8658
10149,Did not meet my expectations.,0.0
10156,"Affordable and reliable, worth it.",0.2263
10162,"Average app, could use more features.",0.0
10163,"Fantastic app, highly recommend!",0.7707
10165,"Affordable and reliable, worth it.",0.2263
10167,Great customer support and easy to use.,0.8658
10170,"Average app, could use more features.",0.0
10172,Did not meet my expectations.,0.0
10174,"Average app, could use more features.",0.0
10183,"Not satisfied with performance, too many bugs.",-0.3252
10184,"Fantastic app, highly recommend!",0.7707
10185,Great customer support and easy to use.,0.8658
10190,"Very useful app, helped me a lot.",0.4927
10191,"Not satisfied with performance, too many bugs.",-0.3252
10192,"Good experience overall, but UI can improve.",0.7003
10196,"Too many crashes, needs urgent updates.",0.2023
10197,Did not meet my expectations.,0.0
10199,"Not satisfied with performance, too many bugs.",-0.3252
10201,"Very useful app, helped me a lot.",0.4927
10203,"Too many crashes, needs urgent updates.",0.2023
10210,"Fantastic app, highly recommend!",0.7707
10212,"Affordable and reliable, worth it.",0.2263
10217,"Affordable and reliable, worth it.",0.2263
10218,"Fantastic app, highly recommend!",0.7707
10219,"Not satisfied with performance, too many bugs.",-0.3252
10231,"Good experience overall, but UI can improve.",0.7003
10234,"Average app, could use more features.",0.0
10235,Great customer support and easy to use.,0.8658
10237,"Good experience overall, but UI can improve.",0.7003
10238,"Very useful app, helped me a lot.",0.4927
10240,"Fantastic app, highly recommend!",0.7707
10242,Great customer support and easy to use.,0.8658
10246,"Fantastic app, highly recommend!",0.7707
10248,"Not satisfied with performance, too many bugs.",-0.3252
10252,"Affordable and reliable, worth it.",0.2263
10253,Did not meet my expectations.,0.0
10257,"Fantastic app, highly recommend!",0.7707
10261,"Average app, could use more features.",0.0
10264,"Good experience overall, but UI can improve.",0.7003
10272,"Fantastic app, highly recommend!",0.7707
10274,Great customer support and easy to use.,0.8658
10275,"Good experience overall, but UI can improve.",0.7003
10277,Did not meet my expectations.,0.0
10278,"Too many crashes, needs urgent updates.",0.2023
10279,Great customer support and easy to use.,0.8658
10282,Great customer support and easy to use.,0.8658
10285,"Not satisfied with performance, too many bugs.",-0.3252
10289,"Excellent design, works smoothly.",0.5719
10291,"Excellent design, works smoothly.",0.5719
10292,"Excellent design, works smoothly.",0.5719
10293,"Good experience overall, but UI can improve.",0.7003
10295,"Good experience overall, but UI can improve.",0.7003
10298,Did not meet my expectations.,0.0
10302,Great customer support and easy to use.,0.8658
10306,Did not meet my expectations.,0.0
10307,"Too many crashes, needs urgent updates.",0.2023
10312,"Excellent design, works smoothly.",0.5719
10315,"Good experience overall, but UI can improve.",0.7003
10320,"Fantastic app, highly recommend!",0.7707
10324,"Good experience overall, but UI can improve.",0.7003
10325,"Excellent design, works smoothly.",0.5719
10326,Great customer support and easy to use.,0.8658
10327,"Average app, could use more features.",0.0
10332,"Not satisfied with performance, too many bugs.",-0.3252
10334,Great customer support and easy to use.,0.8658
10335,"Very useful app, helped me a lot.",0.4927
10336,"Excellent design, works smoothly.",0.5719
10338,Great customer support and easy to use.,0.8658
10339,"Excellent design, works smoothly.",0.5719
10346,Did not meet my expectations.,0.0
10348,"Excellent design, works smoothly.",0.5719
10349,"Excellent design, works smoothly.",0.5719
10350,"Very useful app, helped me a lot.",0.4927
10358,"Good experience overall, but UI can improve.",0.7003
10371,"Excellent design, works smoothly.",0.5719
10372,"Too many crashes, needs urgent updates.",0.2023
10374,"Too many crashes, needs urgent updates.",0.2023
10375,"Not satisfied with performance, too many bugs.",-0.3252
10376,"Average app, could use more features.",0.0
10384,Great customer support and easy to use.,0.8658
10389,"Too many crashes, needs urgent updates.",0.2023
10390,"Good experience overall, but UI can improve.",0.7003
10392,"Not satisfied with performance, too many bugs.",-0.3252
10393,"Too many crashes, needs urgent updates.",0.2023
10394,Did not meet my expectations.,0.0
10395,"Too many crashes, needs urgent updates.",0.2023
10400,"Good experience overall, but UI can improve.",0.7003
10401,"Not satisfied with performance, too many bugs.",-0.3252
10403,Did not meet my expectations.,0.0
10416,"Too many crashes, needs urgent updates.",0.2023
10418,Great customer support and easy to use.,0.8658
10426,"Affordable and reliable, worth it.",0.2263
10429,"Average app, could use more features.",0.0
10430,"Not satisfied with performance, too many bugs.",-0.3252
10443,"Too many crashes, needs urgent updates.",0.2023
10444,"Good experience overall, but UI can improve.",0.7003
10452,"Affordable and reliable, worth it.",0.2263
10454,"Affordable and reliable, worth it.",0.2263
10455,"Fantastic app, highly recommend!",0.7707
10456,"Very useful app, helped me a lot.",0.4927
10458,"Fantastic app, highly recommend!",0.7707
10459,"Average app, could use more features.",0.0
10466,"Fantastic app, highly recommend!",0.7707
10467,Great customer support and easy to use.,0.8658
10472,"Too many crashes, needs urgent updates.",0.2023
10474,Great customer support and easy to use.,0.8658
10479,"Excellent design, works smoothly.",0.5719
10480,"Excellent design, works smoothly.",0.5719
10482,"Fantastic app, highly recommend!",0.7707
10484,"Good experience overall, but UI can improve.",0.7003
10492,"Good experience overall, but UI can improve.",0.7003
10495,"Excellent design, works smoothly.",0.5719
10497,"Very useful app, helped me a lot.",0.4927
10499,"Fantastic app, highly recommend!",0.7707
10501,"Fantastic app, highly recommend!",0.7707
10502,"Very useful app, helped me a lot.",0.4927
10505,"Fantastic app, highly recommend!",0.7707
10507,"Fantastic app, highly recommend!",0.7707
10509,"Average app, could use more features.",0.0
10510,Great customer support and easy to use.,0.8658
10513,Great customer support and easy to use.,0.8658
10514,"Fantastic app, highly recommend!",0.7707
10516,Did not meet my expectations.,0.0
10518,"Excellent design, works smoothly.",0.5719
10520,"Average app, could use more features.",0.0
10524,"Excellent design, works smoothly.",0.5719
10528,"Fantastic app, highly recommend!",0.7707
10529,"Average app, could use more features.",0.0
10530,"Fantastic app, highly recommend!",0.7707
10532,"Fantastic app, highly recommend!",0.7707
10534,"Excellent design, works smoothly.",0.5719
10541,"Good experience overall, but UI can improve.",0.7003
10542,"Affordable and reliable, worth it.",0.2263
10545,"Affordable and reliable, worth it.",0.2263
10546,"Good experience overall, but UI can improve.",0.7003
10547,"Average app, could use more features.",0.0
10550,"Affordable and reliable, worth it.",0.2263
10551,"Affordable and reliable, worth it.",0.2263
10552,"Fantastic app, highly recommend!",0.7707
10554,"Fantastic app, highly recommend!",0.7707
10559,"Average app, could use more features.",0.0
10562,Did not meet my expectations.,0.0
10565,"Average app, could use more features.",0.0
10566,"Very useful app, helped me a lot.",0.4927
10570,"Very useful app, helped me a lot.",0.4927
10571,"Very useful app, helped me a lot.",0.4927
10573,"Affordable and reliable, worth it.",0.2263
10576,"Very useful app, helped me a lot.",0.4927
10577,"Not satisfied with performance, too many bugs.",-0.3252
10581,"Good experience overall, but UI can improve.",0.7003
10582,"Too many crashes, needs urgent updates.",0.2023
10584,"Average app, could use more features.",0.0
10589,"Good experience overall, but UI can improve.",0.7003
10590,"Average app, could use more features.",0.0
10594,"Very useful app, helped me a lot.",0.4927
10595,"Average app, could use more features.",0.0
10598,"Fantastic app, highly recommend!",0.7707
10599,"Excellent design, works smoothly.",0.5719
10600,Great customer support and easy to use.,0.8658
10602,"Fantastic app, highly recommend!",0.7707
10604,"Excellent design, works smoothly.",0.5719
10609,Did not meet my expectations.,0.0
10611,"Too many crashes, needs urgent updates.",0.2023
10613,"Affordable and reliable, worth it.",0.2263
10617,"Good experience overall, but UI can improve.",0.7003
10621,"Fantastic app, highly recommend!",0.7707
10623,"Very useful app, helped me a lot.",0.4927
10624,"Very useful app, helped me a lot.",0.4927
10630,"Excellent design, works smoothly.",0.5719
10635,"Excellent design, works smoothly.",0.5719
10636,"Good experience overall, but UI can improve.",0.7003
10640,"Good experience overall, but UI can improve.",0.7003
10642,"Average app, could use more features.",0.0
10645,"Average app, could use more features.",0.0
10647,"Good experience overall, but UI can improve.",0.7003
10651,"Too many crashes, needs urgent updates.",0.2023
10654,"Fantastic app, highly recommend!",0.7707
10663,"Excellent design, works smoothly.",0.5719
10666,"Affordable and reliable, worth it.",0.2263
10670,"Not satisfied with performance, too many bugs.",-0.3252
10673,"Very useful app, helped me a lot.",0.4927
10674,"Average app, could use more features.",0.0
10676,"Affordable and reliable, worth it.",0.2263
10677,"Excellent design, works smoothly.",0.5719
10680,"Too many crashes, needs urgent updates.",0.2023
10683,"Affordable and reliable, worth it.",0.2263
10686,"Affordable and reliable, worth it.",0.2263
10687,"Too many crashes, needs urgent updates.",0.2023
10688,"Very useful app, helped me a lot.",0.4927
10689,Did not meet my expectations.,0.0
10695,"Affordable and reliable, worth it.",0.2263
10698,"Affordable and reliable, worth it.",0.2263
10700,"Fantastic app, highly recommend!",0.7707
10702,"Good experience overall, but UI can improve.",0.7003
10705,Did not meet my expectations.,0.0
10709,"Fantastic app, highly recommend!",0.7707
10714,"Affordable and reliable, worth it.",0.2263
10716,Great customer support and easy to use.,0.8658
10718,"Very useful app, helped me a lot.",0.4927
10719,"Average app, could use more features.",0.0
10720,"Good experience overall, but UI can improve.",0.7003
10722,"Very useful app, helped me a lot.",0.4927
10723,"Good experience overall, but UI can improve.",0.7003
10724,"Not satisfied with performance, too many bugs.",-0.3252
10731,"Average app, could use more features.",0.0
10740,"Fantastic app, highly recommend!",0.7707
10742,"Average app, could use more features.",0.0
10744,"Not satisfied with performance, too many bugs.",-0.3252
10745,Did not meet my expectations.,0.0
10746,"Good experience overall, but UI can improve.",0.7003
10748,"Good experience overall, but UI can improve.",0.7003
10753,"Good experience overall, but UI can improve.",0.7003
10765,"Good experience overall, but UI can improve.",0.7003
10768,"Affordable and reliable, worth it.",0.2263
10772,Did not meet my expectations.,0.0
10773,"Too many crashes, needs urgent updates.",0.2023
10775,"Fantastic app, highly recommend!",0.7707
10777,"Excellent design, works smoothly.",0.5719
10779,"Average app, could use more features.",0.0
10780,"Excellent design, works smoothly.",0.5719
10790,"Very useful app, helped me a lot.",0.4927
10791,Did not meet my expectations.,0.0
10792,"Fantastic app, highly recommend!",0.7707
10795,Did not meet my expectations.,0.0
10800,"Very useful app, helped me a lot.",0.4927
10804,"Too many crashes, needs urgent updates.",0.2023
10805,"Average app, could use more features.",0.0
10806,"Good experience overall, but UI can improve.",0.7003
10813,Did not meet my expectations.,0.0
10815,"Good experience overall, but UI can improve.",0.7003
10817,Great customer support and easy to use.,0.8658
10818,Did not meet my expectations.,0.0
10822,"Not satisfied with performance, too many bugs.",-0.3252
10823,"Good experience overall, but UI can improve.",0.7003
10825,"Very useful app, helped me a lot.",0.4927
10827,"Fantastic app, highly recommend!",0.7707
10828,"Average app, could use more features.",0.0
10829,"Fantastic app, highly recommend!",0.7707
10830,"Excellent design, works smoothly.",0.5719
10835,"Very useful app, helped me a lot.",0.4927
10836,"Excellent design, works smoothly.",0.5719
10839,"Affordable and reliable, worth it.",0.2263
10840,"Good experience overall, but UI can improve.",0.7003
10841,Great customer support and easy to use.,0.8658
10848,Did not meet my expectations.,0.0
10865,"Good experience overall, but UI can improve.",0.7003
10870,"Fantastic app, highly recommend!",0.7707
10871,"Average app, could use more features.",0.0
10878,"Average app, could use more features.",0.0
10883,"Fantastic app, highly recommend!",0.7707
10887,Did not meet my expectations.,0.0
10893,"Too many crashes, needs urgent updates.",0.2023
10901,"Excellent design, works smoothly.",0.5719
10905,"Too many crashes, needs urgent updates.",0.2023
10906,"Fantastic app, highly recommend!",0.7707
10909,"Fantastic app, highly recommend!",0.7707
10911,"Good experience overall, but UI can improve.",0.7003
10912,Great customer support and easy to use.,0.8658
10913,"Fantastic app, highly recommend!",0.7707
10916,"Average app, could use more features.",0.0
10917,Great customer support and easy to use.,0.8658
10918,"Too many crashes, needs urgent updates.",0.2023
10919,"Excellent design, works smoothly.",0.5719
10921,"Not satisfied with performance, too many bugs.",-0.3252
10925,"Good experience overall, but UI can improve.",0.7003
10934,"Affordable and reliable, worth it.",0.2263
10935,"Fantastic app, highly recommend!",0.7707
10936,"Fantastic app, highly recommend!",0.7707
10937,"Too many crashes, needs urgent updates.",0.2023
10947,"Excellent design, works smoothly.",0.5719
10951,"Too many crashes, needs urgent updates.",0.2023
10952,"Average app, could use more features.",0.0
10954,Did not meet my expectations.,0.0
10957,"Affordable and reliable, worth it.",0.2263
10960,"Average app, could use more features.",0.0
10961,"Too many crashes, needs urgent updates.",0.2023
10962,"Fantastic app, highly recommend!",0.7707
10963,"Good experience overall, but UI can improve.",0.7003
10965,"Average app, could use more features.",0.0
10966,"Good experience overall, but UI can improve.",0.7003
10967,"Very useful app, helped me a lot.",0.4927
10969,"Good experience overall, but UI can improve.",0.7003
10973,"Not satisfied with performance, too many bugs.",-0.3252
10975,"Excellent design, works smoothly.",0.5719
10976,"Fantastic app, highly recommend!",0.7707
10989,"Not satisfied with performance, too many bugs.",-0.3252
10990,"Not satisfied with performance, too many bugs.",-0.3252
10992,Did not meet my expectations.,0.0
10995,Did not meet my expectations.,0.0
10997,"Very useful app, helped me a lot.",0.4927
11000,"Good experience overall, but UI can improve.",0.7003
11004,"Excellent design, works smoothly.",0.5719
11006,"Very useful app, helped me a lot.",0.4927
11012,Did not meet my expectations.,0.0
11014,"Excellent design, works smoothly.",0.5719
11024,"Not satisfied with performance, too many bugs.",-0.3252
11025,"Affordable and reliable, worth it.",0.2263
11030,Needs improvement.,0.4588
11033,Buggy and slow.,0.0
11034,Too many ads.,0.0
11038,Very user-friendly.,0.0
11043,Not worth the price.,-0.1695
11044,Great app!,0.6588
11045,Love the features!,0.6696
11051,Could be better.,0.4404
11054,Highly recommend.,0.4201
11056,Excellent customer support.,0.7506
11060,Needs improvement.,0.4588
11063,Buggy and slow.,0.0
11064,Too many ads.,0.0
11068,Very user-friendly.,0.0
11073,Not worth the price.,-0.1695
11074,Great app!,0.6588
11075,Love the features!,0.6696
11081,Could be better.,0.4404
11084,Highly recommend.,0.4201
11086,Excellent customer support.,0.7506
11090,Needs improvement.,0.4588
11093,Buggy and slow.,0.0
11094,Too many ads.,0.0
11098,Very user-friendly.,0.0
11103,Not worth the price.,-0.1695
11104,Great app!,0.6588
11105,Love the features!,0.6696
11111,Could be better.,0.4404
11114,Highly recommend.,0.4201
11116,Excellent customer support.,0.7506
11120,Needs improvement.,0.4588
11123,Buggy and slow.,0.0
11124,Too many ads.,0.0
11128,Very user-friendly.,0.0
11133,Not worth the price.,-0.1695
11134,Great app!,0.6588
11135,Love the features!,0.6696
11141,Could be better.,0.4404
11144,Highly recommend.,0.4201
11146,Excellent customer support.,0.7506
11150,Needs improvement.,0.4588
11153,Buggy and slow.,0.0
11154,Too many ads.,0.0
11158,Very user-friendly.,0.0
11163,Not worth the price.,-0.1695
11164,Great app!,0.6588
11165,Love the features!,0.6696
11171,Could be better.,0.4404
11174,Highly recommend.,0.4201
11176,Excellent customer support.,0.7506
