userid,Average Screen Time,Average Spent on App (INR),Ratings,New Password Request,Last Visited Minutes,Day_1,Day_2,Day_3,Day_4,Day_5,Day_6,Day_7,Day_8,Day_9,Day_10,Day_11,Day_12,Day_13,Day_14,Day_15,Day_16,Day_17,Day_18,Day_19,Day_20,Day_21,Day_22,Day_23,Day_24,Day_25,Day_26,Day_27,Day_28,Day_29,Day_30,Day_31,Day_32,Day_33,Day_34,Day_35,Day_36,Day_37,Day_38,Day_39,Day_40,Day_41,Day_42,Day_43,Day_44,Day_45,Day_46,Day_47,Day_48,Day_49,Day_50,Day_51,Day_52,Day_53,Day_54,Day_55,Day_56,Day_57,Day_58,Day_59,Day_60,Day_61,Day_62,Day_63,Day_64,Day_65,Day_66,Day_67,Day_68,Day_69,Day_70,Day_71,Day_72,Day_73,Day_74,Day_75,Day_76,Day_77,Day_78,Day_79,Day_80,Day_81,Day_82,Day_83,Day_84,Day_85,Day_86,Day_87,Day_88,Day_89,Day_90,is_churned,total_days_active,avg_daily_usage,std_dev_daily_usage,early_usage_avg,late_usage_avg,drop_in_usage,review,left_review
2030,8.29,807.88,10,3,20871,203.64,85.53,77.49,38.79,8.16,49.58,82.53,0.6,72.3,20.18,184.06,312.75,69.57,67.84,1.53,6.06,17.81,20.88,40.13,237.44,353.7,162.9,116.56,116.02,165.43,89.2,16.26,38.27,13.82,45.6,5.63,44.23,261.62,109.27,30.87,33.36,6.73,39.51,32.98,425.62,117.77,20.92,176.87,13.28,188.25,23.79,59.16,185.66,120.79,25.42,10.96,196.72,180.48,71.75,22.29,161.42,79.19,84.21,0.68,83.87,108.01,66.49,165.47,320.98,83.37,79.11,9.91,121.72,10.34,113.23,52.77,2.53,273.88,59.39,42.07,1.11,59.25,35.02,66.32,31.39,128.95,35.87,64.16,21.27,181.67,294.43,50.69,120.36,57.71,104.21,1,60,92.11,88.61,90.49,92.06,0.0,Did not meet my expectations.,1
2031,21.43,326.97,10,5,3781,94.73,71.63,14.71,101.01,417.17,5.09,112.72,98.32,279.09,20.8,37.58,172.82,310.31,98.26,165.02,62.64,342.73,85.62,16.45,27.96,88.56,1.74,123.07,56.55,74.99,115.26,162.49,182.66,98.51,60.81,210.04,76.4,75.83,97.98,7.76,66.4,98.0,71.64,121.11,186.9,245.07,39.79,25.46,148.21,126.78,66.04,34.28,33.27,39.47,6.95,87.41,220.34,111.26,57.31,42.79,26.34,13.7,31.11,19.02,1.51,3.27,8.9,230.92,154.63,6.8,94.54,8.9,104.69,262.2,16.89,36.73,18.47,38.77,25.64,188.52,171.14,5.0,167.32,109.84,21.48,39.63,253.05,92.99,56.35,38.89,40.47,32.54,65.12,12.31,101.71,0,40,92.17,84.18,116.64,80.26,36.39,"Excellent design, works smoothly.",1
2032,15.17,674.37,1,0,28731,36.22,60.47,82.55,32.65,90.59,53.57,217.39,29.91,375.95,29.31,5.23,74.75,27.8,45.37,247.64,351.83,11.88,50.52,16.72,1.13,53.25,45.65,43.2,156.85,100.44,3.91,104.45,494.51,23.07,289.82,161.99,146.4,80.4,432.69,9.36,209.53,81.5,34.49,159.03,272.5,262.63,95.22,150.15,200.12,106.92,77.51,15.13,72.14,93.24,23.61,107.48,5.47,94.57,102.06,27.1,136.36,33.79,163.43,183.26,88.13,62.09,13.23,222.63,218.8,288.75,76.56,70.61,136.7,8.27,1.51,73.48,17.27,115.84,48.46,3.26,108.22,1.42,141.36,215.61,80.72,324.21,118.09,216.99,15.39,7.21,39.01,161.76,205.3,35.41,122.89,0,55,110.38,102.96,105.22,105.04,0.19,Great customer support and easy to use.,1
2033,31.98,156.29,6,3,27105,54.78,109.92,292.29,157.85,105.85,19.06,23.39,23.06,89.12,16.74,9.98,86.51,46.63,101.97,32.66,123.83,28.0,31.11,24.66,69.86,46.17,69.1,95.8,294.94,267.32,79.11,79.71,48.08,30.84,2.12,152.47,7.64,145.27,4.58,105.8,138.63,27.64,46.58,10.39,47.72,111.2,179.16,43.31,114.5,30.32,5.87,39.42,309.58,10.68,52.0,27.49,7.67,106.1,112.17,250.85,84.28,144.71,27.03,73.25,79.82,56.91,149.45,212.28,36.36,65.74,80.65,11.91,1.31,116.22,389.15,28.19,85.33,49.46,65.87,82.26,10.49,164.64,17.27,147.38,29.52,83.97,29.44,16.29,86.82,91.62,147.28,13.15,36.7,237.56,192.11,1,74,85.47,78.33,82.02,91.18,0.0,Great customer support and easy to use.,1
2034,24.85,481.18,6,0,21915,49.56,64.5,35.33,123.56,30.2,30.37,0.33,19.28,95.62,4.55,29.57,97.38,64.2,47.21,346.87,31.0,144.67,217.8,132.45,59.08,33.81,83.79,14.36,207.66,15.48,163.02,6.16,1.32,315.0,46.82,88.05,128.94,6.37,252.06,81.04,72.35,20.14,170.07,7.52,16.97,322.11,26.06,7.67,17.2,135.53,38.25,70.45,508.42,42.83,43.63,11.31,71.38,116.18,196.71,54.27,288.28,15.5,408.76,28.13,0.82,59.25,166.41,25.74,214.1,157.39,29.94,69.03,109.97,156.49,147.26,194.69,3.51,312.76,39.39,127.84,10.81,108.36,1.55,30.37,6.41,80.43,86.6,6.27,61.36,59.78,40.99,160.25,3.03,46.84,79.23,1,10,92.82,99.39,83.7,86.53,0.0,"Too many crashes, needs urgent updates.",1
2035,38.45,170.96,6,3,20310,34.82,227.9,57.3,40.93,51.66,53.61,167.57,12.9,55.68,375.06,93.24,44.67,125.25,192.93,573.46,126.66,35.62,213.69,10.98,28.26,28.72,232.08,56.37,11.13,83.71,84.67,107.25,25.52,133.33,6.32,0.17,131.5,75.88,41.56,26.31,37.78,49.63,241.63,7.55,4.72,10.75,253.98,7.33,15.4,371.73,32.05,371.91,15.27,41.89,10.54,393.18,53.26,92.49,38.88,306.58,4.77,82.76,159.59,30.26,71.24,261.95,53.31,5.7,38.89,24.28,11.06,166.68,112.01,88.28,129.82,14.2,147.51,290.5,20.52,85.77,208.94,1.2,5.53,66.43,41.65,208.3,16.8,43.09,20.66,170.27,8.38,67.97,4.49,125.77,48.73,0,37,97.34,109.24,109.71,82.96,26.75,"Fantastic app, highly recommend!",1
2036,27.12,118.39,6,2,28474,139.52,25.67,110.83,84.86,174.12,112.83,163.18,201.41,46.56,121.07,138.31,28.54,36.9,77.57,125.63,107.66,27.49,11.03,0.99,12.16,28.87,107.73,248.39,27.95,107.49,16.44,7.2,18.07,95.9,166.32,3.53,13.38,177.58,190.8,36.14,128.68,49.04,144.16,14.56,119.65,233.23,170.24,207.02,548.74,137.69,88.38,109.14,70.97,106.75,43.99,74.22,45.14,131.66,56.35,78.26,94.25,36.53,67.47,132.39,39.54,18.16,43.61,111.53,41.78,26.82,146.07,136.53,86.88,191.11,15.76,30.02,72.56,54.07,37.58,33.79,170.16,24.53,332.55,215.91,172.94,69.34,214.21,28.8,46.61,28.48,242.4,255.56,27.84,38.87,17.61,0,29,98.36,85.81,85.69,97.74,0.0,"Fantastic app, highly recommend!",1
2037,45.6,812.1,9,7,12870,221.73,35.63,37.16,19.37,67.41,78.45,61.03,30.02,22.69,29.49,72.59,18.73,161.58,50.66,99.63,14.0,85.88,227.27,57.47,7.88,106.48,273.67,86.92,55.95,195.56,140.16,27.68,64.96,65.16,12.72,289.76,55.21,74.02,113.15,85.51,70.48,358.21,188.09,78.43,38.64,14.93,29.52,6.27,155.07,61.02,38.16,65.41,182.28,166.76,149.4,187.2,18.02,52.65,96.64,170.7,61.36,140.15,186.66,146.92,87.7,22.14,17.02,54.88,24.92,357.52,29.06,41.68,51.59,23.6,30.87,174.81,35.32,340.96,401.39,146.51,57.43,134.52,67.6,70.32,295.42,312.52,44.65,91.95,158.6,166.91,20.71,21.78,184.62,42.01,124.4,0,50,103.8,90.82,80.93,118.19,0.0,Did not meet my expectations.,1
2038,23.93,462.0,3,7,4508,233.41,30.26,9.11,117.28,168.72,23.12,62.7,55.51,182.99,80.98,124.01,136.98,14.48,131.88,23.78,18.81,348.63,124.16,541.54,175.08,38.2,34.01,182.88,96.17,74.67,229.8,91.71,176.63,5.74,6.94,63.01,29.43,38.44,31.24,260.48,95.53,71.94,177.45,12.57,73.9,73.78,1.23,106.75,38.21,16.0,92.79,32.05,19.05,146.93,4.49,65.4,160.0,107.47,1.16,54.76,34.95,39.79,8.14,151.54,479.79,33.42,187.74,169.39,1.88,83.86,108.0,96.93,19.04,27.67,174.88,18.43,165.01,53.51,174.92,66.08,91.74,27.0,92.96,31.25,4.32,55.17,108.8,140.24,37.52,156.35,126.1,81.8,66.77,124.38,13.35,1,24,95.19,92.86,118.01,84.62,33.39,"Affordable and reliable, worth it.",1
2039,18.51,191.74,4,5,27365,185.59,34.66,221.43,28.7,1.96,22.13,15.29,3.48,55.74,36.62,140.9,65.49,2.5,59.65,178.82,24.61,299.13,108.57,139.31,51.96,87.67,42.34,175.81,3.88,109.72,35.52,69.4,247.65,91.23,65.51,85.18,109.65,70.13,21.31,44.92,142.04,53.97,213.92,57.05,202.44,102.6,98.99,32.28,45.77,175.67,55.55,142.78,503.7,119.76,124.96,21.3,166.49,214.48,27.33,2.8,65.48,47.57,27.2,109.93,187.14,65.34,120.91,91.97,196.41,22.44,68.57,27.3,97.29,14.98,21.34,100.98,3.06,217.79,196.12,238.11,14.1,77.62,23.39,123.8,109.64,105.94,200.33,18.81,151.76,208.7,41.47,138.36,1.31,130.8,28.03,1,49,97.05,82.71,86.84,95.22,0.0,"Fantastic app, highly recommend!",1
2040,33.47,538.53,10,3,11704,33.01,13.08,273.19,20.16,125.62,100.17,154.76,28.47,68.7,82.64,61.8,292.26,200.75,217.64,35.51,263.2,114.88,153.25,159.72,80.7,79.63,155.43,27.94,4.93,186.32,34.19,0.54,73.32,30.76,59.49,43.3,48.65,9.95,106.38,456.46,55.09,146.23,35.22,112.58,60.02,121.91,33.43,120.43,51.13,158.49,174.07,119.73,29.67,53.59,22.66,7.66,163.41,6.28,155.61,19.3,78.47,99.19,57.89,420.43,59.26,169.1,32.39,129.45,200.37,4.28,379.1,173.79,31.85,35.04,175.22,114.3,41.88,0.98,325.16,10.48,9.19,66.5,21.69,171.97,22.53,327.39,199.44,8.25,13.71,162.13,6.54,184.07,82.53,5.48,117.47,1,75,104.23,97.48,104.4,107.41,0.0,"Too many crashes, needs urgent updates.",1
2041,48.77,502.9,3,4,24024,70.23,29.38,142.9,44.32,347.89,248.75,30.61,22.12,37.22,56.14,77.08,317.55,214.29,121.75,66.72,105.48,55.07,81.41,31.22,61.35,45.44,70.95,116.61,41.1,6.75,121.7,4.28,50.84,40.06,131.7,186.25,51.73,115.33,104.49,191.39,56.91,216.85,81.75,15.81,9.15,27.28,79.2,245.2,41.94,49.33,21.32,2.22,102.02,62.89,615.85,1.34,24.43,9.24,88.95,43.57,73.88,246.77,148.73,85.12,16.93,110.52,207.37,138.22,5.84,74.01,83.83,88.9,60.5,15.64,59.95,34.87,104.94,54.95,65.66,134.99,45.5,84.62,48.98,86.28,637.56,79.11,123.88,116.52,29.18,122.62,102.86,145.67,273.53,160.28,144.46,0,56,102.76,106.47,93.03,114.71,0.0,Great customer support and easy to use.,1
2042,22.31,320.1,2,0,27319,193.06,174.36,15.99,12.21,117.16,13.07,23.36,140.27,90.21,111.51,69.07,69.5,20.5,240.3,18.37,25.61,66.83,33.83,39.69,147.16,148.25,62.23,29.78,119.87,157.9,342.88,168.92,90.9,161.96,12.94,65.65,90.55,2.9,24.03,465.62,12.34,124.11,22.54,8.27,19.51,64.79,304.74,54.72,214.9,126.22,8.95,26.59,19.05,135.56,13.56,61.85,199.11,303.72,210.4,42.4,31.95,61.93,76.1,179.29,174.04,144.61,356.24,66.37,152.82,34.64,28.72,3.36,76.76,199.99,9.05,9.91,24.91,211.81,6.17,312.83,328.31,335.78,3.69,37.72,1.52,5.47,51.03,65.22,125.99,31.59,66.52,41.8,4.03,14.93,26.6,1,67,98.24,100.09,97.26,92.61,4.64,"Excellent design, works smoothly.",1
2043,29.45,0.0,2,0,12676,215.29,102.06,62.34,53.41,82.76,24.75,152.92,205.48,16.97,136.23,196.35,98.91,187.71,51.32,105.39,41.23,2.55,293.84,0.39,70.94,53.75,332.73,32.8,48.21,102.84,58.31,191.65,78.72,84.4,31.75,1.02,195.6,141.85,99.58,85.86,179.53,16.71,20.27,101.2,100.81,15.04,147.46,50.36,107.57,60.3,26.05,26.92,166.17,6.25,47.68,145.52,285.21,137.55,17.67,90.82,49.28,60.57,271.78,27.9,309.13,281.11,4.21,54.36,249.02,195.09,75.3,235.85,37.95,5.65,96.25,316.75,350.03,107.27,114.44,59.76,7.6,126.27,109.37,185.39,0.46,71.61,6.53,6.51,72.79,51.33,360.5,97.37,0.12,74.16,96.3,0,85,106.19,91.54,103.87,114.98,0.0,"Fantastic app, highly recommend!",1
2044,35.82,345.01,9,7,15857,33.66,103.16,8.73,28.06,292.26,52.96,62.25,166.8,65.84,1.12,69.92,35.62,1.57,213.12,162.25,1.82,123.03,183.35,67.73,222.66,14.2,50.33,125.25,163.08,199.13,1.12,162.34,150.09,28.27,114.71,16.13,147.76,151.5,21.94,171.76,75.97,22.75,21.77,28.75,14.42,89.2,54.74,8.37,516.8,4.73,23.88,71.16,56.86,96.22,55.83,97.27,46.57,118.43,110.22,51.85,208.01,17.22,286.8,107.78,73.55,23.93,175.52,169.44,11.91,39.01,6.85,286.59,8.62,36.52,151.44,135.75,8.5,86.69,67.8,42.59,27.68,18.35,44.09,6.26,54.43,7.14,295.94,109.16,137.34,11.99,0.0,462.56,160.04,59.43,164.89,0,59,94.26,95.85,96.81,93.68,3.13,"Too many crashes, needs urgent updates.",1
2045,32.39,930.95,3,7,24829,3.38,120.14,11.16,52.46,5.52,85.36,84.24,19.3,22.64,1.73,251.2,16.16,40.25,313.51,3.38,68.41,7.9,51.67,19.57,1.64,175.04,24.64,310.84,8.68,136.14,250.79,98.92,186.01,27.02,5.85,210.93,36.96,29.3,297.24,35.97,9.38,103.75,24.75,34.65,3.64,27.66,10.69,173.69,92.05,151.57,7.31,28.77,184.93,121.59,52.98,295.43,137.5,68.02,52.73,27.62,80.61,185.81,112.19,538.63,22.93,48.24,59.33,0.33,88.27,0.48,19.76,81.89,38.78,91.04,34.91,80.83,13.88,203.46,0.19,21.84,66.14,13.67,196.25,106.84,24.04,42.29,59.49,140.33,241.84,155.77,39.44,24.62,106.34,63.5,12.8,0,58,84.88,93.89,80.12,69.22,10.9,"Good experience overall, but UI can improve.",1
2046,38.25,692.19,9,2,14105,269.88,58.52,7.79,12.9,307.49,74.72,160.61,0.31,216.99,202.18,114.41,96.56,119.53,9.67,99.04,119.47,6.69,7.81,46.82,114.64,140.9,10.25,52.48,94.57,31.94,11.32,50.63,113.7,21.24,189.19,166.04,174.5,28.35,36.34,121.71,76.96,8.27,128.08,41.16,10.42,23.32,45.55,359.59,16.31,86.92,34.55,51.68,4.88,43.62,26.26,303.79,20.25,102.51,240.72,174.37,331.8,50.98,56.12,11.33,32.54,86.02,120.13,79.69,129.94,54.57,167.49,84.69,78.23,42.91,38.34,119.6,84.92,18.23,217.15,19.1,27.99,0.59,86.75,26.37,78.85,102.89,13.43,130.15,86.86,52.17,7.55,40.34,420.94,61.99,132.8,0,61,90.91,86.73,92.07,87.02,5.05,"Not satisfied with performance, too many bugs.",1
2047,41.03,330.87,4,3,25518,276.53,91.0,8.38,9.37,65.64,154.48,218.63,116.58,17.2,88.62,216.92,59.27,11.26,29.37,0.44,12.19,65.56,104.81,108.94,48.78,0.72,54.95,23.49,44.17,152.69,525.87,95.47,92.54,10.76,233.43,169.2,285.03,66.82,11.74,60.22,126.75,20.97,16.22,63.91,59.98,104.65,20.99,124.61,37.13,143.29,347.92,109.81,179.57,9.47,67.68,0.64,75.18,29.06,446.82,181.01,8.43,41.12,3.89,153.32,89.22,33.66,1.26,4.15,212.25,83.58,488.89,75.04,367.1,38.15,19.93,52.04,46.21,86.29,15.58,16.47,92.14,67.79,64.06,83.85,158.8,30.76,523.55,179.67,273.27,22.69,5.97,8.56,319.97,25.32,47.3,0,35,104.86,118.8,97.94,114.81,0.0,Did not meet my expectations.,1
2048,39.57,348.29,9,5,11079,271.37,0.3,35.65,12.97,66.18,11.22,158.88,3.37,134.11,26.05,10.82,12.8,64.32,7.39,17.91,4.98,109.2,170.33,2.44,87.66,137.91,562.16,30.86,19.45,335.05,7.65,113.27,115.78,15.78,264.05,0.22,7.08,37.96,12.66,405.05,98.27,109.48,10.98,155.43,5.4,178.98,2.49,147.81,193.67,82.28,97.96,86.56,31.49,186.49,102.45,49.24,12.18,31.66,106.25,41.71,27.28,122.76,8.12,6.23,22.88,192.28,42.47,40.92,76.27,159.91,21.26,44.91,73.75,6.35,38.01,112.36,9.5,16.51,32.9,36.25,121.34,362.2,92.87,72.14,56.4,16.58,34.29,3.64,212.85,44.85,46.4,79.49,93.87,351.85,38.99,0,79,85.8,100.91,93.66,84.38,9.28,"Average app, could use more features.",1
2049,74.08,363.38,2,4,26330,26.86,89.7,139.55,71.58,144.93,162.23,83.31,136.96,218.66,472.24,11.85,80.71,542.83,151.65,36.13,68.23,15.04,38.63,421.88,26.49,157.23,20.84,96.15,89.16,73.17,43.19,44.36,68.16,22.71,9.73,84.63,16.29,24.5,43.79,153.96,182.31,14.97,0.94,26.6,69.18,33.89,53.43,23.63,60.87,166.24,68.18,50.55,37.76,59.72,31.02,247.14,110.09,288.98,24.47,89.22,123.76,24.11,79.84,12.05,209.95,71.46,24.04,162.89,121.36,8.58,193.98,13.45,13.11,61.41,158.38,273.84,0.53,34.56,415.32,12.99,46.1,10.28,166.78,105.82,78.63,26.82,166.62,195.92,57.16,9.37,205.8,49.03,167.49,72.07,68.36,0,66,99.65,103.68,118.8,99.74,19.07,"Average app, could use more features.",1
2050,40.01,179.54,2,0,20742,84.98,371.27,110.31,13.69,21.62,251.79,60.34,279.99,268.77,102.22,49.03,138.93,80.69,101.32,62.09,7.12,125.73,136.01,54.51,50.31,36.9,325.42,183.41,168.62,43.69,90.59,43.37,97.49,63.18,41.47,226.98,31.05,31.59,64.05,50.86,156.63,53.46,10.63,153.71,66.24,35.68,295.06,3.13,195.72,527.45,317.65,210.99,26.35,34.19,2.01,60.29,13.65,80.51,92.26,524.27,28.3,50.99,255.27,258.18,95.39,80.04,63.18,163.25,444.47,100.7,217.75,12.75,65.27,44.43,1.64,95.5,184.54,167.99,125.48,77.19,32.55,11.75,14.54,34.73,87.52,24.39,14.66,111.87,119.91,29.52,46.42,135.07,25.18,612.1,154.52,0,25,119.07,122.23,115.5,109.96,5.53,"Affordable and reliable, worth it.",1
2051,25.08,476.98,6,4,26437,3.88,101.5,46.02,163.0,11.35,48.74,26.27,132.39,3.91,141.83,2.43,10.93,82.71,195.5,81.01,41.5,17.74,257.72,337.22,129.91,348.86,79.02,76.1,330.53,17.03,118.66,21.65,116.2,31.6,12.12,126.47,41.67,15.04,36.89,84.06,11.41,35.49,13.69,30.79,90.69,65.92,184.14,165.13,82.87,27.09,15.55,389.2,121.79,108.23,23.17,130.5,255.81,167.46,172.1,433.42,78.05,65.3,126.31,177.24,86.59,190.25,5.79,139.41,257.11,118.89,242.49,250.77,26.35,95.5,167.31,59.43,185.15,75.88,2.71,22.01,93.23,25.82,496.43,9.82,23.68,178.26,3.38,23.86,76.8,56.84,74.21,151.7,12.66,65.19,126.91,0,13,106.75,102.54,99.58,108.6,0.0,"Fantastic app, highly recommend!",1
2052,11.59,620.5,1,9,10714,220.87,25.8,50.76,166.9,71.06,18.81,182.8,14.82,206.3,407.03,7.06,46.45,78.15,101.7,154.22,17.69,36.14,566.79,41.33,63.35,330.78,81.47,10.81,18.21,115.05,27.26,71.82,38.39,73.06,52.29,80.13,131.31,39.88,54.71,23.07,210.3,7.0,190.1,28.41,25.22,166.25,100.4,205.2,257.88,60.68,22.39,150.1,32.1,39.34,218.81,135.65,67.18,112.84,287.09,104.97,168.28,29.41,132.86,3.43,13.97,11.64,126.7,75.79,80.17,63.6,23.76,43.79,132.95,126.81,15.64,79.79,81.49,167.82,404.6,11.06,32.78,182.88,211.44,264.67,45.22,102.76,477.6,23.12,167.23,50.29,65.05,56.82,24.89,256.34,24.22,0,31,109.19,108.01,109.91,114.36,0.0,"Very useful app, helped me a lot.",1
2053,51.38,1175.82,7,5,16271,63.52,171.26,122.88,135.79,73.15,122.93,171.49,35.99,36.76,139.69,74.86,135.54,98.32,204.72,31.93,101.98,482.44,112.57,417.84,52.27,2.43,53.8,130.56,162.55,172.53,87.8,173.06,195.06,6.95,144.1,58.79,123.86,121.29,68.16,134.45,12.21,25.81,61.93,92.6,51.38,12.24,26.45,26.18,41.21,248.4,144.14,10.95,479.24,241.95,17.18,98.89,5.34,4.46,114.6,320.61,3.75,88.82,106.74,15.54,167.81,41.62,5.23,42.32,144.15,42.62,78.89,130.78,167.37,5.94,125.37,285.82,203.8,106.92,59.43,26.29,208.03,255.26,26.39,12.19,88.12,19.94,38.75,21.69,170.48,14.77,123.85,125.41,81.54,182.79,98.57,0,53,108.6,96.69,130.49,97.81,32.68,"Excellent design, works smoothly.",1
2054,35.19,453.25,10,3,3214,150.61,53.97,199.43,3.2,216.56,182.93,91.16,93.02,97.87,92.21,60.28,88.0,53.67,7.55,81.86,166.63,77.6,94.3,250.81,181.28,182.86,151.34,218.11,350.42,15.09,114.46,141.94,142.91,313.47,58.53,145.66,20.87,34.45,114.47,0.74,564.42,1.49,62.44,264.21,7.25,91.26,453.56,2.49,382.18,164.69,7.56,107.57,148.0,317.21,240.58,2.68,1.37,6.05,11.17,129.67,373.94,5.15,128.72,89.94,76.7,7.67,184.57,95.6,293.67,106.03,141.73,18.17,283.45,71.29,72.2,150.25,64.77,40.91,137.74,45.13,5.86,16.8,202.85,118.95,120.47,408.27,69.61,25.35,325.05,174.68,118.01,66.89,1.15,55.23,26.48,1,83,125.97,115.04,131.07,114.96,16.11,"Fantastic app, highly recommend!",1
2055,28.9,244.03,9,2,2542,47.71,399.78,152.7,264.73,87.07,15.48,98.4,41.45,56.06,89.58,146.91,379.37,106.35,28.22,136.89,12.62,125.93,2.69,17.95,148.77,15.77,91.45,136.94,104.76,5.05,37.79,14.49,12.15,101.91,184.59,187.91,83.18,160.47,71.32,7.79,71.99,235.97,623.15,120.46,44.68,221.61,87.53,26.47,31.46,89.92,128.39,20.22,250.93,1.57,28.09,6.72,75.06,143.47,150.22,40.12,38.95,228.67,114.78,54.63,123.85,95.47,90.45,50.77,7.3,160.57,39.55,379.38,82.11,66.57,127.52,210.55,16.54,213.95,238.95,34.99,88.88,229.58,70.69,6.79,154.58,57.97,174.71,250.72,99.73,3.7,102.54,39.9,290.29,125.06,92.07,0,86,112.61,103.81,102.12,120.06,0.0,"Excellent design, works smoothly.",1
2056,36.48,0.0,7,9,8496,83.02,40.08,139.69,63.97,0.37,55.33,20.59,308.95,187.66,298.95,14.17,37.3,428.1,175.73,210.64,124.96,118.47,162.18,46.88,71.54,56.72,67.9,102.02,126.68,9.05,41.35,204.81,222.7,25.25,30.19,285.2,88.13,70.36,565.68,74.56,23.32,2.14,88.6,27.62,6.14,82.76,76.4,145.35,25.48,100.34,38.31,25.92,31.62,79.22,220.58,127.32,9.78,165.5,354.07,26.02,240.43,154.13,26.05,18.05,3.97,12.36,173.91,167.51,71.81,185.23,103.05,22.89,6.1,5.76,175.08,72.35,200.35,25.1,20.59,145.74,118.76,39.13,92.03,273.29,49.23,58.43,23.95,36.14,41.81,14.38,11.27,19.4,60.63,19.39,123.69,0,80,100.31,101.22,115.84,78.98,36.86,"Average app, could use more features.",1
2057,38.49,742.06,8,5,13592,200.26,54.63,9.03,13.73,38.32,87.69,125.13,31.63,57.25,31.73,178.18,101.66,56.0,29.35,47.82,207.26,28.14,71.8,36.82,38.24,64.18,47.68,84.17,63.91,154.97,23.2,24.78,19.47,7.33,60.38,43.02,70.87,111.48,1.06,58.35,99.82,18.1,49.1,1.9,101.89,330.81,23.03,10.43,65.71,206.07,558.23,95.91,103.38,118.54,282.63,14.81,53.11,40.76,10.39,124.04,21.02,91.53,30.1,82.0,325.27,84.83,26.37,0.24,283.39,366.93,8.17,104.17,96.3,141.54,177.38,4.78,78.81,25.21,60.52,10.22,47.13,112.01,33.15,15.0,36.28,18.53,140.32,18.34,83.08,31.83,278.07,139.91,22.79,110.25,113.19,0,13,86.74,93.51,66.49,88.96,0.0,"Fantastic app, highly recommend!",1
2058,23.93,702.44,7,9,29561,121.18,62.62,17.03,41.29,7.56,236.51,142.79,5.97,37.84,19.28,315.9,57.96,26.49,26.45,236.06,67.16,83.33,140.26,122.41,25.69,157.02,87.87,78.83,43.31,63.15,99.17,52.35,83.41,110.27,111.82,16.19,45.11,59.6,296.31,57.69,0.97,469.57,37.1,4.16,25.07,27.45,50.74,25.97,39.46,116.37,6.84,52.88,57.93,44.09,136.18,44.02,62.73,294.53,5.82,17.8,113.78,88.42,386.02,79.97,3.98,13.92,51.3,159.53,228.26,15.77,53.4,125.31,123.73,49.11,26.57,109.78,66.15,9.21,74.33,176.54,114.15,64.64,15.27,208.97,15.67,163.97,193.98,49.22,188.93,18.27,112.44,10.78,32.73,164.77,40.76,0,81,89.17,87.63,89.37,89.25,0.12,"Affordable and reliable, worth it.",1
2059,48.58,528.34,8,5,10961,58.29,204.77,2.83,122.95,34.17,94.34,47.78,32.2,255.1,23.34,17.75,0.01,142.44,125.67,65.24,83.32,74.6,96.98,6.75,106.62,32.1,91.17,62.1,308.42,12.98,3.75,86.23,69.89,5.61,32.15,6.12,21.58,13.97,194.88,242.26,266.81,431.1,7.43,130.92,57.89,23.58,282.29,251.38,11.98,157.29,20.27,24.53,32.04,368.92,155.94,67.64,263.22,30.34,89.47,158.88,68.74,119.32,71.47,107.32,132.09,60.38,10.81,20.29,4.73,69.36,6.44,18.27,193.76,31.15,142.35,95.96,13.62,260.22,17.71,97.73,218.09,92.99,64.52,222.51,104.74,154.86,141.89,155.34,69.6,80.08,268.73,71.18,156.22,283.9,222.38,1,55,105.1,94.0,76.65,111.66,0.0,"Very useful app, helped me a lot.",1
2060,20.28,518.26,9,5,19446,103.52,111.78,107.24,84.99,18.99,109.88,22.95,349.11,238.23,95.13,27.9,335.5,51.32,100.93,13.66,185.88,332.29,86.69,93.04,72.62,105.52,7.37,3.08,95.63,93.53,82.0,47.54,2.64,9.39,76.26,109.96,52.23,23.88,142.24,29.52,39.15,41.15,80.88,42.58,88.21,8.33,25.43,44.92,78.6,42.3,170.35,40.15,60.81,361.61,0.94,20.15,8.87,130.2,182.57,38.73,82.27,169.95,212.89,73.06,26.37,33.12,88.68,72.14,100.27,242.48,28.49,9.02,265.01,254.52,60.95,45.87,55.16,206.06,226.02,7.61,196.88,3.54,67.05,204.37,277.3,127.86,88.18,68.35,46.99,118.58,66.09,10.74,53.72,166.24,255.68,0,50,99.33,87.62,102.15,114.9,0.0,"Fantastic app, highly recommend!",1
2061,1.88,655.86,5,5,1292,172.34,1.93,219.99,201.98,24.25,168.71,19.89,16.97,50.7,207.54,46.97,184.82,15.16,99.33,108.01,146.11,146.72,5.66,7.34,369.46,199.57,29.66,35.96,4.66,22.99,11.8,53.23,10.89,63.97,276.25,48.94,67.57,3.77,64.27,169.7,7.11,57.3,31.97,178.5,39.87,21.87,243.31,57.8,22.69,90.57,129.44,2.82,424.97,74.82,0.22,2.16,14.8,47.9,494.3,111.42,94.59,72.29,45.44,1.84,25.66,66.31,147.92,89.67,21.48,292.09,1.1,40.05,83.24,54.55,116.13,158.3,154.37,332.54,58.92,39.14,108.26,239.6,595.28,154.55,10.59,89.95,27.87,43.17,52.29,16.7,188.84,105.63,241.83,123.03,218.46,0,18,104.92,112.29,97.43,129.06,0.0,"Fantastic app, highly recommend!",1
2062,22.04,192.76,1,4,18863,96.86,129.37,26.33,7.13,2.24,251.24,24.31,7.32,21.71,30.45,78.15,111.82,122.95,378.31,4.04,1.8,59.54,31.68,159.74,61.37,127.17,71.99,91.76,197.82,135.21,11.64,69.82,31.3,32.01,138.82,8.57,140.25,13.34,12.8,76.8,87.32,277.26,42.31,11.51,63.55,16.83,209.7,76.73,78.74,89.68,422.69,48.91,25.94,11.11,241.95,130.88,14.06,93.58,120.68,36.04,40.35,100.55,156.24,23.95,94.98,24.86,73.22,123.2,171.64,109.28,50.09,21.3,190.72,0.37,33.5,115.88,67.26,1.03,6.23,52.83,73.48,130.26,56.36,9.29,169.32,142.97,176.99,42.26,243.81,368.71,11.28,78.28,147.49,57.49,175.64,0,28,91.18,86.03,83.8,97.5,0.0,"Average app, could use more features.",1
2063,15.14,317.43,9,9,3553,165.27,25.25,14.23,33.2,8.95,85.73,6.35,97.44,46.39,46.77,117.7,140.86,14.0,64.34,78.45,0.41,19.03,107.88,49.81,33.03,180.2,198.54,11.1,44.26,126.64,184.44,34.41,246.4,315.14,68.77,67.12,10.42,149.51,61.42,151.3,1.2,67.67,189.6,92.89,25.55,22.54,294.13,4.3,10.76,21.85,17.0,265.87,92.46,4.5,325.16,40.79,10.72,31.81,179.6,37.55,36.95,79.84,67.51,33.13,275.31,307.49,2.85,66.84,164.63,43.6,104.1,53.66,165.67,318.42,216.76,13.43,70.03,378.06,8.29,3.47,52.94,33.74,6.97,2.48,364.07,5.87,403.75,179.91,48.15,258.99,58.6,0.68,73.5,118.59,69.42,0,42,98.09,101.71,85.5,119.83,0.0,"Affordable and reliable, worth it.",1
2064,24.27,981.68,2,8,18200,149.05,317.73,237.64,25.77,116.64,135.19,181.68,249.87,131.0,132.41,104.05,181.64,18.02,246.37,473.5,159.51,165.56,68.86,47.08,26.63,5.03,22.36,84.06,156.17,27.01,5.39,97.99,86.11,191.65,49.17,124.51,13.39,10.9,4.16,105.87,42.05,10.29,320.73,114.83,35.54,86.11,15.59,3.11,231.55,14.82,109.05,14.76,49.99,81.1,63.55,371.93,61.99,30.33,260.97,44.3,284.8,177.8,67.48,20.46,108.05,13.95,209.15,314.36,28.23,175.52,55.81,161.11,395.32,102.58,257.89,85.8,130.24,40.43,155.83,69.78,208.01,235.91,225.75,214.22,37.4,2.69,4.7,21.09,4.58,7.76,349.33,33.72,11.43,289.47,105.39,0,81,119.12,106.83,129.77,131.58,0.0,"Very useful app, helped me a lot.",1
2065,68.76,118.29,2,8,24774,36.74,113.39,38.53,332.74,159.98,5.99,47.88,53.14,42.28,90.97,12.69,60.09,62.9,89.89,32.9,82.23,75.09,185.97,69.22,28.05,6.07,74.98,86.39,149.52,37.63,3.29,16.05,86.09,146.8,40.55,64.23,125.56,3.73,2.36,4.93,63.64,8.45,94.03,61.34,32.55,55.85,4.26,194.64,17.87,121.24,38.33,9.57,61.18,7.12,108.59,79.7,33.99,66.31,245.0,5.66,7.79,353.95,91.46,45.21,37.68,41.52,29.67,76.64,66.83,354.26,154.54,236.68,17.83,15.1,73.53,38.03,84.06,417.34,339.84,75.26,17.73,68.26,118.3,30.19,180.98,326.85,84.6,84.05,64.63,76.99,143.32,110.94,236.72,49.3,19.99,0,54,88.31,89.83,75.6,121.13,0.0,"Not satisfied with performance, too many bugs.",1
2066,47.72,64.78,3,5,15188,176.39,95.62,123.26,101.54,31.2,37.82,147.35,75.7,86.11,176.87,40.6,163.48,23.14,26.51,120.07,47.46,426.12,113.11,102.72,3.15,47.99,382.93,20.39,251.24,165.7,14.22,15.03,44.16,9.95,296.8,137.87,8.65,11.87,78.85,87.71,83.12,391.73,190.32,162.78,105.33,22.21,145.75,1.28,276.87,5.0,170.86,6.72,293.61,168.63,147.03,88.69,5.27,154.59,39.55,3.28,56.73,121.4,86.6,167.39,317.1,41.21,1.92,342.54,63.1,5.24,145.32,93.51,0.34,80.78,110.75,24.06,285.83,53.11,27.56,9.34,27.5,58.16,70.07,56.61,93.96,130.89,82.67,11.76,46.51,5.89,87.12,85.85,66.34,41.0,276.78,0,81,103.66,98.34,112.22,80.86,31.36,"Good experience overall, but UI can improve.",1
2067,36.38,422.58,2,5,28199,25.24,100.73,63.35,53.48,30.43,20.37,277.24,52.51,22.67,3.23,11.88,2.91,159.23,3.96,46.91,12.94,103.26,114.6,191.52,329.38,19.23,91.08,75.11,62.5,0.32,76.91,73.76,211.17,61.97,23.7,5.11,100.52,66.72,52.01,23.85,43.4,258.23,85.89,38.31,200.46,24.14,59.75,188.04,180.69,30.84,151.76,16.26,38.61,40.39,100.32,100.62,19.93,108.72,83.07,81.31,142.63,91.26,145.97,81.81,103.16,31.29,143.59,32.97,76.52,29.18,114.31,38.03,30.78,51.74,24.07,272.68,18.01,13.53,141.81,93.98,45.26,1.78,55.0,86.18,54.37,83.82,16.15,421.23,4.83,0.85,294.51,66.41,51.38,55.14,74.29,0,30,82.32,79.39,77.39,80.79,0.0,"Excellent design, works smoothly.",1
2068,34.37,434.38,3,7,21660,175.81,8.21,186.65,208.15,303.27,47.36,40.66,159.63,93.63,58.06,68.55,146.28,153.92,366.4,44.82,84.44,8.52,112.69,105.44,47.6,119.53,313.95,36.36,6.51,24.82,326.42,98.17,175.25,72.39,19.26,131.64,242.39,12.26,178.57,17.93,116.6,260.07,99.7,111.66,81.49,130.24,76.5,13.9,67.34,75.87,375.5,68.31,65.91,169.89,285.23,135.67,4.7,85.72,124.74,163.21,11.78,10.29,40.54,30.82,24.26,20.23,36.5,15.51,60.31,35.84,154.55,161.15,35.03,123.97,6.21,34.95,245.51,15.27,35.81,150.54,28.95,74.86,98.2,66.58,7.07,521.66,292.94,45.08,196.08,334.6,27.73,60.16,326.97,31.04,253.18,0,73,114.69,105.17,120.42,116.55,3.87,Did not meet my expectations.,1
2069,18.98,716.93,4,7,672,47.11,152.97,69.73,265.71,115.61,156.36,148.73,32.62,3.51,358.91,38.78,22.09,47.35,41.88,12.55,16.71,66.16,55.77,103.38,8.01,2.07,15.28,56.84,162.54,22.99,49.39,70.96,61.47,63.6,85.42,20.9,10.58,59.45,161.37,41.78,239.74,1.33,493.18,164.45,148.22,93.42,19.63,61.76,123.09,9.44,71.46,151.75,15.93,46.03,50.06,78.31,5.38,119.62,46.27,56.12,125.32,55.49,16.9,116.9,51.49,7.47,140.75,14.18,22.89,192.63,210.4,128.48,66.94,42.97,22.93,20.55,22.58,36.47,318.13,9.8,52.1,24.17,114.16,61.94,45.71,102.54,10.23,110.36,183.22,42.94,93.04,184.23,33.49,21.81,17.62,1,21,81.83,83.25,78.48,78.49,0.0,"Not satisfied with performance, too many bugs.",1
2070,36.27,0.0,2,9,24018,37.28,48.15,2.72,16.13,386.51,234.86,22.67,90.25,62.62,41.52,58.84,236.62,498.57,44.89,212.96,6.65,56.65,150.0,117.22,97.94,89.68,59.56,253.26,405.2,44.74,144.83,65.89,20.98,398.56,162.1,159.39,108.91,11.14,11.17,49.99,125.75,54.87,132.32,50.46,45.23,262.03,6.07,12.83,88.35,26.57,76.01,50.29,21.31,157.74,39.26,21.5,2.51,149.14,3.98,255.28,180.34,4.21,61.91,6.62,147.22,41.47,150.45,340.23,74.9,26.15,161.87,163.19,23.74,42.56,96.58,7.16,7.56,7.51,110.13,203.06,163.62,10.54,191.7,6.71,75.46,105.08,3.53,105.73,106.66,22.85,37.95,41.82,19.16,3.04,26.31,1,64,97.41,102.08,135.6,79.22,56.37,"Fantastic app, highly recommend!",1
2071,14.43,694.03,1,1,11091,9.61,42.58,15.45,25.18,121.73,116.63,50.69,99.15,126.56,210.5,295.9,43.38,7.99,0.25,378.85,48.03,89.87,98.9,206.05,2.94,13.85,12.58,4.1,79.31,139.34,1.37,7.29,187.43,13.72,33.32,124.87,22.44,159.26,373.29,52.8,55.52,119.98,22.02,127.12,252.91,72.51,184.97,82.23,131.41,5.67,13.56,14.42,30.02,150.22,108.0,25.34,57.09,392.28,40.94,37.69,37.41,14.34,134.83,26.67,154.75,122.04,43.05,176.7,158.66,149.89,154.48,54.82,174.53,164.62,351.42,367.02,103.22,46.28,82.16,99.43,24.19,5.6,141.76,32.49,33.3,45.97,225.06,102.08,7.78,161.4,51.88,6.98,126.96,32.27,216.21,1,23,99.66,94.33,82.75,115.41,0.0,Great customer support and easy to use.,1
2072,65.83,167.15,2,9,25404,8.8,190.07,13.1,118.37,143.43,5.36,104.46,3.73,14.42,72.89,101.69,100.02,175.61,56.09,206.72,246.94,61.0,247.75,71.99,1.33,67.79,118.04,24.09,67.68,181.73,141.81,130.21,99.02,67.35,91.87,12.15,160.22,72.92,141.39,88.48,6.09,155.25,74.02,15.86,14.23,63.85,139.71,94.93,78.46,109.19,37.62,50.42,28.42,118.78,4.33,63.29,183.49,147.95,221.61,13.2,50.86,6.04,183.58,17.07,20.45,25.7,62.74,172.18,25.67,14.38,126.75,12.38,202.79,92.7,133.18,92.85,450.94,363.62,12.08,73.71,39.16,14.32,3.46,127.82,11.04,151.14,70.0,12.36,43.47,357.3,11.83,183.46,100.34,42.49,256.45,0,40,95.48,86.4,97.78,109.54,0.0,"Too many crashes, needs urgent updates.",1
2073,24.34,469.43,4,8,9599,48.19,246.95,166.07,93.6,19.72,140.03,77.21,158.96,37.84,180.7,59.62,103.71,63.42,13.97,48.02,110.68,88.36,0.34,14.09,3.83,59.63,222.9,183.2,238.99,86.98,59.35,55.33,56.46,11.97,33.38,59.51,116.15,10.91,2.26,118.84,203.06,59.64,2.11,111.31,181.25,50.81,166.14,74.62,60.55,23.19,39.07,54.55,33.0,204.1,22.24,1.54,93.58,1.57,165.7,20.87,65.65,55.65,96.03,93.05,41.67,25.92,35.39,252.02,27.85,41.61,32.18,16.57,81.3,13.08,145.22,120.18,158.49,148.77,80.19,65.92,83.31,148.57,64.51,99.06,113.98,90.44,74.28,164.55,20.61,39.99,46.73,117.12,127.19,134.81,10.18,1,88,83.25,62.92,89.45,86.0,3.45,"Good experience overall, but UI can improve.",1
2074,29.24,248.68,7,0,1103,162.25,238.94,125.4,36.43,22.62,121.33,7.11,6.92,27.96,29.73,207.67,71.55,293.76,295.62,160.34,93.03,27.91,124.17,46.88,13.96,184.96,42.76,117.84,161.8,55.76,36.03,52.95,461.42,101.87,84.39,88.61,0.01,1.62,24.02,74.73,1.64,15.14,106.94,41.77,64.55,93.64,221.91,25.18,44.08,36.18,210.73,210.53,104.65,1.35,249.11,141.84,32.41,7.17,288.66,206.21,8.21,137.94,150.45,75.84,67.66,146.83,475.73,23.42,53.26,624.21,320.21,125.89,225.76,23.33,353.97,23.45,125.36,93.7,194.29,1.95,309.43,22.29,74.11,224.89,126.15,2.63,29.13,5.96,95.59,8.29,96.34,142.36,39.16,48.97,147.25,1,18,114.78,115.81,113.78,139.46,0.0,"Fantastic app, highly recommend!",1
2075,56.66,521.37,6,6,15349,83.34,431.56,54.6,31.74,28.43,171.21,28.52,51.71,342.38,104.5,35.43,67.07,444.95,54.89,20.33,80.09,38.01,44.13,51.68,9.0,50.32,203.45,117.42,21.92,346.56,29.39,312.91,356.77,53.05,22.47,132.07,40.82,66.77,392.99,61.11,136.49,102.08,50.34,263.49,102.36,13.13,18.28,260.95,87.84,22.31,26.23,66.19,211.46,29.77,22.92,71.26,176.98,127.37,320.07,49.95,43.92,190.1,47.5,176.36,5.65,47.43,12.27,55.81,73.52,49.5,31.66,60.09,50.29,26.81,73.09,88.43,92.15,207.93,146.13,216.35,193.99,217.28,99.92,28.15,47.15,72.16,101.51,34.55,422.6,68.27,14.28,38.09,168.67,99.88,161.66,1,11,111.16,107.64,122.93,99.99,22.94,"Average app, could use more features.",1
2076,17.14,290.99,8,6,7445,265.71,4.51,310.78,206.89,14.05,167.5,215.41,87.35,29.66,93.64,30.6,110.66,14.55,36.53,168.87,156.91,27.79,89.46,97.11,68.07,8.79,111.09,156.25,366.86,11.53,25.9,4.62,210.4,72.69,233.57,74.32,65.3,119.99,11.97,75.77,22.48,359.3,6.34,27.09,146.18,164.61,18.85,201.44,52.07,169.11,20.17,66.32,70.62,106.44,102.95,19.44,182.94,16.2,138.93,30.61,7.39,92.24,5.61,196.75,123.2,56.52,50.59,346.61,241.29,131.73,41.71,25.01,124.77,205.74,29.83,70.76,37.23,107.07,17.7,154.0,194.9,319.63,98.65,26.76,2.36,51.5,30.36,103.94,193.03,28.85,39.01,130.04,18.42,4.28,96.77,0,30,100.79,89.45,113.26,99.3,13.96,"Average app, could use more features.",1
2077,38.4,431.68,3,3,4576,37.15,4.36,65.96,54.06,38.65,15.27,84.8,12.9,366.96,128.32,45.79,44.18,18.45,95.6,27.53,109.29,287.31,138.99,33.79,89.02,143.93,69.47,163.92,92.69,84.73,70.93,141.94,5.93,223.99,189.46,18.37,60.53,70.56,31.4,100.33,42.22,10.56,35.51,232.22,191.63,145.45,352.85,82.14,15.69,118.94,436.58,64.7,43.97,37.74,28.08,0.76,330.66,83.61,137.49,35.21,61.71,289.67,12.52,39.51,101.76,14.09,104.9,6.64,54.28,61.66,55.56,125.22,36.53,310.7,26.41,116.83,0.25,187.5,283.03,270.85,21.42,25.36,7.69,44.54,149.4,102.7,6.04,518.13,240.99,103.51,664.14,63.81,268.8,52.65,24.98,0,75,111.63,120.72,96.18,131.62,0.0,Did not meet my expectations.,1
2078,31.11,286.63,2,2,14883,477.98,16.62,31.69,259.1,285.28,340.58,19.26,179.6,19.64,8.28,17.92,18.88,40.68,245.8,45.12,26.13,103.88,183.1,10.34,9.13,37.87,297.88,195.46,4.91,107.63,55.12,188.69,36.15,244.12,276.84,149.59,109.42,133.32,50.1,271.19,60.47,26.57,36.64,7.04,106.17,403.72,134.11,1.51,38.44,39.66,74.56,106.71,61.55,176.01,253.24,10.99,135.22,0.82,26.53,18.13,97.74,208.12,29.12,136.73,126.71,268.42,66.95,252.66,40.06,212.18,21.74,19.09,130.52,0.99,117.86,6.45,192.09,4.05,31.22,5.13,60.98,40.76,141.39,1.98,54.64,8.01,116.9,45.32,43.92,149.9,117.75,60.83,24.93,110.04,58.38,1,25,102.43,101.17,126.12,80.17,45.95,"Average app, could use more features.",1
2079,8.78,200.0,7,8,23647,311.91,223.95,13.76,8.65,98.14,126.27,15.99,268.61,24.89,12.02,27.02,424.45,114.07,106.18,195.53,134.06,77.48,148.09,105.67,308.08,3.41,59.24,91.2,80.13,254.15,19.73,52.6,0.15,6.55,98.82,104.89,8.96,16.98,42.42,48.85,62.04,138.48,119.82,67.99,2.42,236.1,22.0,61.8,8.01,3.62,34.06,11.51,119.52,204.64,98.84,110.85,53.83,126.03,70.13,14.27,82.67,21.42,79.32,63.87,67.53,39.29,159.82,18.39,132.82,28.12,110.82,500.06,87.57,3.93,271.51,176.73,56.32,12.03,58.1,99.92,69.56,138.26,59.53,57.72,213.5,58.94,89.04,183.47,4.12,93.74,14.37,72.69,37.03,236.95,296.81,1,73,98.83,95.5,113.69,112.7,0.99,Great customer support and easy to use.,1
2080,29.98,0.0,8,0,25224,12.18,70.26,353.16,150.89,185.23,9.63,87.13,63.67,250.38,63.78,223.72,1.21,6.62,91.41,44.56,13.78,80.81,159.56,64.19,8.36,8.88,93.15,40.63,92.31,136.03,8.37,5.47,311.46,5.44,130.9,98.95,102.58,91.33,42.57,16.0,51.9,191.07,238.23,156.54,13.53,123.21,79.66,78.28,14.81,214.75,0.38,73.7,106.51,64.7,195.6,45.48,39.2,177.19,295.85,98.1,80.46,173.44,130.04,24.63,38.68,17.47,154.17,23.76,61.06,364.06,36.14,116.69,63.4,59.1,22.02,145.11,95.11,18.5,41.11,18.66,22.45,6.25,92.15,37.6,18.66,39.97,48.77,259.02,51.48,232.84,131.34,21.67,4.22,142.61,78.31,1,65,91.71,83.56,92.44,80.79,11.65,"Excellent design, works smoothly.",1
2081,31.24,623.12,1,4,13973,21.69,55.86,129.1,2.45,263.43,1.08,75.38,27.48,15.6,228.39,36.98,91.16,32.01,170.74,210.83,88.77,140.77,95.39,13.27,86.13,34.07,168.04,50.16,133.94,31.32,46.44,131.5,48.99,3.92,258.0,226.68,16.4,167.77,15.94,48.95,7.26,3.18,92.78,62.22,30.46,359.13,170.43,4.1,25.17,73.55,240.47,207.77,32.51,26.17,83.91,102.73,18.52,18.35,162.44,27.51,22.29,110.75,29.62,7.66,255.28,144.48,71.2,6.85,107.83,24.26,47.26,247.18,1.8,22.92,64.43,100.74,15.72,228.27,216.33,127.73,129.31,16.5,3.78,112.36,176.74,88.09,35.7,129.11,52.73,101.81,168.38,222.9,85.13,53.72,152.36,0,42,92.21,80.36,89.76,98.52,0.0,"Affordable and reliable, worth it.",1
2082,17.63,566.54,10,7,3246,65.16,223.46,64.19,16.99,22.43,5.85,201.71,69.64,24.12,134.04,87.79,28.59,465.69,24.96,52.64,74.39,66.37,6.82,120.75,144.57,13.07,16.66,53.36,122.87,382.96,165.02,29.9,186.27,159.0,49.44,28.19,76.54,85.91,27.37,39.99,1.51,162.43,119.21,57.01,24.36,97.82,122.43,4.89,54.72,153.64,31.34,24.09,168.12,235.52,162.47,179.32,6.94,67.96,10.38,110.31,102.77,9.84,397.92,78.07,117.11,8.64,119.93,159.42,234.74,18.62,100.75,58.24,121.85,67.21,7.33,19.22,149.95,39.47,135.24,110.53,81.94,217.92,138.99,55.0,137.82,13.61,179.32,108.03,116.96,58.71,91.53,167.49,119.27,52.44,233.33,0,73,99.56,86.3,102.62,104.12,0.0,"Very useful app, helped me a lot.",1
2083,15.49,401.55,5,4,10309,6.79,251.2,28.96,68.58,11.3,82.34,96.45,34.67,31.75,34.18,325.88,14.88,195.61,188.12,289.44,64.05,52.8,116.7,6.1,345.98,69.86,58.93,118.1,21.11,47.79,77.31,248.52,29.1,65.25,6.09,3.61,66.02,43.09,47.39,114.03,93.42,192.33,65.92,84.35,34.78,36.85,106.21,405.17,275.24,38.45,10.94,26.22,117.53,6.05,12.09,52.03,72.85,35.35,38.86,82.65,139.85,38.1,96.59,5.42,17.68,40.87,55.94,32.7,155.38,152.79,25.71,49.54,83.74,18.8,64.87,80.8,139.95,9.15,3.91,204.97,1.64,45.88,51.66,439.67,107.42,106.62,80.08,108.54,266.15,53.97,143.2,38.1,48.97,29.29,26.92,0,80,89.05,91.21,99.6,88.91,10.69,"Not satisfied with performance, too many bugs.",1
2084,31.7,848.48,7,1,4733,150.05,44.43,56.83,188.98,19.0,40.19,112.74,190.23,264.31,42.74,134.5,247.35,2.51,141.1,226.52,58.84,104.15,106.4,144.28,85.5,89.36,48.06,192.34,14.51,36.42,213.11,3.14,23.77,326.18,335.21,182.26,65.15,37.96,84.27,155.42,76.58,233.15,56.63,140.53,127.18,168.49,117.01,29.64,32.54,111.75,8.9,290.27,97.15,21.93,103.96,66.99,85.72,73.78,54.51,158.88,156.37,286.53,37.45,45.52,118.76,194.2,195.19,83.48,18.46,249.38,0.51,154.44,192.54,65.24,94.8,138.37,71.78,208.1,61.69,24.48,169.14,517.17,32.68,233.98,175.96,102.0,98.3,12.71,316.89,22.69,26.13,160.21,248.15,175.61,107.05,0,67,122.44,93.16,121.42,138.38,0.0,"Affordable and reliable, worth it.",1
2085,41.28,705.66,5,8,24855,116.15,46.42,36.36,102.97,134.68,2.62,170.86,39.66,22.72,75.1,75.45,12.55,25.47,23.71,21.61,4.91,339.81,9.79,19.54,132.01,28.14,121.2,22.77,48.7,9.54,4.14,56.58,7.12,113.34,15.77,23.16,20.43,39.18,65.99,125.1,530.87,301.08,70.75,10.63,104.02,21.49,179.12,38.97,51.42,157.94,86.76,282.26,83.58,438.63,101.35,64.02,44.3,106.44,41.42,106.12,164.49,11.32,11.2,93.7,65.87,512.88,8.48,209.75,3.57,17.52,12.44,160.01,6.84,227.35,140.45,159.49,92.83,64.35,225.36,118.52,219.53,186.87,22.83,26.04,49.42,138.8,1.97,42.4,3.53,102.81,90.46,192.88,57.72,41.01,70.58,1,24,94.31,104.33,61.32,106.89,0.0,"Affordable and reliable, worth it.",1
2086,43.39,290.15,6,9,13575,48.28,56.51,57.78,506.32,121.71,202.73,10.85,8.67,1.91,116.18,1.79,41.69,294.63,40.38,64.11,3.44,30.78,15.16,58.7,41.42,78.49,171.0,76.29,79.49,272.91,82.88,172.71,136.22,178.56,146.09,40.0,109.18,10.67,56.64,76.09,192.79,108.44,156.41,173.82,76.94,197.86,130.74,90.97,50.61,37.34,42.28,45.19,15.0,192.01,37.22,19.35,100.62,124.19,89.05,125.1,4.25,101.3,216.3,249.5,58.93,46.7,181.91,28.84,78.09,286.22,9.09,6.25,53.56,39.73,19.87,96.62,25.46,108.23,58.01,102.62,14.14,38.77,52.15,120.64,40.29,163.33,6.64,68.39,23.83,243.42,193.55,153.43,111.62,180.73,77.65,0,22,96.4,83.89,103.92,87.66,16.26,Great customer support and easy to use.,1
2087,29.48,698.22,9,2,7101,163.46,282.76,63.07,591.28,9.05,73.23,125.24,181.07,46.61,14.81,9.19,35.06,20.43,12.72,24.2,3.03,7.16,203.08,115.6,0.17,295.81,138.3,268.06,31.67,42.97,114.89,57.43,93.5,100.69,33.09,151.07,216.69,47.86,25.71,17.96,168.98,5.28,29.65,108.81,57.69,18.76,29.19,231.03,90.23,44.99,65.68,7.97,57.37,8.86,142.65,60.77,6.69,77.88,159.52,66.67,394.97,544.36,41.85,27.55,23.65,17.12,69.77,128.18,4.52,8.2,130.54,337.91,266.0,67.84,25.01,5.21,50.07,127.48,71.54,19.57,122.3,87.14,44.19,55.22,28.73,2.2,210.2,0.14,100.04,174.23,247.62,91.2,169.87,85.27,40.29,0,54,98.62,110.32,105.25,92.92,12.33,Great customer support and easy to use.,1
2088,1.39,909.68,1,0,12032,129.0,51.69,24.15,259.21,13.02,3.46,44.81,43.04,57.64,44.52,257.74,46.83,15.44,177.84,93.86,27.57,66.35,100.32,62.75,51.91,28.37,120.78,100.78,84.96,48.58,2.23,114.83,94.01,48.96,43.96,65.98,5.85,136.01,622.01,5.55,167.16,72.41,220.04,18.69,50.49,3.29,6.85,233.98,100.86,106.04,31.29,33.13,266.57,0.72,181.66,224.27,213.12,38.59,312.93,82.79,21.15,48.17,68.4,138.09,33.21,73.4,28.69,27.73,34.79,17.87,53.67,53.46,64.29,61.34,74.23,59.27,140.32,147.42,17.96,14.33,195.7,40.41,91.31,11.87,200.85,105.47,102.39,25.8,247.73,144.17,18.41,179.34,36.52,134.13,2.05,0,41,90.81,92.57,75.29,80.16,0.0,"Good experience overall, but UI can improve.",1
2089,25.01,349.75,8,3,3108,75.03,36.29,200.85,257.68,47.46,100.37,2.12,117.97,54.52,79.73,16.26,184.14,137.56,69.05,187.04,254.87,302.52,116.73,24.37,114.34,56.05,27.54,8.49,12.34,15.84,78.85,27.92,25.62,12.51,182.27,221.0,32.18,39.71,60.74,17.23,44.44,60.02,239.56,83.92,9.47,285.16,56.86,55.44,165.91,65.63,6.58,139.66,270.37,266.19,191.02,202.29,47.03,46.74,18.6,22.82,107.39,14.3,200.51,26.31,37.81,24.9,434.43,96.48,20.43,49.91,37.55,71.12,206.2,76.66,25.39,34.27,19.99,282.05,21.23,41.22,47.89,22.59,99.88,533.5,15.21,8.63,277.09,115.52,13.39,141.23,59.7,23.25,205.69,144.96,127.06,0,20,101.54,101.13,94.21,109.25,0.0,"Average app, could use more features.",1
2090,58.91,793.72,6,7,11607,17.88,106.87,124.54,166.8,64.16,26.9,44.59,11.25,82.78,40.01,13.95,157.93,50.67,144.49,75.86,34.7,295.1,238.36,379.44,2.35,162.43,33.45,29.79,9.74,17.28,51.76,42.11,2.13,23.15,7.65,267.47,68.13,16.46,72.51,6.24,142.23,30.45,96.62,23.67,61.3,20.14,28.93,78.04,111.67,83.51,38.09,106.41,130.48,59.73,170.46,91.65,184.06,136.84,153.22,44.25,17.79,219.73,206.44,37.22,50.23,26.02,92.52,212.36,206.93,63.12,69.23,103.35,10.75,11.88,257.65,104.52,66.83,54.83,47.82,19.16,34.62,5.42,28.49,204.6,32.05,11.02,62.56,25.69,16.66,167.51,32.34,257.63,138.54,198.94,45.54,0,41,86.9,79.3,81.94,86.95,0.0,Did not meet my expectations.,1
2091,16.2,552.37,5,5,25754,61.68,201.68,5.21,12.58,190.3,103.24,217.82,8.52,11.6,137.85,21.49,49.12,6.02,27.78,33.53,72.97,38.69,117.63,16.72,108.68,326.44,72.81,68.88,59.4,7.19,309.36,14.48,76.96,89.84,260.49,18.69,261.1,58.9,148.96,124.08,1.7,140.29,210.78,150.43,103.97,78.1,131.42,9.63,107.88,5.21,98.82,110.49,41.89,59.96,114.56,12.92,19.22,39.96,79.75,84.29,147.19,34.01,24.89,78.05,226.47,8.71,124.75,83.39,115.63,15.34,123.28,244.59,145.36,21.24,107.69,15.19,189.86,246.18,149.4,208.31,151.37,182.03,295.0,37.55,43.99,157.76,85.84,114.11,146.76,180.51,125.58,138.49,56.82,0.46,23.14,1,24,99.9,79.31,90.97,117.94,0.0,"Fantastic app, highly recommend!",1
2092,31.24,414.34,4,5,28292,42.59,31.15,27.58,59.07,21.84,122.33,44.94,24.44,7.68,379.55,39.74,81.12,2.99,527.44,36.75,166.99,276.34,51.46,147.06,18.63,6.71,7.94,38.21,27.19,181.76,28.9,14.99,13.63,87.13,100.5,107.17,123.27,10.97,88.75,153.2,33.75,372.31,50.74,51.26,50.91,268.49,48.54,25.23,54.27,1.19,58.92,36.83,133.09,146.64,44.38,195.35,221.98,175.39,28.56,28.93,111.66,71.95,14.74,137.48,167.38,14.79,88.95,308.58,165.63,149.61,23.31,2.93,35.52,15.34,240.34,16.78,18.85,102.12,83.85,105.19,123.29,49.9,216.69,11.3,37.45,46.59,206.91,124.14,12.99,3.25,150.95,208.8,36.28,318.43,90.87,0,89,96.0,98.39,87.22,100.32,0.0,"Affordable and reliable, worth it.",1
2093,49.2,0.0,5,3,27501,16.23,55.94,9.34,109.38,203.18,679.35,0.54,101.12,63.6,29.77,266.4,240.0,5.22,21.97,20.39,37.57,148.68,54.25,169.47,3.08,104.21,18.8,71.99,301.5,256.8,29.53,78.18,17.64,1.85,69.74,47.56,370.42,18.08,109.46,380.55,176.95,8.62,111.95,434.02,14.77,125.48,81.07,10.73,82.59,155.89,10.69,85.62,34.78,46.09,146.78,220.73,163.96,7.19,32.87,82.11,337.31,136.09,351.57,138.18,3.05,155.04,47.19,217.6,6.16,382.37,6.3,128.07,139.61,72.4,186.93,11.26,9.82,146.17,295.18,52.21,452.68,92.31,191.22,2.49,83.49,64.02,53.35,95.68,37.21,22.4,79.69,186.66,115.79,113.45,51.09,0,13,117.87,123.78,106.19,116.6,0.0,"Too many crashes, needs urgent updates.",1
2094,40.68,500.18,9,1,17778,13.56,103.36,91.74,16.19,40.34,65.5,25.94,123.77,132.09,3.88,169.36,83.02,167.29,60.78,364.77,108.34,87.01,82.26,246.84,2.18,96.83,55.08,243.89,80.76,22.81,417.09,162.21,42.51,114.77,37.86,141.79,49.11,93.11,28.11,211.16,40.87,16.34,99.56,168.18,200.18,80.57,131.98,61.19,149.19,58.8,83.32,52.97,54.02,31.36,29.81,24.61,7.99,45.23,127.64,36.35,47.0,77.73,84.21,14.93,189.02,13.67,138.7,13.49,37.49,73.0,18.31,43.41,64.61,69.17,54.37,146.59,121.96,10.57,10.17,32.71,270.61,58.12,55.38,4.84,128.51,3.78,9.24,7.5,47.56,304.24,36.39,45.42,194.73,226.08,135.32,0,80,89.71,81.23,108.73,79.2,29.54,Did not meet my expectations.,1
2095,18.02,652.67,6,8,11742,17.05,349.68,46.22,3.27,345.95,366.44,26.4,631.13,24.49,44.19,140.55,299.52,23.57,49.38,78.47,38.67,22.74,87.79,100.23,345.89,84.9,54.81,148.21,90.41,33.32,34.86,42.53,30.21,43.21,149.94,57.42,385.0,232.18,156.12,36.47,145.02,48.3,31.06,314.53,243.48,117.73,121.61,63.61,22.6,35.39,123.27,424.84,80.72,154.36,143.46,380.41,138.23,37.06,143.93,49.92,37.39,195.98,57.95,2.61,213.11,22.59,72.95,23.77,66.03,3.45,56.59,41.91,194.48,75.47,80.66,65.68,27.93,9.59,76.72,15.54,24.81,0.74,129.89,166.61,257.88,40.37,81.24,63.88,5.91,41.53,17.17,52.52,31.8,172.78,166.73,0,13,111.5,116.69,125.13,69.57,55.56,"Not satisfied with performance, too many bugs.",1
2096,41.32,617.85,9,8,18563,68.12,101.59,172.77,45.53,125.13,66.11,114.85,37.87,52.05,13.0,170.1,49.85,87.45,304.13,134.58,18.02,285.59,134.39,26.6,45.9,332.25,112.2,221.58,298.46,242.3,1.8,84.92,49.99,79.71,10.43,0.4,7.63,45.86,202.04,22.3,12.09,98.24,60.51,171.37,36.87,163.41,164.74,35.53,12.63,145.48,99.34,53.34,115.22,361.7,202.09,26.27,6.96,62.2,19.42,22.44,44.48,47.06,146.89,23.1,77.14,67.39,85.3,68.77,196.92,86.0,4.53,102.41,66.86,204.42,113.97,19.78,108.2,61.01,11.92,9.84,5.35,142.29,166.07,78.15,40.6,67.3,52.91,63.97,141.49,84.86,26.07,21.79,68.33,123.63,63.77,0,34,92.53,79.56,116.24,78.46,37.78,"Affordable and reliable, worth it.",1
2097,19.17,643.71,2,1,3432,114.62,29.84,38.41,54.83,51.49,158.06,1.75,34.28,79.44,112.4,69.01,262.08,92.35,240.47,80.27,49.88,49.26,35.82,36.84,120.84,106.6,274.59,71.86,19.9,73.94,234.3,254.19,184.19,165.52,81.79,131.13,27.12,23.46,31.65,64.14,7.65,6.0,46.47,17.32,14.42,87.93,81.18,8.45,116.15,33.63,144.15,6.8,20.87,180.23,44.41,264.94,91.53,58.03,92.62,140.33,10.47,139.73,87.13,125.97,119.07,261.59,5.65,98.44,4.7,286.82,68.49,155.91,562.28,122.96,161.57,51.55,34.63,56.91,66.42,102.8,28.15,156.61,53.91,61.93,98.26,44.76,213.85,242.04,79.98,35.12,2.86,72.87,83.79,172.4,11.32,0,45,97.78,88.49,105.96,113.29,0.0,Did not meet my expectations.,1
2098,56.42,940.01,5,5,10635,58.67,196.46,66.78,175.03,4.33,212.04,19.02,87.8,117.36,37.85,13.21,215.79,374.77,9.3,94.66,81.11,76.85,58.85,34.56,53.65,60.14,1.04,47.47,53.33,17.15,361.83,37.31,134.07,128.87,4.96,139.3,2.02,12.03,86.64,61.45,86.53,40.6,129.53,17.97,164.09,195.74,2.93,2.67,227.86,18.64,20.51,64.44,194.09,190.32,59.24,114.25,74.76,618.31,207.37,20.52,325.38,158.65,292.54,279.51,23.18,11.86,185.75,61.99,34.35,39.54,168.88,13.31,39.43,35.06,81.69,20.86,197.18,54.22,7.27,244.52,118.2,38.67,12.59,48.35,141.98,234.15,44.84,2.01,344.29,157.47,23.35,114.84,6.87,137.7,46.92,0,15,103.71,106.49,94.48,88.94,5.54,"Average app, could use more features.",1
2099,33.88,767.05,1,7,11667,72.12,135.41,258.73,35.66,146.14,5.54,98.59,69.03,145.96,364.42,332.45,146.79,223.81,147.54,11.7,105.91,84.99,166.57,39.95,26.6,8.95,19.25,36.2,141.86,124.82,6.87,224.26,28.18,283.48,155.1,187.39,88.78,85.98,169.76,119.25,67.66,33.99,150.23,13.02,11.7,142.98,43.13,30.53,37.17,89.0,165.31,20.09,121.41,170.93,31.93,116.95,99.28,84.64,148.31,33.26,150.35,7.83,142.58,228.69,1.53,151.73,13.99,40.12,203.49,32.65,60.11,122.4,117.91,162.69,109.48,369.24,110.34,33.23,19.19,60.49,207.06,110.06,44.01,189.43,155.8,15.23,14.65,214.27,36.56,173.17,278.11,221.85,22.88,26.89,190.67,0,33,110.54,85.3,121.56,116.92,4.64,"Too many crashes, needs urgent updates.",1
2100,25.45,423.01,4,9,25428,92.97,1.47,23.92,112.33,73.46,249.3,15.92,84.4,17.1,63.9,37.41,155.4,1.98,132.69,72.5,32.76,24.75,180.15,32.88,173.8,54.04,129.12,76.76,3.76,46.88,177.5,138.99,317.47,10.02,0.46,207.35,30.48,79.95,89.11,26.98,71.24,3.47,167.02,73.44,47.2,31.77,35.85,26.31,144.73,36.8,29.13,112.7,145.53,540.01,155.6,49.98,247.91,48.27,16.08,255.01,285.94,48.21,192.06,267.68,333.48,97.88,46.9,5.54,106.83,20.45,17.52,10.1,104.85,80.67,33.35,292.52,40.49,48.26,295.76,201.21,275.6,41.75,2.5,58.78,27.12,245.22,184.83,80.25,20.15,261.55,48.76,11.8,204.05,91.96,205.52,1,63,105.51,100.55,84.47,105.41,0.0,"Fantastic app, highly recommend!",1
2101,51.88,483.62,8,4,28197,0.16,31.34,278.73,54.69,395.77,17.94,53.89,144.51,156.49,283.52,81.85,18.83,70.0,241.83,434.88,9.64,4.73,3.61,63.9,16.86,29.62,5.53,77.15,205.38,60.8,40.04,86.11,5.55,307.52,83.29,84.82,56.49,375.08,30.78,20.4,91.83,97.93,58.37,95.76,216.83,66.24,40.95,30.64,22.3,4.88,101.84,37.28,135.47,154.63,232.94,8.28,29.28,115.36,125.43,166.54,93.36,280.28,0.45,67.91,30.19,60.31,257.96,105.93,146.25,185.76,43.05,74.38,35.91,64.81,26.03,15.63,120.32,4.42,51.05,282.92,42.46,60.05,47.54,140.98,51.7,90.27,216.77,123.48,37.04,52.06,96.43,126.6,168.68,28.32,87.41,0,64,99.79,94.86,108.8,94.82,13.99,"Average app, could use more features.",1
2102,36.28,962.14,3,6,8201,125.19,11.34,30.55,26.25,136.08,2.74,166.95,101.5,97.01,57.88,113.03,23.83,11.42,63.5,34.56,145.24,31.86,23.26,219.55,15.13,226.96,81.5,33.98,80.59,28.68,255.43,101.17,31.19,58.53,69.01,12.69,146.24,57.63,6.66,57.82,145.61,72.0,45.04,7.73,74.32,42.33,87.71,150.5,84.15,8.55,217.23,29.94,52.15,6.43,45.69,103.15,18.94,107.88,102.08,18.96,80.25,199.68,140.25,142.77,29.75,74.78,51.83,94.06,37.52,43.98,21.88,237.07,45.14,74.21,259.38,150.4,22.71,36.31,34.66,271.5,148.07,41.31,92.26,39.4,101.79,148.31,27.33,46.69,18.16,136.96,10.35,10.87,20.55,29.19,29.64,0,39,78.38,65.99,80.13,78.54,1.59,Great customer support and easy to use.,1
2103,32.54,57.46,5,0,14229,59.69,27.49,2.58,177.77,38.63,89.17,68.19,45.33,19.53,338.02,68.35,340.72,50.38,167.39,40.91,21.68,315.12,32.0,8.74,254.27,25.2,150.39,22.62,92.55,131.81,39.9,208.34,81.11,259.6,3.38,87.6,52.56,17.16,71.98,92.05,36.68,22.15,108.88,2.02,103.46,11.9,169.34,101.68,162.97,124.95,417.45,68.37,42.94,12.72,43.12,59.38,6.25,21.34,238.59,92.05,61.25,92.94,54.78,94.38,7.0,75.86,141.84,70.27,248.4,81.01,41.76,41.68,145.12,354.43,88.69,246.59,110.97,84.22,98.16,37.8,0.61,167.24,81.06,43.78,34.37,230.61,118.21,59.44,129.0,33.81,26.54,123.45,49.15,111.29,12.99,0,30,97.19,89.19,106.03,102.95,3.08,Did not meet my expectations.,1
2104,30.11,796.47,7,8,17798,81.48,30.32,77.84,20.98,241.53,67.49,35.43,131.09,203.27,19.96,239.27,236.9,3.25,44.48,41.33,68.97,31.93,91.36,43.93,358.32,192.67,128.36,125.03,40.52,3.12,23.31,86.24,219.07,57.3,138.82,29.08,182.04,12.32,276.62,52.41,12.11,24.83,17.18,23.07,188.31,36.65,166.38,4.57,12.92,13.88,27.04,61.97,31.65,184.16,193.29,73.72,117.77,242.2,178.31,73.13,28.31,37.73,20.79,54.36,105.7,566.22,161.05,97.76,55.87,23.68,18.29,5.62,27.37,93.54,88.38,38.05,216.97,21.66,152.25,79.16,7.41,69.89,18.21,254.75,57.34,275.96,102.75,192.26,24.44,30.65,81.24,7.66,413.83,110.41,182.11,1,26,100.45,100.35,102.79,115.82,0.0,"Not satisfied with performance, too many bugs.",1
2105,17.53,474.52,10,2,25134,1.94,139.74,19.03,116.44,113.33,22.84,43.58,88.15,16.37,27.25,15.86,101.98,25.69,14.21,141.95,101.52,86.22,18.77,55.9,83.92,24.83,228.72,17.87,39.62,143.27,294.58,6.86,38.62,35.68,180.19,326.92,106.18,54.17,14.42,111.21,131.26,67.8,1.14,18.15,134.1,67.06,18.73,217.57,19.51,105.19,212.47,6.32,111.35,306.73,5.68,171.08,10.12,39.81,13.65,271.48,174.55,120.56,83.87,304.25,32.5,360.84,5.06,23.98,79.1,115.61,197.15,49.05,172.93,26.87,42.6,210.1,156.06,84.97,14.93,121.99,208.31,46.58,55.39,10.83,142.74,44.8,22.63,38.98,22.15,122.86,44.29,103.51,37.56,108.34,46.6,0,78,91.33,84.03,74.83,90.56,0.0,Did not meet my expectations.,1
2106,37.53,995.91,1,5,17816,410.22,3.81,98.89,32.11,60.14,2.83,12.62,7.66,101.27,17.21,300.83,210.73,8.4,141.04,113.47,52.55,15.49,147.75,25.96,86.28,17.09,32.89,86.71,44.07,95.35,1.73,0.95,249.8,92.38,0.63,56.7,118.52,37.16,3.87,161.97,109.56,2.68,484.12,53.67,180.65,220.98,237.45,56.09,15.51,147.4,46.21,151.93,154.19,109.51,245.62,101.89,11.46,96.04,48.13,97.88,135.55,57.74,170.72,4.71,0.66,128.02,409.84,369.3,13.42,27.12,105.85,104.52,24.17,106.39,261.84,72.74,71.4,36.66,220.66,23.08,62.7,360.58,103.99,50.24,290.26,387.06,12.08,106.49,157.02,137.93,141.18,206.96,47.97,6.13,142.03,0,47,110.86,107.86,82.36,139.59,0.0,Great customer support and easy to use.,1
2107,5.37,586.02,3,7,25480,88.92,185.9,267.64,284.14,13.64,21.86,34.59,75.64,136.13,146.35,104.68,102.32,39.17,85.01,4.4,125.74,38.8,379.47,155.55,270.35,108.99,46.05,21.91,88.59,164.9,22.34,171.6,334.55,110.61,93.97,162.66,18.59,566.17,52.09,16.82,7.99,391.58,20.18,271.51,81.41,156.86,39.74,43.91,119.73,241.13,99.92,130.82,247.35,95.69,53.91,230.66,165.19,28.4,98.19,202.59,38.1,61.5,22.57,8.61,89.15,22.76,90.78,37.22,33.62,30.28,7.43,145.54,23.86,184.48,197.41,183.63,10.02,23.48,43.6,36.17,67.92,113.99,16.6,39.14,47.94,31.25,86.11,322.17,4.51,14.99,155.41,8.62,61.11,64.1,23.57,1,42,106.83,103.23,124.13,70.92,53.2,"Very useful app, helped me a lot.",1
2108,41.04,33.6,9,1,8011,19.79,39.28,75.03,21.38,57.81,79.87,86.0,28.7,27.11,8.55,154.63,17.72,153.71,84.35,59.27,403.87,6.96,210.79,38.29,17.14,11.39,82.39,188.67,113.16,93.92,222.13,97.41,17.64,158.87,410.47,170.76,411.35,46.22,123.11,6.82,12.12,7.41,88.06,68.08,31.77,6.49,168.29,57.21,125.51,58.13,35.1,79.26,4.17,5.95,14.26,104.5,59.06,15.96,307.05,4.76,59.38,104.62,42.19,280.08,152.2,158.33,306.26,79.16,39.68,197.38,145.85,22.06,66.6,75.07,12.66,217.32,82.39,13.14,208.53,8.32,52.72,38.79,14.01,5.78,20.4,181.71,154.61,70.36,51.75,133.63,141.22,9.44,171.28,125.67,33.07,0,13,94.15,92.95,99.54,94.57,4.97,Did not meet my expectations.,1
2109,16.64,214.93,5,9,20097,1.3,70.1,91.75,115.39,4.62,301.83,51.59,90.62,102.53,19.3,35.5,70.53,47.94,21.05,284.82,34.04,32.88,97.36,48.48,14.16,115.35,6.15,142.38,74.62,41.2,423.75,115.11,50.61,110.27,62.29,62.71,104.21,132.42,62.6,21.95,128.16,39.65,118.21,124.59,85.75,5.69,73.26,380.3,200.52,5.94,259.88,63.17,39.32,218.31,11.93,99.74,36.46,53.71,39.42,240.26,46.81,102.37,47.89,89.98,45.71,224.83,27.59,7.29,102.11,86.26,141.65,327.38,230.53,16.78,56.97,84.61,103.0,172.21,13.33,1.35,235.18,94.28,53.14,2.17,212.21,114.72,119.86,3.05,53.5,51.34,146.43,45.81,13.55,110.99,392.74,0,40,98.48,91.94,89.25,108.16,0.0,"Excellent design, works smoothly.",1
2110,24.67,191.83,1,6,10635,117.19,41.08,24.61,122.62,851.87,232.44,80.21,59.57,38.4,106.76,39.2,58.97,53.92,6.93,69.8,100.57,131.89,17.02,27.24,50.49,72.04,298.66,46.24,194.0,162.19,339.75,16.94,6.69,129.48,50.02,199.77,32.47,127.08,125.67,0.53,53.37,75.5,20.56,74.1,126.08,122.23,430.26,3.9,49.36,73.18,125.73,135.85,29.97,94.87,36.18,257.3,30.9,62.23,29.15,45.53,52.65,298.89,43.78,115.67,25.22,68.07,105.05,281.64,24.31,71.77,273.9,13.35,10.34,149.09,189.55,57.8,274.32,559.37,64.05,199.43,26.64,16.72,88.64,57.82,257.15,48.89,103.73,157.83,249.16,8.43,50.91,12.9,49.74,43.01,638.38,0,66,117.74,138.51,118.23,138.4,0.0,Did not meet my expectations.,1
2111,32.14,596.66,6,7,25799,24.69,8.69,75.41,134.03,352.22,145.05,253.34,53.45,240.98,113.43,11.84,32.14,0.02,12.22,57.55,59.47,66.16,66.71,76.4,297.0,58.04,52.19,14.4,7.33,45.52,15.45,90.47,59.39,267.43,403.1,117.17,95.03,111.66,64.95,20.42,8.59,89.03,29.96,31.95,152.02,39.85,4.83,31.55,110.96,83.27,19.58,56.42,246.56,204.66,107.5,22.86,156.25,204.74,74.43,221.43,86.04,6.91,197.61,87.17,75.04,12.71,365.74,330.65,7.35,79.36,68.27,41.18,103.6,39.87,33.41,9.25,35.55,74.57,96.63,102.72,79.21,332.5,39.22,17.6,31.73,25.51,204.36,89.85,71.79,73.2,64.61,110.15,72.85,100.09,58.17,0,64,95.82,91.41,103.14,92.39,10.75,"Very useful app, helped me a lot.",1
2112,44.31,437.88,6,7,16773,64.59,180.52,103.29,18.7,50.02,77.68,156.45,61.86,80.77,87.99,39.13,130.15,198.75,40.85,40.5,35.81,88.55,50.23,152.42,35.07,20.91,91.55,60.92,130.88,82.2,54.23,20.17,44.33,53.11,25.87,7.57,112.73,207.65,8.82,28.68,129.18,176.98,9.87,59.08,79.29,85.25,2.58,58.64,62.0,104.69,9.85,71.92,171.31,126.3,167.53,50.03,96.81,11.42,135.03,65.67,236.13,189.2,8.93,115.01,21.38,48.71,9.16,178.8,12.69,34.8,169.25,134.83,294.12,271.63,34.08,103.26,130.34,45.62,69.01,18.23,305.24,100.93,168.38,50.89,210.89,24.31,31.41,38.97,444.87,124.04,6.75,57.29,17.8,48.24,176.84,1,58,91.65,78.57,75.92,112.05,0.0,"Affordable and reliable, worth it.",1
2113,16.0,249.5,1,6,7336,80.27,223.78,55.16,28.98,39.89,244.73,227.06,157.16,188.26,248.95,161.26,86.18,0.5,23.5,57.79,162.57,1.48,26.15,72.51,8.95,140.74,41.33,39.56,9.16,62.47,27.15,144.4,42.97,50.01,2.24,67.0,239.09,99.89,45.31,0.8,64.17,37.79,85.59,43.5,16.35,69.68,187.6,119.35,57.29,60.28,210.88,71.03,92.99,122.37,104.03,44.9,135.0,42.31,44.91,67.5,118.69,123.51,194.28,19.65,147.97,421.45,36.38,37.59,6.07,17.5,34.23,9.71,40.79,45.58,18.42,3.38,228.16,23.17,155.2,174.73,22.8,20.29,144.16,181.15,29.58,21.76,81.79,69.55,225.16,82.75,31.71,77.2,5.71,37.77,17.88,0,48,85.45,77.46,88.5,76.72,11.78,"Affordable and reliable, worth it.",1
2114,28.1,515.84,4,8,15147,30.55,48.51,200.05,40.9,5.39,1.88,105.59,122.68,65.56,7.52,12.79,53.36,65.85,88.49,1.08,17.94,92.31,70.72,9.29,26.41,83.88,92.9,294.56,59.69,89.59,115.7,50.98,262.51,97.56,296.47,370.06,434.43,60.66,22.2,76.31,60.42,82.36,4.56,143.33,54.46,133.6,78.89,360.57,27.41,70.61,127.18,42.89,24.5,27.1,71.37,504.67,34.06,80.28,104.99,250.96,64.57,10.54,21.53,47.76,170.1,192.61,41.94,242.08,97.03,2.02,121.06,12.71,9.34,198.26,78.72,69.05,129.01,88.46,70.58,33.17,151.37,41.31,38.65,3.63,25.14,103.77,18.84,127.71,24.18,74.24,20.78,35.03,90.53,58.57,127.68,0,46,93.34,96.39,83.69,77.58,6.11,"Affordable and reliable, worth it.",1
2115,59.56,405.34,1,2,784,153.36,37.34,66.68,185.67,60.42,37.69,67.02,81.74,139.64,226.05,245.63,90.68,103.56,141.45,59.08,1.29,49.04,12.49,171.63,128.39,84.83,4.39,49.84,5.34,14.55,1.26,359.74,283.0,26.62,243.88,138.68,117.9,85.97,85.68,41.36,135.03,192.69,72.42,21.16,211.6,110.09,43.51,20.91,180.49,103.84,75.56,71.2,126.15,168.39,35.3,21.48,206.55,257.61,59.79,8.02,2.11,127.55,238.09,113.94,374.02,69.02,146.61,7.32,110.19,168.18,128.15,30.16,47.48,55.36,110.84,42.95,206.53,75.46,4.12,74.98,75.94,25.0,24.33,7.6,32.68,211.49,19.46,18.98,129.48,175.74,92.86,126.44,11.92,1.61,84.45,1,17,98.83,81.76,104.41,77.18,27.23,"Not satisfied with performance, too many bugs.",1
2116,10.63,424.41,2,4,420,148.24,101.89,163.73,45.51,3.23,87.62,521.94,134.26,4.35,63.65,25.29,205.18,46.94,169.5,226.06,368.54,5.74,53.73,19.59,52.71,55.35,26.06,147.16,26.28,170.61,92.29,108.28,129.24,167.0,394.76,91.02,92.71,8.54,31.65,470.14,16.17,46.96,50.88,49.24,6.43,228.89,71.46,89.22,10.65,24.94,286.83,0.54,24.22,128.93,304.29,37.43,26.92,13.63,17.39,175.84,14.72,42.65,108.68,45.66,69.28,292.77,230.69,170.12,34.6,176.4,154.88,35.22,76.9,52.88,496.7,201.5,15.79,108.41,59.13,53.82,7.16,21.31,55.32,5.39,9.61,497.34,29.16,1.82,9.53,41.72,94.23,533.53,4.59,44.55,132.86,1,41,111.09,127.41,125.49,121.6,3.89,Did not meet my expectations.,1
2117,38.04,622.57,7,5,24382,41.96,181.82,325.26,21.37,0.96,19.74,7.53,12.79,81.59,0.3,67.84,30.91,24.71,0.01,164.57,81.61,3.03,120.5,182.79,24.65,151.53,101.6,123.75,175.74,101.28,400.51,92.34,170.84,7.97,87.81,457.97,65.57,1.11,204.36,155.41,41.75,31.07,149.21,103.27,237.29,157.12,33.94,213.12,31.66,124.55,88.01,89.06,42.29,0.43,35.07,79.91,53.41,64.61,178.61,94.66,37.43,96.33,4.76,157.21,78.56,63.65,99.13,7.58,3.28,25.82,9.8,251.35,54.99,41.21,76.17,394.41,86.21,15.94,0.9,97.77,10.49,38.02,124.06,173.01,62.91,2.35,12.43,61.87,525.92,108.05,213.07,328.8,0.87,58.68,27.2,0,71,98.79,104.9,93.58,99.2,0.0,"Average app, could use more features.",1
2118,40.24,651.33,5,8,27268,117.32,48.17,130.28,39.76,222.04,39.24,118.6,79.92,65.36,64.14,77.76,222.06,54.17,15.0,79.47,71.1,121.54,147.1,76.87,109.14,5.64,70.62,57.24,136.6,3.42,160.55,12.28,56.92,84.07,5.1,155.81,98.67,117.47,117.6,37.77,66.96,108.95,45.44,190.55,203.32,194.73,245.17,8.82,23.06,44.47,108.23,16.78,41.15,26.21,54.99,108.24,5.25,13.78,55.47,13.34,216.14,77.68,75.71,265.81,265.5,215.73,242.06,23.85,123.61,160.67,98.86,38.07,132.32,69.23,31.48,47.72,47.34,177.12,54.89,55.85,66.77,132.14,47.27,132.56,294.82,73.07,201.76,0.87,124.26,13.56,40.29,55.05,167.84,210.2,10.94,0,32,95.39,71.92,83.05,103.01,0.0,"Fantastic app, highly recommend!",1
2119,30.72,611.57,4,0,22544,60.15,25.22,39.93,40.9,126.01,72.22,39.53,87.45,227.36,217.83,137.82,44.33,68.02,43.08,262.97,626.86,28.32,18.16,35.96,21.34,96.33,9.86,200.25,61.53,44.6,221.6,108.73,120.11,72.47,78.02,281.6,46.14,43.72,44.71,198.68,47.38,35.52,29.61,17.33,126.82,17.85,9.26,211.72,18.48,221.83,13.08,217.1,48.94,101.69,139.07,59.06,150.32,36.53,42.47,37.18,154.53,16.8,66.21,132.49,186.8,72.73,54.97,9.82,5.18,50.97,26.81,359.81,8.92,14.52,24.31,275.9,10.68,24.35,63.46,169.36,81.3,50.99,534.83,68.77,80.78,20.81,28.91,25.76,92.96,30.16,6.83,237.19,5.16,257.42,149.23,1,17,98.14,108.03,107.9,94.76,13.14,"Affordable and reliable, worth it.",1
2120,41.44,687.71,3,7,23911,114.45,16.77,34.54,46.5,293.65,334.26,8.44,249.92,7.97,12.69,63.36,14.72,50.96,110.58,302.11,80.23,523.2,80.17,85.32,121.49,0.96,8.47,63.73,34.15,11.06,512.24,83.0,26.35,92.73,42.11,205.39,2.47,47.68,92.99,130.16,11.24,56.03,11.15,51.03,33.43,31.87,2.82,77.49,118.77,1.34,155.78,61.07,28.8,40.07,109.87,132.28,171.7,5.7,49.55,73.93,79.47,66.99,146.49,123.04,181.91,162.36,14.05,118.96,44.04,147.39,6.45,76.43,124.75,88.6,17.94,45.75,55.16,15.62,109.84,109.88,70.52,9.86,161.87,28.93,29.39,30.37,31.74,70.18,178.39,115.39,40.81,9.9,104.5,138.63,0.75,0,87,87.61,94.75,114.2,71.95,42.26,"Good experience overall, but UI can improve.",1
2121,33.0,483.27,10,5,7613,54.79,80.55,2.18,39.82,31.25,231.97,6.33,167.64,44.04,7.55,6.94,125.42,125.79,275.26,231.61,17.57,37.42,78.78,100.53,192.35,55.63,122.86,82.59,63.21,71.32,81.22,11.58,2.57,10.12,99.83,226.1,312.29,94.88,45.21,69.43,66.7,36.84,17.74,186.96,29.96,120.39,52.24,151.1,93.99,57.16,7.8,117.92,11.88,224.51,12.69,106.93,110.53,291.55,123.24,31.19,14.09,15.23,44.61,25.08,16.64,41.55,50.58,33.64,309.46,9.13,58.32,45.1,78.2,32.1,38.96,76.93,332.86,32.27,446.66,78.79,3.96,114.11,172.7,25.97,167.44,26.98,80.22,113.12,2.58,16.81,223.35,2.22,161.02,108.27,7.74,0,28,89.61,88.82,81.96,96.37,0.0,"Excellent design, works smoothly.",1
2122,4.33,1026.54,1,9,27401,117.95,16.1,3.02,12.07,51.31,15.19,176.45,47.21,98.78,120.34,185.55,47.33,90.34,52.22,110.94,339.43,589.74,167.08,71.21,88.0,114.53,102.82,332.69,91.08,16.66,81.28,32.02,19.77,135.34,36.75,133.4,68.39,37.62,28.4,11.51,131.33,36.8,301.78,8.12,72.64,47.63,86.7,567.52,208.56,115.98,111.39,58.69,403.25,63.87,9.85,68.16,3.53,17.75,185.08,82.37,33.94,26.6,13.57,16.45,182.14,82.3,88.83,81.73,217.11,5.48,10.17,59.38,247.5,139.56,268.93,23.72,71.13,402.19,56.67,53.11,24.54,171.46,116.48,110.48,150.02,8.44,24.12,7.65,77.6,288.02,300.21,7.38,42.21,83.87,41.66,0,56,108.42,116.0,112.11,108.73,3.37,"Fantastic app, highly recommend!",1
2123,28.68,314.49,5,2,26243,49.3,91.66,14.33,191.51,2.87,205.93,181.13,274.99,20.27,83.1,34.8,50.34,54.28,127.54,48.37,305.86,4.98,214.59,131.88,86.04,166.72,49.24,129.66,0.11,96.99,53.5,49.43,26.18,424.03,61.38,24.7,10.88,31.18,343.99,23.28,489.56,86.34,286.35,30.63,168.04,8.18,39.21,741.59,329.81,26.88,166.26,217.03,8.4,97.26,52.51,117.19,7.45,27.36,53.31,156.13,75.05,14.88,334.24,1.85,185.69,18.83,138.1,40.46,222.54,9.49,123.16,50.75,142.11,70.29,17.1,808.4,32.9,80.6,750.64,58.0,492.24,24.24,67.97,69.92,178.99,19.93,104.55,196.13,123.52,83.86,51.09,2.84,153.47,82.76,1.7,0,42,128.92,159.79,107.7,140.55,0.0,"Fantastic app, highly recommend!",1
2124,55.33,1061.76,5,4,26457,200.85,75.03,339.81,223.96,13.65,84.69,45.13,162.23,86.21,2.11,38.91,170.24,15.33,80.73,174.74,33.54,16.13,60.13,195.32,133.68,24.67,10.2,3.81,82.63,219.89,219.56,89.21,2.99,29.52,69.75,5.26,166.12,25.25,49.02,47.41,64.3,105.66,2.28,9.19,14.22,7.17,509.12,4.99,116.56,86.34,28.71,75.48,192.45,80.22,98.02,24.67,150.24,69.94,42.5,45.88,259.67,13.77,26.85,65.62,31.11,169.72,13.53,363.88,152.2,29.74,66.25,184.35,149.13,1.42,112.05,137.8,87.84,26.15,207.66,100.3,134.02,58.35,108.89,528.89,18.29,43.62,51.37,11.39,6.67,93.88,424.12,33.4,17.87,3.42,219.96,0,13,98.65,106.21,96.82,118.54,0.0,"Good experience overall, but UI can improve.",1
2125,6.13,764.98,4,1,20471,271.57,116.78,26.1,159.88,279.4,53.78,10.99,73.0,37.54,88.31,4.47,152.88,67.84,103.76,50.42,52.38,3.97,286.55,263.31,35.56,60.5,141.8,62.84,28.07,5.14,85.6,110.55,13.94,189.45,1.38,11.63,4.34,32.86,31.2,316.05,91.95,139.28,754.88,140.2,48.51,37.94,44.08,352.15,158.84,2.77,168.1,27.28,78.01,205.12,15.7,26.32,399.29,255.68,142.2,14.35,22.44,16.51,21.93,36.44,11.5,73.37,77.4,45.02,43.27,177.36,0.73,79.93,152.06,40.11,180.76,189.91,165.5,265.08,62.12,94.43,266.43,49.92,134.01,122.07,357.38,101.97,50.07,39.4,82.17,30.3,156.51,80.85,20.2,128.24,94.61,0,43,108.96,115.09,94.59,112.04,0.0,Did not meet my expectations.,1
2126,32.08,834.33,8,1,16249,124.54,110.16,64.92,335.35,42.32,132.76,57.23,44.59,90.64,58.92,19.32,38.49,25.44,131.24,100.56,26.85,9.23,51.23,112.37,3.31,126.27,68.33,287.16,23.7,88.16,21.61,7.82,31.73,300.72,95.89,10.51,8.58,121.51,0.1,161.3,177.69,230.05,110.74,56.34,19.34,19.1,8.89,219.9,25.11,12.02,44.7,70.23,23.04,53.89,147.86,107.31,22.14,49.44,44.72,185.35,57.28,106.68,137.91,40.39,242.07,3.56,249.69,71.77,61.21,280.69,86.27,76.33,54.06,27.53,75.7,221.86,172.33,2.73,50.0,98.77,89.57,174.14,191.8,244.11,187.46,17.22,170.65,58.44,33.37,137.34,153.79,17.44,94.06,103.99,5.33,0,60,92.85,78.97,87.69,107.04,0.0,"Excellent design, works smoothly.",1
2127,29.43,499.39,8,4,27424,35.24,186.8,103.89,47.59,82.11,127.2,54.99,7.18,38.9,209.26,57.38,378.78,154.82,51.42,127.96,80.78,31.67,45.5,120.18,86.47,3.93,106.43,162.49,80.21,18.18,25.88,97.6,58.66,128.3,60.4,37.83,113.22,124.49,59.13,179.96,65.53,430.23,32.06,200.08,108.37,12.02,3.63,89.36,177.22,144.61,59.56,126.65,34.93,24.29,118.14,50.6,29.42,76.53,47.54,86.9,60.77,148.74,63.22,122.32,250.11,197.78,10.72,46.11,113.96,153.97,161.75,8.01,11.52,13.53,154.6,177.3,45.86,71.59,135.43,50.93,7.32,109.17,132.3,86.28,242.31,74.91,13.58,13.36,9.76,25.33,61.23,164.11,4.09,0.79,20.79,0,18,90.73,76.79,92.34,77.28,15.06,Great customer support and easy to use.,1
2128,29.87,0.0,7,1,20057,241.73,5.08,125.3,88.57,178.22,20.15,114.53,313.26,50.34,50.84,16.42,4.36,28.42,96.0,5.94,133.89,35.44,24.85,11.02,180.66,18.32,24.18,24.6,256.88,91.43,157.44,668.26,0.45,40.65,196.66,58.2,82.1,140.43,36.59,41.78,110.6,42.66,9.36,307.86,268.03,82.96,55.07,46.93,24.09,371.31,2.13,4.48,92.55,23.82,133.34,30.89,106.86,21.36,98.76,0.2,23.27,105.84,36.11,17.11,81.42,295.68,93.04,70.59,86.03,124.69,70.11,160.62,10.03,107.91,71.93,12.36,92.43,36.32,59.68,29.85,28.0,136.38,28.5,101.41,124.18,5.81,173.61,109.42,15.62,157.99,39.45,82.35,381.36,92.91,203.93,0,13,96.25,104.58,106.8,100.07,6.72,"Too many crashes, needs urgent updates.",1
2129,42.54,588.39,1,9,13305,19.23,113.65,7.42,120.84,9.78,1.31,47.52,50.78,230.4,11.94,127.71,38.58,12.1,155.58,174.16,214.99,280.48,25.6,3.53,59.09,86.31,40.2,165.19,37.56,197.2,9.82,100.58,152.92,119.29,33.73,10.19,289.27,39.86,50.09,207.16,30.4,36.43,172.07,8.53,9.49,22.31,83.02,82.79,10.2,4.72,191.79,0.36,1.64,102.0,201.96,579.55,60.78,0.19,56.27,13.14,267.6,137.46,162.14,414.32,97.35,12.26,45.98,349.3,4.76,3.58,85.37,63.87,21.86,144.05,25.32,37.36,11.46,201.41,204.32,72.18,175.49,79.85,77.51,12.03,271.32,17.19,105.71,12.72,24.88,143.4,252.04,179.69,57.0,3.05,92.17,1,59,97.53,103.66,88.25,92.9,0.0,"Very useful app, helped me a lot.",1
2130,31.17,476.79,4,5,29637,77.52,4.69,35.75,9.7,21.85,26.34,242.23,36.32,12.35,36.66,155.69,197.34,9.07,49.05,260.01,16.2,17.83,22.13,254.74,102.29,256.33,177.96,39.4,21.86,197.86,42.86,26.95,38.06,53.96,41.62,109.44,11.69,206.93,41.29,177.1,212.2,36.03,108.11,349.98,143.97,184.13,7.0,70.21,27.1,47.28,91.02,67.06,1.17,20.76,2.23,277.05,166.63,39.17,6.82,81.46,27.21,51.59,89.65,33.29,70.75,31.39,272.15,131.87,68.05,128.07,45.1,127.03,49.58,74.43,19.92,183.96,147.63,272.39,253.42,28.87,294.4,8.98,65.19,97.22,83.29,49.39,168.77,96.35,2.03,103.97,73.26,258.04,24.13,55.21,105.12,0,70,95.14,86.09,82.82,110.64,0.0,Did not meet my expectations.,1
2131,44.39,333.21,7,5,16838,124.17,129.28,51.21,18.47,9.36,7.63,111.62,23.95,59.25,59.09,137.54,8.54,13.42,169.05,205.1,8.59,54.55,80.36,102.59,68.26,96.17,130.09,18.29,46.06,297.73,64.77,72.17,211.7,24.93,99.26,73.88,14.1,26.9,38.03,21.97,365.27,65.58,324.07,121.76,10.69,70.75,8.56,148.21,56.31,22.82,141.35,14.85,204.09,249.87,112.87,82.3,5.56,24.04,191.14,27.1,89.17,130.27,73.31,24.2,86.32,23.45,74.59,9.27,134.41,277.58,76.45,76.26,210.38,120.73,129.73,115.02,183.85,180.55,2.32,76.39,128.8,25.65,127.6,197.1,91.73,2.91,137.04,20.71,258.41,148.52,286.36,25.0,0.13,156.4,35.51,0,27,96.24,82.07,83.44,111.09,0.0,"Not satisfied with performance, too many bugs.",1
2132,23.75,411.02,5,2,18956,309.62,239.19,48.73,25.18,7.06,84.59,270.83,142.89,19.95,16.81,194.88,92.81,282.45,23.34,140.65,285.67,64.5,47.11,48.55,17.37,19.47,148.73,12.75,20.07,12.21,9.64,113.26,54.65,182.12,121.69,60.35,38.33,176.48,11.86,6.91,332.81,165.63,168.25,233.22,208.63,20.16,37.78,217.84,38.88,136.66,58.26,18.68,53.8,24.52,57.62,47.9,60.04,8.78,227.36,79.53,22.52,30.52,48.25,148.89,210.21,24.75,51.37,9.37,35.4,739.02,12.82,554.13,32.98,296.33,73.53,77.13,156.11,139.36,213.85,178.27,188.93,207.37,0.02,71.23,6.78,35.63,170.78,137.57,297.04,50.26,253.38,62.37,244.07,67.34,5.88,0,56,115.56,121.61,101.89,146.44,0.0,Great customer support and easy to use.,1
2133,25.97,687.74,2,4,27150,185.51,159.11,24.18,28.3,127.43,55.17,51.28,54.61,237.08,217.24,317.66,136.76,35.99,167.02,47.62,33.7,38.27,126.14,25.04,40.43,6.12,186.52,39.69,20.09,18.59,140.41,47.52,43.15,287.78,76.15,40.01,338.21,217.72,57.72,4.74,5.6,265.96,129.34,62.01,81.23,129.07,28.25,108.37,39.37,34.6,27.44,24.32,114.98,32.05,34.66,11.68,114.35,40.44,24.48,4.77,162.56,527.52,81.55,358.77,129.91,146.33,97.23,132.83,150.15,39.44,39.54,264.49,145.18,14.35,59.88,158.54,132.21,17.47,30.69,159.34,34.65,25.28,68.37,100.66,104.51,72.41,81.82,181.7,36.62,86.59,26.95,97.41,131.29,9.34,21.94,0,60,98.59,92.46,99.15,88.91,10.24,"Good experience overall, but UI can improve.",1
2134,19.52,313.72,5,1,4029,33.28,56.38,133.46,31.56,11.76,64.8,9.15,44.16,95.22,114.2,358.68,8.27,2.13,12.05,7.15,240.02,20.62,310.52,23.4,24.58,70.48,14.91,6.58,2.16,424.27,28.53,40.99,90.17,201.93,133.64,108.1,87.47,3.34,93.85,305.34,53.25,211.52,5.36,37.77,75.46,49.23,211.07,6.93,40.99,174.31,274.18,78.24,36.55,37.98,145.92,18.64,58.22,224.98,17.1,49.22,107.96,93.63,151.08,3.72,136.16,180.01,72.31,576.66,58.1,118.03,167.13,20.13,73.45,65.55,24.92,10.17,61.99,43.73,318.51,66.21,48.29,52.62,64.61,142.72,681.33,65.3,30.32,273.22,36.21,95.11,7.85,19.32,351.03,4.79,240.35,1,58,105.36,123.57,87.17,132.33,0.0,Did not meet my expectations.,1
2135,34.53,775.74,1,5,24283,22.75,18.51,354.02,109.85,116.38,85.41,275.9,224.96,29.99,109.57,47.22,33.1,13.25,101.36,3.88,113.95,6.71,154.36,68.2,59.73,0.02,0.58,141.63,40.46,34.89,14.83,58.61,89.72,47.1,180.44,32.55,68.27,103.77,29.38,45.92,144.94,80.83,85.06,111.85,48.45,201.29,169.02,143.77,127.29,9.66,4.86,49.32,59.71,112.19,165.46,21.25,43.34,168.55,316.01,265.33,34.88,221.99,297.69,226.76,37.36,69.1,38.55,219.4,49.39,50.05,49.15,122.08,75.05,37.3,33.28,2.5,74.26,182.18,20.45,231.9,25.52,225.71,374.02,21.46,27.14,3.67,31.31,112.48,91.01,50.3,15.34,45.21,14.9,5.48,65.69,0,66,92.76,86.18,85.25,78.8,6.45,Great customer support and easy to use.,1
2136,10.62,532.19,2,5,24641,228.31,14.33,83.31,55.3,108.21,222.1,124.61,149.01,107.31,206.19,46.24,176.02,114.76,93.87,91.08,7.39,55.84,0.17,14.54,102.37,159.29,414.62,42.27,93.89,76.65,21.03,46.69,155.23,196.49,66.48,117.27,294.13,355.92,155.01,126.02,98.19,74.87,24.96,41.9,113.21,132.35,208.61,53.52,299.77,367.36,4.05,17.2,46.58,332.93,105.55,184.52,145.13,295.58,115.49,46.25,18.28,9.08,39.15,111.06,67.46,47.72,176.92,28.55,166.19,50.01,220.36,22.67,0.29,34.87,304.76,73.56,5.95,2.69,226.67,24.09,808.56,55.71,40.78,453.24,111.45,37.1,387.9,249.4,125.57,129.55,141.96,198.67,71.28,132.73,209.92,0,80,131.27,125.91,109.12,151.3,0.0,"Good experience overall, but UI can improve.",1
2137,42.5,555.66,4,7,19131,63.66,305.6,242.38,1.78,0.76,315.06,101.79,14.44,4.6,20.22,5.08,10.35,78.18,100.07,74.67,84.08,91.76,147.76,62.94,68.19,54.38,89.55,56.65,75.97,127.07,93.23,25.55,50.32,11.02,51.5,42.93,35.49,32.75,16.23,22.8,83.03,99.81,41.67,188.67,8.49,335.59,29.11,5.23,70.5,47.65,133.44,8.77,43.18,163.46,97.64,115.78,142.99,31.95,11.04,156.3,83.73,386.03,26.13,259.32,455.15,85.47,112.8,206.27,148.51,346.78,122.78,120.02,67.64,155.91,5.36,2.06,42.4,2.95,64.1,170.51,5.86,102.29,73.79,370.83,3.35,99.44,1.07,60.51,21.26,59.85,13.38,56.63,203.68,37.43,70.3,1,13,93.74,96.68,80.95,94.44,0.0,"Too many crashes, needs urgent updates.",1
2138,20.75,356.05,2,2,23035,15.07,18.35,95.34,85.78,567.95,171.91,144.05,117.37,155.7,23.3,51.48,27.96,85.99,31.9,26.54,35.14,70.37,15.55,31.31,17.29,35.94,96.77,609.73,92.59,96.53,129.16,130.51,145.39,281.52,615.72,129.55,0.02,19.7,77.98,441.09,225.88,44.37,287.11,136.43,86.75,161.31,328.34,283.47,1.59,154.43,62.91,51.59,46.33,541.27,301.07,33.0,13.36,15.54,209.96,33.17,225.33,58.17,176.99,207.19,15.57,420.43,163.38,231.78,83.13,115.73,1.08,138.02,243.72,101.53,62.69,21.91,130.29,16.41,11.84,62.92,75.98,140.27,75.22,204.97,101.05,432.29,171.89,101.17,162.82,3.98,274.67,332.83,37.35,38.98,50.38,0,77,137.78,139.8,134.07,133.62,0.45,"Very useful app, helped me a lot.",1
2139,39.81,651.23,6,1,12894,123.01,87.56,106.45,171.75,198.02,48.56,0.11,5.53,52.1,55.64,27.93,30.21,58.68,46.03,226.09,52.26,78.26,12.25,176.39,9.18,162.6,64.11,111.67,81.02,37.83,91.87,14.64,192.68,249.24,71.79,76.56,88.98,16.35,32.38,48.23,13.18,148.57,49.53,3.57,92.91,34.4,32.76,18.79,190.61,48.9,4.05,163.05,41.45,41.72,163.68,194.97,170.76,84.27,23.03,75.47,171.13,332.76,148.54,145.2,89.7,37.57,21.53,22.29,361.33,23.71,78.46,2.24,222.23,40.21,358.33,121.7,110.65,3.35,93.34,49.2,150.02,91.81,45.5,259.32,5.76,41.53,128.36,35.22,97.29,321.63,37.58,70.93,10.49,0.39,47.99,1,10,91.99,83.77,88.12,96.33,0.0,"Good experience overall, but UI can improve.",1
2140,63.13,687.71,8,1,5519,115.33,53.6,230.45,162.62,6.45,119.32,69.76,22.2,212.15,36.94,223.55,294.4,7.78,123.84,78.05,67.43,107.52,162.59,148.25,49.08,94.72,16.07,47.87,277.19,29.04,56.23,53.07,29.6,48.34,15.83,40.89,75.49,103.51,144.2,54.16,44.6,51.39,128.6,35.81,1.99,51.47,194.1,39.77,11.61,240.95,202.93,4.38,20.54,398.21,321.9,23.14,399.19,35.95,6.24,104.75,24.58,249.59,112.28,176.44,286.47,167.93,33.29,68.88,307.73,19.13,47.8,43.63,149.2,13.84,7.51,363.27,9.72,39.22,120.05,125.57,43.18,40.97,34.36,271.17,16.65,10.41,160.95,57.51,276.95,347.12,5.34,52.47,107.72,30.23,20.89,0,48,105.97,102.43,98.64,99.76,0.0,"Excellent design, works smoothly.",1
2141,57.58,447.88,4,2,27426,227.36,26.47,103.69,217.9,350.69,109.02,74.0,32.01,52.53,19.49,83.35,338.48,4.95,12.67,58.09,348.09,4.49,218.62,9.58,260.27,20.17,24.99,116.7,159.62,165.68,1.37,163.44,75.92,142.15,88.72,57.32,359.88,84.58,133.01,27.98,283.93,55.96,21.38,9.39,67.14,124.14,273.19,98.75,58.67,35.64,24.58,36.84,119.06,111.76,65.87,62.72,122.51,99.51,225.35,59.45,40.96,129.65,43.46,70.34,165.21,36.61,58.57,50.51,67.83,66.99,27.16,150.79,100.69,90.87,62.98,55.93,13.96,45.34,756.11,503.99,82.52,31.08,99.8,29.03,192.76,65.99,267.46,307.68,181.54,99.03,86.11,50.18,73.62,35.94,97.73,0,56,115.2,118.32,117.02,126.29,0.0,"Excellent design, works smoothly.",1
2142,19.5,437.59,7,1,14136,190.54,83.46,8.83,162.93,23.63,19.71,79.14,0.87,60.71,96.78,5.61,106.48,10.62,118.72,63.9,111.56,3.75,94.54,243.64,76.08,170.59,401.48,103.96,23.13,244.82,2.84,312.62,5.65,403.12,36.98,12.4,77.53,82.06,28.21,14.75,96.27,143.73,82.43,0.64,51.58,151.66,88.3,4.89,12.87,96.49,118.04,169.66,55.49,461.23,616.56,249.35,15.21,38.46,21.15,43.13,178.26,53.99,156.14,54.43,48.18,56.48,8.04,290.07,93.1,8.36,44.25,25.26,4.49,96.99,39.64,35.74,193.73,12.69,5.88,95.69,138.01,260.52,124.14,43.67,80.69,64.86,243.66,35.5,68.22,56.9,52.45,179.63,123.7,241.78,57.01,0,42,103.01,110.09,108.89,92.71,16.18,"Not satisfied with performance, too many bugs.",1
2143,40.06,386.6,2,8,4395,21.36,14.88,167.69,148.17,5.4,329.08,38.96,38.97,6.02,56.43,18.29,22.95,0.58,0.35,66.84,33.35,11.57,78.31,209.72,35.67,168.41,114.81,109.31,17.57,124.83,194.6,222.42,9.8,309.68,82.6,117.9,2.78,104.93,256.5,77.89,115.78,197.82,25.12,88.35,69.16,128.55,36.65,161.94,503.15,61.0,9.01,142.63,11.65,141.95,35.34,76.16,79.55,150.06,118.42,34.96,18.26,2.97,104.92,173.94,151.11,199.73,10.86,18.66,35.96,78.1,86.66,76.33,31.97,56.69,242.16,87.26,479.05,178.38,85.26,34.22,72.19,14.84,173.56,72.34,51.25,16.99,2.97,286.01,47.77,74.39,33.45,519.23,40.57,127.71,22.17,0,22,101.26,105.6,88.62,108.56,0.0,"Excellent design, works smoothly.",1
2144,27.38,410.95,2,3,26606,219.77,149.02,519.32,61.64,67.69,68.28,48.25,17.75,110.26,65.58,12.85,228.06,12.99,417.12,62.99,162.72,29.92,103.01,12.02,1.89,21.1,260.68,71.8,6.25,18.98,23.72,51.46,243.27,202.32,21.6,36.4,37.06,21.02,430.38,27.02,7.04,31.55,648.76,96.99,37.63,30.12,43.04,486.27,10.88,87.41,87.98,46.91,146.63,216.64,74.18,62.68,144.92,31.85,10.81,133.45,38.19,1.48,19.23,41.78,12.59,3.93,57.31,16.78,86.12,232.91,426.03,280.97,23.11,60.77,389.97,95.66,13.85,6.54,16.1,142.98,396.74,377.48,254.92,52.11,146.76,63.63,204.89,58.93,127.31,0.56,107.41,85.08,1.96,18.54,392.49,1,23,117.06,138.47,109.74,138.06,0.0,"Good experience overall, but UI can improve.",1
2145,20.37,618.83,4,7,29931,64.4,306.44,58.91,9.02,20.5,88.09,272.1,15.1,208.18,109.58,0.28,51.91,66.79,274.77,3.31,117.04,8.94,14.31,378.03,77.24,225.86,4.77,20.08,574.55,40.43,417.22,267.66,118.43,238.76,145.06,321.51,208.69,49.03,92.92,70.9,336.01,166.82,83.03,34.61,26.09,193.98,5.03,139.09,237.41,5.06,38.52,48.3,17.64,29.7,7.46,31.05,0.7,114.26,77.03,290.99,35.05,50.45,93.42,49.59,343.49,20.32,133.53,76.08,36.99,9.39,21.79,4.31,403.81,63.19,132.63,84.22,84.36,65.08,183.06,472.6,22.91,467.98,192.15,18.97,12.73,38.52,533.71,153.25,20.1,71.62,4.48,31.58,184.48,25.32,23.5,0,71,122.09,134.47,139.93,119.76,20.17,Did not meet my expectations.,1
2146,46.82,294.06,6,8,17773,241.11,220.13,26.77,105.48,9.2,185.22,167.54,128.8,135.8,52.72,266.96,190.83,62.95,86.99,343.2,65.6,40.17,66.95,156.42,22.97,45.06,212.93,36.55,239.13,148.41,213.85,130.79,204.93,302.97,64.8,174.05,31.03,154.59,101.95,45.06,4.03,48.39,191.88,85.07,69.47,34.94,17.62,372.11,70.08,360.76,99.65,4.52,81.18,98.73,31.19,63.44,73.98,23.85,37.95,270.68,18.09,90.08,84.41,47.14,87.47,82.2,36.65,26.77,83.39,26.06,109.0,42.87,41.19,794.19,35.08,24.34,231.67,260.5,22.13,70.75,19.57,12.44,33.56,61.0,18.99,121.75,25.37,99.15,140.54,12.66,16.89,12.6,265.24,94.51,3.42,0,44,109.7,115.0,139.17,94.15,45.02,Did not meet my expectations.,1
2147,32.92,302.17,4,0,5815,96.41,1.78,52.29,6.13,265.04,64.26,61.16,149.71,5.19,5.4,267.0,85.93,40.66,353.2,25.54,44.34,160.64,73.86,20.66,185.63,1.52,201.79,60.15,163.59,100.25,58.04,190.25,29.88,20.63,176.51,138.59,3.82,16.27,41.56,0.27,167.96,111.38,49.99,195.56,57.27,93.56,42.98,51.27,292.09,6.34,47.92,88.28,21.9,45.79,4.13,59.0,57.97,141.85,35.09,8.37,34.7,41.25,61.22,39.44,16.94,38.25,26.43,75.25,74.67,19.61,43.71,54.73,149.31,138.82,327.43,40.5,4.14,29.27,21.11,0.06,123.52,106.21,37.59,243.98,30.83,60.81,16.54,19.88,76.75,116.88,22.98,30.81,295.97,92.78,8.46,0,11,80.75,80.78,98.91,77.58,21.34,"Too many crashes, needs urgent updates.",1
2148,22.95,227.11,6,7,24722,1.75,382.85,83.8,154.98,231.62,42.09,168.46,368.51,26.28,59.4,382.89,112.93,22.99,43.13,155.6,21.35,143.8,31.72,18.1,321.72,46.97,134.93,33.04,29.52,39.99,34.93,10.64,363.69,135.94,32.17,141.5,157.15,34.23,34.72,73.33,134.92,139.16,119.56,36.7,202.57,268.59,52.43,76.96,35.45,62.52,8.02,51.41,112.02,24.05,0.98,64.98,29.59,20.1,20.35,34.95,288.46,41.5,243.9,132.38,12.74,249.31,272.94,32.93,18.09,68.75,39.15,236.3,93.59,98.83,5.2,31.51,159.04,12.05,124.72,12.12,5.35,78.34,29.84,200.23,51.53,68.94,8.14,179.23,102.76,158.46,144.67,20.67,286.62,51.19,73.21,0,64,102.28,97.84,121.19,97.12,24.07,"Not satisfied with performance, too many bugs.",1
2149,21.34,269.47,3,3,11285,100.92,154.71,43.89,111.98,103.09,12.4,8.21,66.2,60.64,187.69,1.79,317.49,129.72,13.03,129.93,50.45,107.74,56.65,71.52,31.27,171.54,19.17,136.0,19.48,22.66,84.85,129.11,3.28,23.6,194.95,111.2,34.61,55.73,23.36,87.31,11.94,11.44,14.85,60.76,108.57,71.17,240.77,28.28,153.85,256.7,42.86,70.42,13.09,82.87,39.93,243.24,24.82,47.77,4.23,286.07,98.4,192.76,70.19,16.49,127.07,14.06,105.04,74.08,109.5,81.35,378.08,2.01,11.81,4.88,318.84,382.59,67.57,312.74,39.9,54.62,337.93,85.54,148.37,84.09,93.77,59.34,8.88,41.97,89.31,1.37,51.76,7.76,6.53,4.46,4.62,0,89,90.86,91.9,85.46,99.43,0.0,"Good experience overall, but UI can improve.",1
2150,16.84,287.68,2,2,18029,39.39,20.08,79.84,27.75,9.22,98.79,129.2,101.81,17.93,13.66,18.51,78.76,32.85,249.65,42.77,54.6,99.62,6.8,82.09,112.99,22.59,122.2,388.99,107.37,74.92,13.35,19.64,154.52,65.22,171.79,115.01,401.52,72.34,54.13,20.92,155.74,51.2,1.82,137.88,5.16,107.27,252.12,325.11,3.09,109.06,26.51,49.85,140.77,18.58,79.89,31.43,64.61,201.86,35.45,129.19,166.13,142.32,71.6,384.23,42.48,48.72,113.36,373.39,83.91,65.01,325.7,15.48,170.72,665.94,4.33,9.37,18.94,12.49,22.72,1.48,47.88,0.94,44.78,78.26,29.2,25.75,41.07,114.22,268.2,344.43,148.63,64.13,125.41,137.13,33.44,1,84,103.21,114.35,81.9,114.5,0.0,Did not meet my expectations.,1
2151,32.34,928.73,10,6,4315,102.86,282.2,147.11,135.57,6.07,52.2,428.09,141.16,92.56,53.79,75.63,511.28,110.51,38.19,50.57,125.32,41.33,148.62,193.17,158.02,186.67,47.94,48.44,197.9,44.95,153.17,132.88,118.75,54.57,54.99,181.93,9.9,6.9,82.74,14.74,253.82,42.8,29.52,129.67,2.64,81.13,363.09,5.25,143.54,803.11,126.94,91.26,68.65,74.59,11.0,373.4,52.31,8.06,98.45,185.99,145.65,241.7,3.17,138.56,184.93,5.27,11.35,112.82,55.19,76.59,52.92,123.79,53.02,31.11,103.12,64.66,9.88,197.45,254.26,106.02,19.51,128.16,28.25,18.35,10.62,224.44,84.57,10.75,69.92,23.41,7.68,40.27,274.29,53.43,131.4,0,10,114.14,121.86,131.15,79.42,51.73,Did not meet my expectations.,1
2152,38.49,542.69,10,2,8666,79.61,31.88,27.57,37.6,238.11,205.04,629.81,113.67,16.72,181.49,224.88,78.88,23.57,164.43,13.66,104.52,19.62,11.87,63.11,17.76,24.24,310.03,54.4,241.05,111.46,508.69,106.57,124.77,0.92,6.55,103.53,93.75,193.87,135.59,87.18,27.11,64.17,354.41,97.65,170.75,102.25,18.41,31.77,33.76,39.19,68.05,92.75,673.8,57.33,165.73,147.69,23.17,149.33,5.39,66.61,10.73,52.93,108.08,52.75,27.82,8.98,73.17,206.91,67.57,356.23,134.17,86.91,19.11,131.39,0.41,6.68,117.13,149.94,210.15,94.89,57.74,92.62,8.8,46.33,65.88,15.91,21.49,29.74,212.54,6.41,95.27,502.98,364.36,43.4,58.64,1,52,114.6,130.6,125.75,109.52,16.22,"Too many crashes, needs urgent updates.",1
2153,14.11,186.19,7,9,13911,76.03,0.68,30.04,105.6,35.34,466.89,19.33,136.84,58.14,149.11,191.56,204.98,14.29,17.97,43.47,226.01,76.2,69.21,117.11,28.65,38.53,127.0,51.57,85.81,98.76,111.71,246.75,89.06,271.08,60.21,47.33,391.24,8.29,131.63,58.72,37.95,12.87,485.98,169.43,90.72,16.61,42.36,57.71,28.82,2.59,84.47,9.86,172.93,134.83,21.26,46.7,66.78,10.36,84.57,11.82,107.86,78.36,19.01,76.14,111.06,64.21,55.03,95.3,188.85,12.56,92.94,44.06,13.64,20.21,17.52,79.11,5.06,55.46,5.06,31.32,318.99,31.01,111.25,14.09,1.32,133.12,13.62,119.24,33.51,232.95,27.62,115.21,24.19,81.58,131.32,0,27,89.28,94.04,108.26,72.31,35.95,"Good experience overall, but UI can improve.",1
2154,19.21,312.67,7,0,204,224.23,77.9,115.27,177.18,16.78,9.62,39.21,62.07,92.25,100.72,54.16,404.23,139.78,109.53,28.32,155.36,83.92,164.63,289.42,74.11,99.85,21.68,13.01,33.41,21.97,123.83,78.4,171.93,102.69,241.35,38.42,37.57,0.13,37.46,151.34,49.7,89.23,1.92,10.33,77.49,15.7,39.81,9.45,219.36,112.83,26.44,180.73,24.94,162.88,12.4,18.41,10.55,116.63,299.16,62.34,215.91,96.22,123.85,105.19,1.93,36.02,127.1,147.22,50.28,236.84,31.34,11.01,212.98,236.39,53.16,59.64,273.34,164.65,7.51,80.42,163.33,72.45,122.73,309.62,55.69,78.65,14.91,87.95,57.89,87.7,8.6,54.74,87.04,170.45,215.03,0,66,99.89,83.97,110.89,110.49,0.4,Great customer support and easy to use.,1
2155,37.59,946.37,7,1,21110,19.44,161.06,92.23,102.37,139.39,30.84,58.06,465.1,159.2,155.83,40.43,13.43,59.11,167.97,22.47,89.8,3.03,44.1,70.31,20.26,151.68,2.04,7.58,13.11,160.77,60.82,0.07,356.79,240.76,15.01,317.91,408.71,57.8,99.14,24.59,58.86,25.89,134.19,143.16,46.66,185.84,71.11,127.85,105.51,12.73,459.19,9.37,148.92,152.3,264.15,16.25,51.69,72.4,15.01,144.71,7.38,65.85,160.08,122.1,87.97,182.56,210.96,106.15,28.12,27.49,72.79,302.06,5.33,124.57,32.5,10.54,283.66,388.13,13.63,119.72,81.48,3.31,46.32,169.6,8.45,57.07,156.52,41.93,66.13,228.39,58.16,42.24,233.27,12.78,0.81,1,83,107.06,106.78,97.44,103.82,0.0,"Affordable and reliable, worth it.",1
2156,40.18,844.29,4,3,19498,146.92,38.71,19.54,21.68,262.13,62.2,43.72,126.76,150.46,115.42,15.67,47.77,76.83,13.38,8.53,103.32,57.13,361.67,79.42,29.96,312.88,43.34,63.87,3.38,54.12,133.48,214.78,221.36,153.3,282.06,63.52,62.39,7.73,206.52,282.5,40.9,139.07,57.85,107.42,40.09,22.15,19.01,132.29,204.89,71.14,125.67,0.27,80.22,33.26,77.21,21.5,91.09,291.21,20.07,186.92,24.08,34.56,62.96,68.35,29.22,38.47,84.99,44.91,10.9,12.55,257.61,4.88,38.6,35.42,30.23,568.48,12.78,58.27,21.88,12.18,223.43,210.11,312.53,261.38,228.03,126.48,74.46,49.98,105.39,239.44,25.69,50.52,3.42,19.25,12.33,1,45,100.47,102.46,108.79,105.82,2.97,"Good experience overall, but UI can improve.",1
2157,31.25,638.44,9,9,26203,125.12,12.75,716.8,258.65,140.35,40.74,529.42,168.59,76.39,6.51,254.32,127.95,137.42,0.04,111.37,211.24,44.61,6.42,11.9,45.46,186.26,125.96,38.36,235.25,51.65,155.68,126.79,182.95,41.22,10.93,54.8,9.15,185.45,310.4,170.79,32.83,10.78,25.65,5.35,65.29,15.55,114.06,274.66,100.52,89.08,103.83,114.36,8.51,11.27,36.78,8.77,127.12,46.32,16.86,78.07,14.85,21.26,40.74,130.41,82.67,38.28,473.46,6.0,11.29,98.72,135.49,5.26,406.1,98.18,21.61,67.74,198.64,38.71,89.26,348.94,216.79,180.9,124.61,34.73,385.62,74.45,231.88,505.44,31.59,144.61,118.39,66.38,218.37,251.69,9.22,0,45,123.55,132.22,139.37,154.41,0.0,"Too many crashes, needs urgent updates.",1
2158,51.17,166.92,10,0,13767,23.29,163.01,111.74,67.98,177.47,87.58,48.01,8.51,62.03,70.89,18.71,298.02,6.25,150.8,10.55,154.95,23.74,40.9,301.86,90.23,11.46,139.62,239.11,50.9,121.77,102.58,29.58,7.91,31.14,114.08,19.82,126.9,27.88,171.01,206.55,35.12,10.62,12.69,174.32,109.02,87.91,92.1,196.55,25.28,118.14,164.7,2.25,26.64,255.72,38.44,100.29,99.31,160.03,476.12,103.89,5.01,45.35,257.57,45.13,30.46,144.72,214.29,56.11,123.41,86.19,23.46,82.33,17.59,7.47,130.55,6.67,498.06,4.44,171.01,33.9,123.76,8.42,18.45,11.68,275.47,38.73,21.96,382.39,115.84,28.62,267.11,130.35,233.45,6.11,56.88,0,69,103.43,102.02,92.16,110.65,0.0,"Very useful app, helped me a lot.",1
2159,49.11,667.72,9,5,26750,301.64,181.55,48.94,46.38,75.66,47.78,28.99,91.63,269.95,27.46,243.92,55.27,221.25,211.62,20.65,17.59,4.41,43.16,215.96,55.12,4.28,145.25,124.04,10.61,41.48,264.32,4.5,62.22,184.03,40.14,74.28,22.72,10.91,3.64,309.09,104.09,60.29,62.69,577.43,67.83,123.42,80.69,64.68,217.91,8.67,70.74,179.13,59.68,36.06,79.27,35.65,64.78,132.85,0.7,11.06,73.67,56.33,14.6,69.28,95.86,132.96,84.84,60.99,26.69,13.37,62.07,36.21,93.84,11.93,88.55,89.32,51.27,38.74,84.81,90.73,121.37,3.97,1.63,48.43,211.9,77.48,4.04,99.36,150.91,33.47,18.35,3.79,16.9,57.14,328.31,0,83,88.9,93.25,102.99,71.45,31.55,"Average app, could use more features.",1
2160,42.32,982.31,9,4,6308,129.59,12.76,151.86,90.37,49.88,334.29,116.0,91.91,119.65,75.41,118.91,152.51,22.24,32.83,24.93,26.38,25.79,13.12,6.51,80.91,194.65,41.65,165.91,44.24,159.65,39.2,27.14,58.2,125.55,244.15,78.6,77.93,160.52,130.77,58.47,75.87,169.04,137.84,5.03,49.51,83.77,60.63,24.51,170.9,29.32,17.89,70.54,35.5,162.77,243.95,86.22,0.11,6.47,6.27,55.65,26.23,326.85,150.8,84.65,175.17,161.91,129.56,130.55,49.0,4.21,72.67,116.33,70.33,127.11,92.15,61.38,157.32,94.03,103.19,45.5,261.44,69.33,14.02,18.33,54.01,55.23,184.09,243.03,187.11,34.82,13.37,31.31,49.47,87.13,65.29,0,19,92.46,72.31,92.54,92.77,0.0,"Good experience overall, but UI can improve.",1
2161,41.46,543.84,4,7,18874,16.09,2.93,68.22,204.12,48.01,214.75,71.55,7.12,16.24,103.8,55.84,70.83,7.05,90.67,78.48,85.39,17.9,356.26,173.26,20.68,99.34,5.86,62.09,164.42,477.79,27.76,365.5,62.22,22.1,90.87,210.09,78.62,1.96,78.19,276.11,115.05,442.63,81.82,127.35,160.97,42.09,67.93,38.19,175.71,84.55,180.63,425.51,11.51,637.29,90.6,104.13,121.05,229.51,31.65,183.12,35.76,31.73,65.46,10.72,71.04,89.73,330.22,77.51,41.2,173.32,57.99,21.62,69.03,32.23,173.24,244.02,188.26,175.12,39.78,44.98,65.09,30.73,151.5,429.85,166.74,127.86,99.18,105.21,65.35,136.76,80.52,194.58,105.21,113.1,57.87,1,56,122.07,118.28,102.91,122.93,0.0,"Too many crashes, needs urgent updates.",1
2162,32.94,207.31,10,2,14520,48.83,77.98,143.27,14.16,51.82,217.26,19.24,81.99,29.26,415.08,18.1,126.52,196.32,71.75,8.73,6.02,244.2,45.82,109.06,44.13,47.63,5.75,68.36,34.22,198.18,30.55,74.73,138.01,42.14,528.09,92.06,76.09,157.67,160.21,120.63,78.21,33.97,285.87,129.09,74.85,14.75,86.14,43.69,60.2,93.79,490.65,138.64,12.87,51.18,480.37,19.34,230.08,60.41,74.45,249.67,94.28,213.03,14.37,14.16,7.69,129.31,141.23,2.7,4.18,50.82,28.29,19.07,33.31,43.38,10.0,70.76,170.18,128.85,192.43,115.76,11.32,102.95,23.81,26.23,128.77,53.19,91.75,27.72,108.18,155.87,40.06,0.22,198.44,100.3,69.8,0,16,100.83,105.22,104.57,75.96,28.61,"Very useful app, helped me a lot.",1
2163,15.1,0.0,10,1,22795,119.78,14.65,36.08,89.5,74.28,18.19,125.05,153.85,180.17,71.27,21.59,70.45,134.96,75.21,48.98,38.67,45.59,0.76,90.23,15.78,43.69,220.42,197.35,36.91,24.16,126.0,109.92,126.52,227.98,182.77,181.63,20.63,13.61,187.24,139.97,233.06,103.31,54.77,18.73,85.25,63.2,208.06,121.83,25.41,126.02,43.73,131.4,93.26,375.14,51.84,257.15,89.13,37.67,91.86,8.09,101.91,52.03,98.8,44.54,42.55,38.83,118.14,56.45,34.1,38.78,40.83,19.53,426.67,49.34,207.74,154.95,249.75,5.45,12.23,31.13,62.8,19.02,68.02,26.59,377.33,94.04,7.83,113.04,345.54,82.6,417.14,234.92,184.65,218.01,49.33,0,68,106.75,95.54,90.69,126.16,0.0,"Average app, could use more features.",1
2164,31.96,260.8,5,1,5232,56.45,105.02,100.35,86.13,3.88,83.64,129.47,20.19,40.98,133.65,90.35,67.78,102.03,132.31,97.24,96.15,5.85,195.17,10.3,2.66,15.33,51.23,14.78,24.01,120.85,200.99,12.47,87.71,9.39,59.18,22.69,162.87,533.09,55.73,31.24,131.45,96.5,29.56,20.02,74.66,272.21,69.08,34.33,139.3,124.87,31.71,277.5,65.54,56.3,26.92,20.82,36.97,5.6,34.91,365.49,312.81,1.93,470.83,87.03,15.48,222.05,50.14,189.2,38.87,157.82,50.14,9.23,15.11,44.42,136.74,121.18,18.72,174.87,110.29,153.1,126.2,71.99,21.05,34.48,28.09,75.43,14.22,300.63,122.54,132.05,123.24,205.99,40.07,45.54,56.73,0,33,96.15,97.79,71.85,96.34,0.0,"Fantastic app, highly recommend!",1
2165,46.91,629.49,9,7,2539,57.18,208.79,94.24,37.64,56.08,16.29,71.84,26.59,161.92,279.57,60.04,151.77,2.41,1.74,239.94,35.23,581.09,112.33,300.27,14.46,43.34,151.44,72.59,110.39,3.49,120.59,4.57,62.33,20.15,48.7,26.95,18.74,201.1,113.38,19.32,296.29,236.79,0.45,255.69,59.41,62.93,48.53,6.8,233.03,358.89,137.68,22.59,92.82,293.66,1.63,162.66,272.05,6.09,344.43,3.6,79.45,33.3,91.53,109.84,70.89,75.96,94.65,38.05,25.18,27.18,168.15,27.63,266.37,11.55,25.04,124.07,195.36,22.87,89.89,18.53,50.22,125.08,34.32,76.93,5.02,385.31,366.16,34.37,72.39,16.74,18.56,96.0,231.35,11.75,76.01,0,66,106.87,111.57,104.9,93.69,11.21,"Excellent design, works smoothly.",1
2166,53.81,0.0,5,2,16525,74.47,34.65,10.66,156.59,81.89,78.87,95.62,166.55,81.23,46.16,4.01,12.34,105.5,61.71,89.07,40.51,320.06,16.18,131.05,297.85,156.43,230.32,43.45,8.94,138.3,98.0,31.21,13.58,144.89,43.18,131.71,18.86,97.35,5.61,126.01,100.06,80.65,16.87,273.43,5.8,0.52,152.35,76.39,52.07,96.1,53.48,122.91,156.22,38.44,308.78,35.19,137.03,145.45,180.87,36.53,123.8,56.53,6.3,62.39,112.94,100.2,37.33,207.21,108.01,64.33,17.4,27.92,86.72,6.99,123.58,131.36,23.26,46.8,1.88,75.62,211.6,2.15,31.85,50.53,32.87,92.97,124.33,50.3,44.77,45.31,144.47,44.72,55.16,2.54,279.99,0,24,87.73,73.95,93.78,75.74,18.04,"Too many crashes, needs urgent updates.",1
2167,41.99,0.0,7,3,7317,5.04,101.31,70.73,23.15,227.62,61.55,72.69,258.16,140.95,144.82,93.09,7.63,34.25,176.85,43.58,89.91,300.0,168.85,35.21,121.96,53.48,87.15,133.31,0.49,44.76,13.03,34.87,76.81,61.49,29.02,2.43,5.78,119.62,9.12,73.74,144.89,283.48,64.26,18.82,60.63,3.49,57.31,234.92,121.22,47.7,183.1,21.24,85.51,8.71,49.69,32.02,104.45,74.96,195.89,246.65,289.02,98.92,131.02,218.92,52.72,140.56,21.36,14.85,121.8,11.6,58.22,26.01,68.32,43.17,24.66,119.03,39.55,7.11,7.29,291.73,21.13,240.18,3.42,0.46,90.11,194.76,162.62,9.65,73.96,27.13,239.18,44.3,208.99,17.63,324.18,1,22,93.39,84.76,90.39,88.43,1.96,"Excellent design, works smoothly.",1
2168,27.94,388.9,7,6,18266,44.6,16.46,90.05,34.03,172.12,3.92,50.11,254.06,49.41,19.83,54.18,160.77,160.36,65.68,41.86,17.44,9.25,14.3,24.87,212.07,197.92,61.24,116.15,38.11,261.09,7.38,61.26,109.92,149.65,42.46,70.1,62.81,104.66,116.18,68.69,160.22,120.41,345.46,140.05,126.03,50.46,132.26,154.07,50.16,54.92,276.13,336.02,149.13,37.39,122.7,169.82,7.83,87.38,52.07,135.51,26.2,91.31,214.74,1.37,9.39,153.44,131.77,81.47,34.68,170.97,195.01,310.96,9.24,3.51,105.79,12.26,23.31,21.68,90.67,177.04,168.37,128.78,157.82,352.43,5.95,35.1,413.17,61.76,22.21,125.07,149.06,53.87,46.26,73.65,153.11,0,32,105.36,89.11,84.69,115.61,0.0,"Not satisfied with performance, too many bugs.",1
2169,34.41,404.63,4,3,18054,42.3,85.08,4.8,94.44,85.48,77.49,108.99,74.5,35.34,117.39,390.36,21.04,43.53,29.72,65.01,61.86,20.24,108.18,110.17,118.65,201.5,47.66,42.87,67.3,102.72,206.12,69.2,184.16,55.42,591.24,21.76,40.82,185.92,370.95,51.25,130.94,4.55,20.86,52.17,324.18,51.94,161.79,73.9,1.14,194.19,3.74,122.04,122.79,141.96,481.52,65.65,15.05,131.92,146.7,6.45,52.55,88.82,28.44,68.25,129.05,89.07,56.34,84.32,15.39,89.19,248.38,61.16,13.19,132.79,200.18,296.27,55.63,122.26,245.04,17.12,123.85,52.59,56.25,77.86,92.85,126.32,113.43,39.57,21.48,80.25,86.78,115.87,100.64,111.0,32.37,0,62,105.68,101.13,108.76,98.58,10.18,"Not satisfied with performance, too many bugs.",1
2170,6.95,654.52,4,9,8641,173.49,83.54,23.56,13.23,67.06,140.08,60.97,197.89,15.11,8.56,174.27,333.06,146.77,25.16,14.46,87.29,123.81,277.41,13.81,107.22,25.86,21.99,7.72,35.26,15.04,413.37,71.66,22.19,141.08,170.46,62.71,228.25,5.14,24.91,224.75,13.1,15.63,10.65,130.43,15.57,26.36,49.91,94.79,42.38,82.59,118.81,13.96,37.93,99.9,4.84,17.48,387.92,82.92,104.51,87.05,147.49,16.81,566.04,38.5,67.45,32.25,102.01,115.85,122.63,106.71,1.83,77.77,154.12,265.28,87.54,45.03,203.67,134.92,6.39,77.57,44.44,0.36,148.6,100.16,118.85,175.03,337.4,43.32,76.04,228.02,160.27,29.56,10.52,48.67,162.29,0,89,100.53,101.64,100.38,107.24,0.0,"Affordable and reliable, worth it.",1
2171,57.04,573.39,5,4,28409,268.01,113.93,11.48,146.91,110.53,2.55,3.9,157.96,31.36,341.86,77.56,198.14,88.48,167.18,144.72,42.77,23.37,677.34,28.15,195.04,62.23,81.67,131.63,203.88,437.86,134.92,144.73,61.74,29.84,4.97,328.13,144.06,6.25,15.87,98.59,158.28,79.52,51.62,354.83,71.23,5.42,217.46,35.13,23.46,197.02,27.65,5.15,144.47,35.33,214.35,62.04,11.53,215.57,97.04,31.8,24.0,71.6,217.97,142.05,109.81,27.92,18.96,44.38,58.0,136.26,134.13,7.44,2.9,303.45,8.86,118.14,140.83,15.82,32.67,29.44,186.33,199.41,223.91,116.85,19.02,59.92,313.4,17.13,5.38,105.67,39.69,151.21,30.67,64.96,15.3,0,39,110.56,111.96,137.49,87.6,49.89,"Fantastic app, highly recommend!",1
2172,26.73,624.63,6,9,8421,75.52,24.65,31.38,25.5,25.61,17.63,267.08,497.72,19.99,6.62,46.49,58.45,62.2,49.97,229.0,13.48,10.96,1.58,26.46,31.12,41.05,165.52,122.14,159.41,67.0,194.84,376.03,14.35,76.76,102.71,22.09,394.93,116.44,11.04,167.49,8.39,37.13,36.81,125.8,108.77,92.46,66.63,128.88,40.98,168.74,118.64,137.62,143.37,53.17,87.28,56.94,64.27,25.37,233.81,100.41,110.71,205.36,260.81,141.81,127.75,14.99,12.92,159.11,381.81,3.37,40.88,23.46,75.86,5.12,107.34,152.86,87.47,86.76,1.06,140.55,46.61,66.53,76.26,48.27,2.24,131.93,32.58,14.4,9.2,232.18,69.22,85.6,59.57,15.19,91.31,1,78,94.55,94.58,94.71,75.82,18.89,"Not satisfied with performance, too many bugs.",1
2173,45.11,170.11,9,9,10932,172.33,281.0,92.73,25.42,216.93,189.44,207.02,367.33,80.02,17.43,167.19,54.15,168.28,85.14,154.18,584.81,25.03,129.34,7.41,19.33,131.07,40.93,11.01,48.65,212.1,15.41,128.29,35.33,113.77,201.2,32.81,87.72,85.93,33.44,23.73,24.76,129.57,282.02,327.83,105.43,120.63,98.24,54.64,402.25,43.0,116.82,98.88,94.76,50.28,308.69,131.97,3.44,33.71,68.94,459.93,206.52,17.35,104.61,40.58,151.46,237.24,17.37,4.54,132.57,33.83,117.58,75.03,108.79,196.3,40.51,70.13,201.33,30.37,16.0,12.6,36.82,267.17,14.53,169.66,123.87,15.47,47.56,16.91,2.88,86.82,77.59,88.54,102.38,5.37,45.05,1,15,112.41,108.06,132.74,79.83,52.91,"Good experience overall, but UI can improve.",1
2174,43.98,335.71,2,9,7234,23.69,146.64,5.13,536.88,37.51,39.2,7.76,152.67,367.13,90.88,90.68,48.74,92.75,157.52,65.47,170.15,260.99,185.82,159.37,43.93,10.26,19.76,263.04,220.78,34.07,12.37,139.46,36.62,6.01,284.82,60.81,107.62,13.92,10.46,108.46,177.18,1.8,82.31,27.71,0.56,305.05,113.33,101.38,146.6,188.42,235.23,72.26,5.3,131.67,723.73,457.82,50.56,27.46,41.72,120.01,94.14,90.64,6.82,13.46,18.27,153.69,29.3,101.22,34.84,115.44,229.57,25.68,6.75,25.11,85.41,0.46,363.47,67.16,57.46,5.46,24.64,148.79,13.01,11.43,39.6,6.73,112.43,37.75,101.41,30.11,75.62,31.16,35.08,60.79,66.7,0,40,103.79,122.18,123.67,69.88,53.79,"Average app, could use more features.",1
2175,30.25,104.82,9,3,27874,9.29,57.56,261.74,49.6,93.07,142.84,16.02,65.46,83.86,704.51,19.07,124.95,52.86,7.58,60.38,22.98,36.8,204.03,19.08,12.88,102.17,11.3,207.53,126.04,5.87,72.94,111.2,51.87,90.34,11.33,79.86,17.32,214.14,199.45,143.71,28.47,25.04,98.68,5.46,60.43,49.89,23.47,23.61,11.2,115.71,292.16,147.74,20.56,85.01,35.47,62.9,91.87,31.54,132.53,6.52,88.47,228.41,115.79,34.34,57.18,53.16,8.53,139.7,98.71,111.84,11.55,162.38,8.45,112.3,133.67,29.57,147.11,203.88,123.51,69.67,9.84,18.5,21.75,145.08,72.4,159.97,150.2,4.26,28.73,332.09,64.93,59.04,173.38,16.58,108.08,1,47,90.46,96.13,94.51,92.63,1.88,Great customer support and easy to use.,1
2176,11.76,973.45,8,2,16945,93.3,551.08,46.68,220.95,61.91,166.17,31.14,0.81,118.23,0.54,32.07,37.2,109.42,43.83,54.61,38.68,4.14,23.16,17.32,35.74,40.07,367.66,126.05,286.11,42.04,0.98,121.29,31.74,77.92,67.34,73.2,1.22,6.44,52.42,258.71,183.03,97.37,70.92,69.68,4.01,342.48,43.85,347.54,129.69,73.18,42.46,32.75,8.39,4.44,35.07,182.51,83.4,2.63,56.83,247.61,56.66,69.78,32.07,275.58,24.23,54.16,138.99,51.28,22.87,191.27,1.35,0.69,21.07,152.67,287.83,46.25,110.05,82.65,30.81,141.46,39.92,118.97,73.64,44.05,106.72,9.64,4.06,110.74,1.47,191.95,188.2,64.94,272.0,335.45,76.52,0,56,96.98,103.28,94.94,99.06,0.0,"Fantastic app, highly recommend!",1
2177,36.88,98.82,1,1,18413,329.12,3.86,108.92,15.42,37.17,25.76,22.44,184.19,9.77,122.22,189.74,55.23,62.25,182.58,153.62,52.22,283.09,1.54,3.01,10.1,9.62,24.71,161.42,76.4,90.55,39.65,62.42,183.18,192.1,68.4,271.69,92.75,82.64,170.08,41.48,173.8,20.59,10.59,11.61,95.73,82.04,32.6,222.06,29.96,29.42,81.35,190.89,25.08,94.73,6.89,94.92,15.86,35.59,86.75,88.35,52.86,69.67,315.09,17.13,49.92,229.91,54.82,23.14,114.13,36.72,319.97,121.22,9.66,59.85,192.5,16.75,50.22,222.11,46.51,224.09,88.07,290.63,284.59,9.64,92.77,58.16,8.82,157.7,92.66,127.73,62.73,40.55,67.64,1.55,213.13,0,58,96.34,86.39,92.02,110.6,0.0,"Very useful app, helped me a lot.",1
2178,30.09,445.64,4,1,18288,113.99,263.33,334.7,10.88,165.07,213.39,154.26,74.85,29.55,65.59,41.24,58.6,443.64,0.8,148.71,248.23,200.78,8.98,209.89,64.93,25.37,101.61,30.64,105.46,86.67,43.36,1.63,102.23,457.22,23.05,182.18,239.97,33.87,119.55,84.52,62.51,231.02,11.29,84.87,33.16,85.65,100.81,21.56,78.51,41.08,57.18,246.21,308.75,289.43,16.6,49.91,285.65,1.32,87.04,223.15,124.75,69.48,121.54,29.76,29.0,210.53,94.64,66.49,27.47,29.66,23.16,45.69,87.1,50.73,35.69,101.1,274.51,11.44,63.02,149.37,214.19,247.22,128.62,27.6,67.46,163.13,146.39,220.4,55.16,269.15,26.49,387.29,193.86,134.57,53.24,0,46,119.83,103.2,127.62,120.18,7.44,"Not satisfied with performance, too many bugs.",1
2179,35.1,621.12,2,2,26921,30.26,155.86,145.66,43.95,130.33,123.97,92.92,214.72,56.8,57.03,19.75,116.11,271.5,115.13,255.94,0.53,131.51,100.64,66.92,20.75,70.93,106.96,64.47,12.64,15.74,37.66,35.96,111.45,45.82,94.34,1.15,230.24,271.76,354.84,171.46,232.27,218.36,340.92,4.25,32.73,36.86,59.0,50.32,32.99,412.9,360.99,143.48,5.36,428.94,118.7,531.18,112.78,44.13,11.88,151.0,125.27,20.44,119.2,42.45,174.36,38.5,74.4,233.57,109.19,369.35,104.36,18.19,79.48,273.31,82.75,0.1,209.18,30.52,86.56,173.4,46.85,3.95,99.59,95.07,81.59,100.28,22.14,207.62,140.79,478.11,130.12,18.45,56.93,44.98,300.84,0,22,125.52,116.21,91.54,123.67,0.0,"Good experience overall, but UI can improve.",1
2180,16.9,480.02,9,3,8772,13.01,130.7,13.61,10.52,22.65,35.64,78.4,138.51,8.3,11.95,10.39,22.05,13.99,223.46,169.1,51.45,135.22,162.41,141.11,56.15,74.91,80.53,244.59,203.93,11.17,8.35,45.95,210.86,110.67,54.68,207.49,51.41,17.73,128.55,142.07,11.13,25.85,289.32,86.32,60.96,34.93,126.22,311.37,314.08,79.14,15.6,157.77,39.73,218.27,23.0,115.48,115.72,31.22,28.53,182.51,142.13,37.54,68.25,81.2,3.37,79.63,59.17,38.14,9.92,27.28,22.11,45.03,19.13,354.75,32.44,67.09,259.99,19.01,242.07,32.23,270.64,162.01,121.42,227.65,22.85,216.17,1.15,35.63,141.9,0.98,238.09,18.81,26.74,101.47,403.9,0,16,99.32,93.64,83.14,109.91,0.0,"Good experience overall, but UI can improve.",1
2181,13.71,392.98,6,2,20235,55.81,170.43,21.55,19.06,51.49,130.85,51.01,93.41,62.33,21.03,31.78,51.7,112.05,247.12,59.06,8.55,6.44,197.74,126.84,132.25,67.66,344.29,132.23,324.79,30.44,165.1,52.09,14.9,51.22,15.23,32.66,108.65,41.2,31.31,30.89,46.21,20.77,252.92,254.66,52.33,99.29,100.23,84.8,9.07,60.47,65.56,102.31,0.47,180.27,94.27,24.59,298.12,104.11,63.6,16.32,117.63,21.1,140.69,122.66,24.66,140.56,56.52,49.67,145.25,25.7,15.12,97.36,110.85,125.15,258.07,187.08,138.83,57.57,83.8,244.96,23.14,42.36,94.55,59.59,33.03,31.33,30.07,379.11,61.42,21.12,1.96,50.81,3.06,246.88,97.92,1,18,92.92,83.79,94.95,97.09,0.0,"Average app, could use more features.",1
2182,12.42,811.2,1,4,26996,21.13,115.72,87.26,71.25,170.58,50.84,30.16,59.79,201.44,82.68,46.79,180.86,31.32,25.12,88.07,43.13,188.74,44.89,20.73,3.48,169.16,43.97,62.11,33.01,183.86,4.67,71.27,6.72,122.48,72.63,205.72,15.2,6.24,78.87,84.25,19.84,32.07,91.08,12.27,28.24,116.58,93.34,91.26,73.95,185.63,36.32,188.89,87.66,66.02,295.36,38.17,48.02,12.1,29.08,72.6,10.8,0.96,52.94,63.13,14.32,144.27,106.31,42.27,40.41,43.5,65.57,10.43,23.86,50.17,82.98,69.17,69.74,30.93,32.95,46.89,62.19,104.28,2.03,66.09,255.77,25.72,61.24,102.02,118.73,48.99,109.97,138.81,56.63,18.86,41.77,1,49,72.86,59.63,77.8,69.08,8.71,"Average app, could use more features.",1
2183,22.72,413.28,8,2,392,84.3,65.81,186.81,208.13,96.3,82.77,287.23,2.34,160.51,50.47,38.51,0.9,122.4,36.25,31.64,132.97,119.04,89.49,180.95,48.08,9.63,129.33,16.09,45.13,182.17,2.6,6.99,105.88,156.86,32.61,109.06,118.97,63.86,120.24,221.84,55.24,29.25,120.13,62.79,20.5,209.5,69.49,141.17,36.06,43.24,28.03,123.42,62.27,2.0,63.46,4.47,111.0,21.55,259.54,19.97,30.56,51.54,65.67,17.44,87.46,334.32,27.31,55.02,34.28,31.08,84.62,102.47,106.3,21.13,83.85,19.01,38.35,63.59,10.59,128.62,122.78,39.38,8.21,16.45,200.88,83.23,55.9,57.42,153.92,68.76,29.04,21.0,403.53,147.21,2.8,0,46,84.81,76.19,90.41,85.03,5.37,"Good experience overall, but UI can improve.",1
2184,34.04,993.79,8,2,26648,49.33,67.36,18.42,63.73,135.46,165.02,307.92,123.63,253.0,161.2,71.71,72.5,297.41,14.67,208.89,6.22,54.94,3.77,219.55,72.16,57.87,26.27,140.21,174.33,149.94,16.27,113.56,161.79,54.78,150.31,55.36,12.72,175.2,12.57,29.38,502.63,94.11,215.09,28.42,191.38,78.87,12.22,53.21,69.98,150.13,9.01,80.32,151.72,27.49,247.66,24.84,12.35,13.01,287.48,30.77,273.31,29.63,103.78,163.68,26.42,20.35,186.83,11.91,47.35,223.51,210.0,181.99,53.65,35.78,114.5,42.34,130.04,158.44,152.49,324.86,124.11,76.22,114.96,155.78,7.23,54.98,26.81,147.81,39.99,76.03,39.1,55.57,5.68,83.79,54.29,1,28,105.9,91.66,113.74,98.55,15.19,"Very useful app, helped me a lot.",1
2185,28.28,601.25,6,4,14188,13.5,301.78,19.92,113.76,386.21,78.35,74.84,116.92,22.72,109.4,172.33,301.26,11.81,93.24,73.45,17.34,157.06,3.23,53.4,178.16,152.18,19.02,26.88,420.94,14.72,79.04,107.51,227.3,73.86,40.86,321.06,150.56,50.42,66.36,35.24,195.93,161.82,74.71,42.46,3.89,311.77,140.3,31.54,167.86,80.97,93.73,102.12,177.84,188.94,111.66,28.05,52.93,185.15,41.55,3.81,350.22,47.3,33.49,211.12,32.32,39.58,128.92,57.78,2.0,2.04,17.05,429.23,46.44,151.84,280.08,36.93,12.0,140.09,123.24,0.75,16.68,95.11,89.54,58.4,138.4,43.55,3.18,9.36,87.04,56.03,173.39,134.87,31.96,101.51,149.01,0,28,106.8,99.26,115.37,88.53,26.83,"Excellent design, works smoothly.",1
2186,1.59,929.42,7,4,26049,389.03,60.01,119.28,35.21,6.21,326.6,77.6,81.33,222.58,23.04,148.59,52.77,70.38,22.53,13.46,7.71,65.19,95.45,128.43,313.02,11.56,99.75,81.7,7.8,16.03,101.02,218.26,46.8,126.81,260.87,143.22,134.44,7.16,104.69,167.62,268.26,12.43,97.45,162.22,79.95,8.76,87.61,105.86,24.03,45.49,102.92,257.67,114.75,123.83,46.09,68.14,3.39,12.17,200.73,296.66,3.11,17.88,71.56,139.72,29.95,310.63,40.42,1.57,162.12,83.75,111.79,69.16,24.54,51.32,70.34,7.94,32.91,27.88,58.21,237.92,59.97,41.95,418.82,279.28,147.5,73.49,306.16,86.98,19.11,145.64,191.48,72.52,155.86,180.42,240.77,0,62,109.75,96.61,107.63,123.68,0.0,"Not satisfied with performance, too many bugs.",1
2187,18.79,809.64,3,1,10353,57.64,30.69,246.67,89.99,207.97,3.3,23.79,414.11,30.28,6.51,405.18,41.22,80.37,120.24,55.64,10.79,12.82,34.7,40.03,29.9,111.53,8.16,157.1,21.57,101.79,135.31,202.98,38.95,326.24,74.33,82.94,7.28,79.94,142.71,139.89,173.83,96.45,138.69,117.64,99.31,13.91,0.25,32.64,171.19,296.3,71.31,105.95,243.68,93.29,301.09,113.78,133.51,192.62,100.01,167.79,48.4,89.39,146.12,50.54,128.63,316.49,25.08,123.79,126.23,676.88,19.07,40.91,35.19,291.77,44.51,19.7,53.59,149.73,264.33,36.29,165.84,59.25,274.61,24.22,118.39,44.59,146.63,154.63,92.62,90.82,54.9,132.05,123.39,60.22,174.54,0,78,118.21,108.79,103.99,131.34,0.0,Did not meet my expectations.,1
2188,46.46,288.29,9,8,19132,41.31,375.38,91.6,121.11,467.25,47.31,79.64,22.94,116.67,64.55,55.46,60.11,62.69,22.69,118.86,31.6,144.84,44.72,18.95,51.89,127.17,600.18,11.56,75.79,201.5,199.02,168.65,61.17,60.02,71.86,47.27,8.26,20.62,96.47,137.35,376.82,157.37,58.23,132.8,3.66,99.0,74.74,13.4,82.97,135.88,292.08,2.73,55.72,60.37,147.84,82.24,53.62,36.14,78.28,10.9,39.83,16.76,56.51,124.13,11.71,55.2,92.93,265.97,63.85,27.26,5.85,24.34,305.61,10.89,9.24,37.15,399.18,135.82,135.71,73.71,328.09,8.69,19.69,174.07,32.52,39.94,6.28,111.5,112.1,176.51,282.28,182.26,29.17,39.88,75.75,1,11,104.35,110.59,120.55,108.72,11.84,"Good experience overall, but UI can improve.",1
2189,53.06,525.03,7,0,19004,61.52,98.07,79.02,7.58,135.19,111.22,89.49,228.07,32.58,82.24,207.97,556.42,53.19,159.73,204.41,104.68,29.82,40.37,7.57,135.47,48.57,57.68,15.95,8.28,98.7,176.91,21.2,143.29,77.99,160.55,26.17,26.33,181.5,75.31,65.59,291.51,6.09,54.65,11.38,67.47,36.89,141.1,60.47,98.97,94.97,130.24,17.23,40.74,14.35,77.84,37.2,104.06,50.36,124.17,63.9,39.23,155.85,22.13,179.48,11.77,96.01,155.44,21.5,152.55,607.44,5.67,55.79,107.62,48.41,60.86,12.91,18.71,47.82,3.95,101.61,129.06,87.88,6.15,51.31,65.57,9.66,92.76,184.43,62.67,86.93,90.5,51.87,36.28,12.01,48.19,0,64,89.47,94.96,107.79,83.72,24.07,"Too many crashes, needs urgent updates.",1
2190,16.5,564.72,2,1,6842,144.31,124.99,49.0,124.64,9.28,20.0,151.24,149.73,77.23,74.91,270.2,125.18,34.17,114.7,120.19,138.78,12.34,120.15,18.97,144.72,97.52,136.32,235.45,173.49,42.0,80.9,49.43,17.68,54.72,67.12,160.37,41.74,35.97,419.39,21.87,305.39,22.72,270.05,141.06,165.38,45.1,140.84,14.49,3.68,211.73,4.93,26.02,113.71,11.69,95.18,484.34,63.49,254.11,117.83,226.73,434.05,37.35,0.19,306.41,102.83,6.17,14.39,29.58,84.56,76.52,333.88,8.46,69.96,113.61,43.07,212.39,2.57,257.7,144.98,40.87,97.42,22.95,24.17,27.67,54.68,48.06,15.19,28.78,214.81,6.39,29.5,219.49,91.65,13.01,69.44,0,55,107.33,103.13,99.31,80.06,19.25,"Too many crashes, needs urgent updates.",1
2191,14.17,390.31,9,8,16933,410.9,124.5,16.67,0.56,344.71,109.43,227.32,76.01,119.84,27.0,29.55,73.8,14.47,167.65,107.37,45.75,117.32,447.58,26.91,373.89,352.1,45.07,157.91,97.35,73.82,33.26,31.0,160.39,11.77,40.03,57.42,99.09,36.87,143.55,34.99,196.02,111.44,160.66,46.3,439.87,15.4,33.16,52.14,78.87,266.2,89.86,67.94,22.55,125.81,86.28,39.64,0.83,132.61,84.85,0.86,12.14,73.85,59.94,14.35,7.7,216.24,168.39,119.61,140.59,7.34,29.54,214.54,169.15,179.64,226.56,17.79,92.73,266.48,4.07,69.94,102.87,204.02,134.88,85.95,99.67,23.18,64.52,96.67,141.22,45.49,83.5,256.15,189.69,889.39,44.14,0,28,120.43,130.02,128.8,146.13,0.0,"Fantastic app, highly recommend!",1
2192,52.53,868.58,10,1,9561,29.51,112.35,29.64,72.48,162.2,17.74,36.59,15.14,100.72,241.1,215.71,97.79,11.0,105.27,32.05,325.48,30.56,4.49,95.22,203.95,66.61,4.49,19.43,38.21,12.18,130.73,12.9,7.94,14.59,15.83,26.19,78.51,7.62,54.92,258.01,11.43,169.44,250.98,84.96,116.57,58.33,84.31,9.09,84.18,9.06,10.71,7.96,3.22,164.51,57.15,275.89,547.37,57.12,6.04,5.66,105.12,58.75,75.71,29.81,33.76,52.7,69.29,2.38,85.03,112.39,4.06,27.03,6.6,35.92,28.81,2.77,242.42,309.07,0.56,144.99,10.96,64.14,137.13,108.05,90.26,17.08,1.93,200.82,285.22,44.31,61.29,152.6,59.13,187.44,49.75,0,70,84.43,94.52,75.4,86.47,0.0,"Fantastic app, highly recommend!",1
2193,16.46,479.05,7,3,14507,14.73,160.16,94.39,95.38,77.61,92.81,47.32,114.88,99.3,246.75,111.04,66.5,250.42,23.43,19.93,23.03,349.61,34.66,11.85,37.01,28.5,76.55,96.64,155.87,6.21,10.87,392.28,165.45,121.6,85.76,12.48,102.13,300.55,193.32,48.37,80.68,212.43,29.48,33.46,47.25,17.96,78.57,10.98,10.58,345.72,0.58,55.89,20.92,157.82,105.69,6.09,128.37,93.8,127.93,119.76,52.24,15.49,87.95,11.88,94.11,127.39,415.2,17.05,2.92,181.98,19.42,29.67,145.61,63.59,1.95,156.52,45.84,108.15,54.98,13.77,50.72,144.7,113.15,20.65,60.96,426.7,137.79,59.5,252.51,301.06,99.3,82.14,56.71,141.32,3.82,1,88,100.53,97.31,103.68,111.17,0.0,Did not meet my expectations.,1
2194,41.13,634.16,10,8,17074,42.53,643.95,27.7,62.09,77.34,198.87,9.26,2.17,26.49,36.92,51.97,275.83,59.89,105.2,51.23,18.3,55.61,14.48,4.83,4.77,3.46,150.07,175.88,41.44,182.37,0.57,1.56,177.87,67.34,79.18,0.64,61.6,128.98,54.18,1.1,80.46,104.48,30.09,31.35,24.05,138.12,174.55,0.25,13.25,231.02,7.7,27.81,282.58,126.66,182.69,57.42,2.17,136.33,1.65,206.21,23.6,40.95,27.27,22.67,145.92,31.06,16.01,2.09,14.79,399.49,33.6,120.2,104.87,24.5,299.39,30.07,8.12,2.41,28.89,155.15,46.2,245.63,80.75,117.73,96.36,66.93,256.65,55.26,109.18,107.02,59.44,37.91,259.19,172.69,53.76,1,26,89.45,102.33,88.31,101.18,0.0,"Excellent design, works smoothly.",1
2195,43.68,487.63,7,8,20095,10.16,0.4,200.39,64.02,68.73,16.95,87.7,344.5,144.35,43.97,0.3,219.27,15.25,315.24,27.1,19.8,57.89,68.07,32.05,63.3,74.21,68.19,54.33,195.66,321.78,179.18,46.89,23.11,3.75,45.46,4.24,16.88,40.6,128.03,63.46,142.33,278.77,295.99,32.81,27.28,22.57,67.11,138.07,136.15,16.56,82.54,14.59,17.58,59.08,106.02,8.81,5.03,10.39,190.52,143.84,108.64,4.31,59.84,90.03,78.01,173.25,6.28,251.61,30.83,77.11,120.54,175.94,42.5,23.08,113.62,87.32,130.76,51.58,186.76,119.45,210.25,51.74,88.04,39.2,155.97,23.57,106.59,60.94,7.19,37.04,173.21,61.62,20.45,13.96,355.05,0,57,91.08,85.8,93.73,99.85,0.0,"Affordable and reliable, worth it.",1
2196,44.09,541.37,8,0,12883,16.62,1.63,91.75,61.12,69.29,18.2,246.69,1.49,224.3,173.72,96.76,86.62,88.61,47.76,30.44,19.3,223.63,100.55,42.63,68.75,15.48,13.7,109.47,61.9,40.42,47.38,21.63,32.12,253.15,102.06,135.11,15.58,55.49,37.69,209.73,29.84,160.14,88.96,127.6,53.21,46.88,123.6,22.78,41.84,109.59,64.87,0.94,18.08,84.7,125.34,18.1,120.42,143.81,20.75,1.74,21.87,70.44,19.35,1.53,155.1,202.22,20.57,104.4,38.18,57.55,120.98,178.87,329.42,225.38,37.01,23.23,234.69,36.75,15.78,8.26,93.8,39.18,126.14,72.62,188.63,300.92,305.14,101.45,233.07,7.01,42.6,105.87,52.34,114.94,17.07,1,27,88.51,78.65,80.24,114.47,0.0,"Average app, could use more features.",1
2197,16.85,299.2,4,1,20490,73.25,218.87,168.1,18.89,53.97,22.6,181.06,140.47,146.88,16.92,18.58,32.34,38.92,82.26,63.92,137.97,110.91,18.69,149.76,275.83,2.04,0.66,201.46,2.42,38.54,94.45,80.71,383.34,157.63,12.02,256.2,69.11,364.12,16.26,12.5,64.05,93.74,178.46,40.97,29.35,19.86,153.33,224.26,16.16,155.47,72.45,8.28,20.41,120.66,141.85,59.15,112.73,315.36,25.28,49.83,153.57,44.77,11.92,69.67,31.23,91.48,9.44,30.85,32.22,11.16,39.26,66.64,152.59,91.65,72.47,86.36,65.47,281.99,16.09,4.46,48.87,77.66,334.42,19.51,43.03,210.77,147.21,65.68,185.84,13.72,6.38,91.21,272.63,87.23,4.63,1,16,94.84,89.86,98.11,88.7,9.42,"Average app, could use more features.",1
2198,13.33,531.22,10,7,27518,279.53,35.56,121.7,73.93,89.53,128.43,26.31,42.11,12.51,37.83,19.89,130.88,281.26,404.19,2.43,152.23,100.34,8.67,69.97,7.98,93.34,58.58,192.3,144.49,81.31,168.55,68.67,50.34,3.57,280.1,16.4,118.57,20.55,120.88,26.61,137.44,33.68,18.13,354.42,18.63,22.25,56.55,17.13,15.31,3.97,107.62,15.39,132.51,141.58,60.87,275.43,163.86,15.98,25.74,10.72,17.08,59.55,3.93,98.37,28.8,142.09,13.0,4.85,84.16,276.73,108.88,106.95,63.9,69.5,199.85,4.33,117.24,21.81,87.33,175.88,218.88,31.79,110.87,55.37,4.9,328.12,13.44,94.76,56.02,201.84,241.83,44.58,87.04,3.66,8.01,1,88,92.02,90.01,105.55,99.25,6.3,"Good experience overall, but UI can improve.",1
2199,38.34,851.1,9,3,12980,64.66,45.44,22.45,9.91,31.47,138.9,47.59,19.26,27.46,18.39,65.54,11.31,138.44,180.55,81.58,23.4,174.54,49.76,91.21,28.77,1.97,9.91,200.07,6.25,71.19,75.86,5.53,99.82,41.57,40.77,101.33,425.15,33.24,55.78,171.13,60.79,104.08,15.98,31.12,43.03,74.01,55.55,46.95,9.43,1.41,716.89,538.64,137.5,248.59,118.8,129.25,40.51,88.2,46.81,73.17,34.85,376.68,139.57,48.85,22.28,22.73,190.45,200.54,16.28,35.33,2.2,211.88,121.45,136.87,122.6,83.32,2.42,23.83,214.69,2.96,170.94,14.41,36.23,140.8,220.49,31.56,140.97,18.21,49.53,9.03,118.71,111.99,7.91,35.81,43.27,1,31,92.78,113.3,60.79,84.58,0.0,"Affordable and reliable, worth it.",1
2200,66.39,970.87,10,9,5118,101.33,90.07,58.38,93.32,122.72,49.78,129.72,107.07,67.4,116.95,101.47,73.91,87.12,33.33,11.8,99.14,43.46,236.55,21.44,249.19,38.55,15.99,5.82,64.92,329.67,252.44,56.43,10.22,17.05,4.8,162.48,138.62,156.74,61.41,36.83,71.82,227.31,65.66,207.44,8.94,69.99,329.52,64.58,264.04,43.02,29.77,138.29,37.68,98.59,17.98,58.39,150.17,76.08,51.66,16.54,3.1,177.58,12.2,101.55,24.43,41.7,147.57,35.86,132.6,59.21,43.84,331.39,71.19,10.06,203.31,238.02,50.37,43.31,7.82,289.75,18.61,575.99,129.03,14.79,3.8,4.88,77.9,153.99,117.63,50.76,179.06,57.09,30.9,117.66,62.87,1,38,98.82,95.95,89.67,110.03,0.0,Great customer support and easy to use.,1
2201,48.46,539.37,8,2,10696,111.31,82.37,29.21,128.69,9.44,276.15,7.47,92.14,28.1,299.1,113.35,150.15,89.33,140.66,236.47,185.43,203.71,24.62,101.2,30.46,110.71,95.96,96.98,57.59,130.11,11.69,119.97,54.71,255.76,144.3,170.72,57.74,98.22,9.75,162.9,311.88,2.5,16.86,133.97,21.02,47.42,26.11,51.47,115.08,46.08,155.95,2.34,138.03,54.79,89.93,72.3,99.11,135.5,8.73,2.4,290.36,23.54,23.11,70.19,280.22,301.54,45.53,139.51,105.72,29.44,319.46,71.92,27.0,4.79,99.39,88.68,81.47,11.07,19.53,19.94,45.19,18.48,27.69,106.37,65.1,33.17,159.44,70.41,149.81,34.72,48.94,76.91,38.97,143.02,140.05,0,62,96.21,80.57,113.91,84.11,29.8,Great customer support and easy to use.,1
2202,25.47,359.57,7,9,21124,126.87,103.19,52.55,418.36,76.4,76.02,47.06,79.95,46.19,213.24,94.33,114.47,63.56,20.03,24.88,42.68,37.27,22.7,50.5,168.53,149.47,7.85,69.01,29.94,194.58,306.93,197.15,57.95,141.28,17.56,5.95,61.52,300.32,158.19,39.08,270.34,5.59,142.58,20.93,150.51,271.58,70.08,195.51,114.23,29.53,43.06,264.68,40.47,28.98,123.39,168.66,86.21,90.13,14.33,59.59,51.74,62.93,42.92,7.57,54.82,32.07,108.98,27.78,189.64,115.85,2.98,18.66,52.69,56.17,98.07,175.39,41.78,15.54,18.15,14.92,103.33,142.07,59.92,436.99,108.75,95.65,142.45,102.48,113.41,50.76,2.14,37.93,237.77,12.6,69.37,0,20,96.78,88.09,101.68,89.48,12.21,"Very useful app, helped me a lot.",1
2203,58.22,396.57,9,5,1069,205.64,191.31,8.7,136.49,29.48,37.63,32.74,15.51,225.54,158.09,54.78,78.74,38.12,69.82,15.39,66.39,66.28,114.59,168.88,412.41,40.16,206.2,38.16,53.9,28.5,97.07,151.66,212.58,378.17,193.63,91.08,23.54,145.07,34.9,85.78,395.86,252.41,12.05,191.65,58.38,129.6,9.27,28.35,162.37,10.17,156.78,5.9,146.48,11.74,308.07,9.08,125.12,17.52,111.86,64.74,50.13,3.21,81.59,33.0,157.54,77.04,118.51,21.82,149.5,1.75,45.66,41.21,64.07,68.15,350.78,63.69,0.02,52.11,98.67,9.89,103.47,59.28,38.09,61.24,245.18,138.97,36.73,320.75,6.47,31.48,303.09,54.43,128.59,62.9,178.67,0,15,104.13,96.81,117.55,97.74,19.81,Great customer support and easy to use.,1
2204,36.31,536.53,5,7,28243,97.26,13.02,135.6,210.4,238.71,11.68,138.73,10.06,96.81,226.21,77.7,46.21,22.4,83.35,95.96,74.02,78.02,30.58,10.65,49.83,59.68,40.02,70.6,141.77,247.98,37.68,48.75,219.42,246.24,36.96,84.3,145.02,163.91,23.14,39.57,219.04,205.78,298.83,481.46,141.45,68.91,42.53,92.06,32.19,4.11,83.4,292.23,186.09,40.09,56.46,24.0,181.21,110.98,28.95,38.27,62.97,74.16,33.82,20.53,46.27,168.02,74.64,12.4,376.0,295.91,88.62,363.18,8.32,3.97,219.07,53.02,169.04,12.46,365.5,96.26,133.82,78.1,83.23,85.58,17.31,54.59,267.89,220.46,14.09,55.25,58.87,138.33,94.78,161.04,12.17,0,57,111.11,99.41,96.54,126.06,0.0,Did not meet my expectations.,1
2205,58.29,885.92,9,8,5673,6.89,186.42,61.4,67.58,47.06,252.67,19.11,24.09,408.28,19.78,152.25,30.54,96.41,68.29,424.7,167.49,88.39,73.03,4.35,102.25,7.73,85.17,73.8,296.76,28.51,123.16,293.28,197.35,101.42,99.86,17.17,10.56,264.03,25.93,48.53,62.7,95.98,62.46,43.52,5.54,130.23,297.62,169.56,85.64,126.64,355.01,94.21,119.34,17.96,11.12,24.45,100.23,59.68,82.53,49.89,30.74,331.22,12.72,28.5,5.24,55.92,234.61,53.42,199.65,391.2,52.98,107.92,93.46,50.99,229.17,454.24,28.91,504.02,100.55,3.28,97.44,52.57,66.84,258.52,126.44,0.7,26.78,2.81,113.31,124.31,15.59,135.86,46.42,180.34,289.9,0,75,116.39,115.19,120.27,136.61,0.0,"Affordable and reliable, worth it.",1
2206,25.22,454.08,6,5,27538,12.47,16.16,195.25,128.4,33.33,32.9,21.77,13.55,26.71,252.11,64.83,45.35,87.02,20.07,154.96,13.06,12.64,86.68,15.78,151.35,10.18,62.35,23.27,111.56,140.71,158.92,129.35,2.9,3.22,6.52,95.12,34.75,0.89,103.2,39.51,41.48,86.1,25.38,95.96,104.67,240.8,207.6,69.99,37.28,167.23,183.73,17.02,62.63,344.56,63.5,105.66,40.41,64.41,326.15,12.83,46.16,208.21,314.16,168.95,16.0,21.65,38.0,58.96,91.44,150.53,36.18,149.15,348.89,39.0,139.57,117.03,44.81,86.24,155.53,22.29,150.16,500.84,14.46,469.39,21.07,23.29,52.39,67.78,138.48,266.14,35.47,80.76,215.9,235.11,9.35,0,10,101.53,102.2,67.78,126.0,0.0,"Average app, could use more features.",1
2207,14.41,743.07,6,0,11359,95.59,8.91,17.94,7.65,1.36,11.98,134.35,48.83,170.21,11.56,21.25,98.86,99.42,122.95,4.42,243.66,129.3,44.43,63.98,60.58,12.01,80.24,16.58,11.97,58.98,202.55,5.4,321.74,96.98,382.12,268.49,166.75,25.42,87.89,299.17,39.35,33.99,3.62,67.19,376.51,153.65,69.16,109.08,413.14,151.83,256.01,27.58,58.37,95.79,105.14,372.6,60.59,203.88,256.97,20.2,14.2,106.48,145.93,202.91,34.63,240.62,294.7,61.88,138.89,175.26,330.17,92.88,127.26,45.63,3.28,58.53,123.99,51.29,4.08,114.09,269.39,159.26,238.14,39.71,68.97,11.47,219.01,145.21,6.02,104.73,42.74,133.99,92.9,48.74,3.87,0,85,113.99,103.21,86.19,114.89,0.0,Did not meet my expectations.,1
2208,44.05,447.7,1,4,28152,121.92,15.28,109.11,129.24,100.53,216.96,27.1,87.43,31.91,80.92,76.53,27.02,64.76,4.03,149.33,4.86,7.28,61.03,216.71,26.26,41.13,12.93,63.45,85.43,143.23,248.32,98.29,202.69,162.26,320.36,249.76,64.69,71.15,145.71,121.3,92.57,82.37,55.6,48.07,124.8,5.32,117.62,116.24,25.82,51.3,10.02,230.9,17.17,246.78,108.01,137.42,16.65,137.77,176.54,33.37,253.35,181.84,145.85,54.37,275.66,103.63,82.06,8.21,5.86,136.69,189.95,99.63,109.47,21.54,50.09,15.99,366.12,56.52,173.04,203.88,88.86,183.88,74.72,5.24,148.21,128.48,1.52,253.08,16.51,102.45,14.59,16.07,90.02,48.57,84.13,0,43,102.37,80.75,97.88,95.97,1.91,Great customer support and easy to use.,1
2209,54.09,731.51,2,7,23919,22.21,142.53,137.25,204.16,29.92,36.98,153.22,8.93,14.89,115.09,2.17,16.77,70.82,17.73,5.7,551.34,221.2,275.64,8.94,14.93,48.39,420.94,140.91,52.42,24.51,12.75,129.51,48.33,130.03,112.95,94.78,123.18,36.95,59.97,12.8,6.94,80.09,183.85,26.47,323.69,137.18,56.33,108.44,345.08,13.11,11.12,29.23,53.62,19.55,34.12,96.56,187.35,53.06,168.88,22.67,301.2,1.73,29.89,141.42,112.89,99.98,71.39,27.32,9.34,75.41,24.8,105.12,278.95,54.83,122.57,130.12,179.98,73.72,178.43,59.96,113.12,34.23,134.52,115.1,72.83,31.27,184.84,7.42,150.25,201.14,6.57,120.62,34.47,278.97,61.1,1,39,100.91,99.46,105.7,101.28,4.43,"Too many crashes, needs urgent updates.",1
2210,0.08,269.2,4,8,24842,50.27,134.5,238.68,88.31,21.51,107.07,82.32,93.59,320.59,104.9,28.83,11.26,48.61,176.38,15.7,11.08,475.61,122.54,15.27,16.17,21.27,70.48,10.25,72.27,24.76,56.53,3.56,95.36,48.36,357.56,6.1,355.03,105.73,3.98,258.94,66.43,467.86,123.96,109.93,77.6,156.85,49.63,31.44,159.67,41.99,7.67,54.99,132.26,68.34,14.96,194.74,36.48,0.97,178.33,16.68,208.68,308.9,57.57,86.73,56.95,13.75,206.35,458.88,29.21,82.6,249.28,65.28,111.73,22.89,110.6,7.5,74.71,38.16,59.19,260.75,342.5,84.73,59.13,497.63,100.08,216.99,243.44,7.1,41.96,166.45,565.79,166.89,38.77,118.51,25.48,0,74,120.33,126.37,97.45,148.88,0.0,"Excellent design, works smoothly.",1
2211,36.19,305.9,5,4,4768,283.01,468.77,59.74,106.62,6.23,152.94,156.86,10.76,53.58,234.4,15.69,57.98,169.64,151.49,38.22,11.27,65.14,290.79,71.55,91.59,90.53,315.75,234.59,236.69,100.53,0.97,319.62,315.16,62.22,20.1,470.67,101.62,64.85,125.99,316.17,16.84,74.36,129.74,375.59,325.16,11.85,87.89,95.03,275.97,11.07,43.39,46.21,11.66,382.33,128.42,48.97,21.22,508.33,42.6,89.45,45.99,60.62,44.39,144.33,89.16,82.19,225.43,53.28,5.63,30.49,250.23,22.9,18.09,51.79,76.26,146.24,372.44,2.45,131.63,38.08,138.98,160.39,271.1,59.6,15.17,92.94,29.87,77.22,1.99,6.56,165.8,421.98,42.89,11.44,76.04,1,56,127.35,125.06,139.75,102.64,37.11,"Average app, could use more features.",1
2212,31.0,462.61,7,2,5140,71.94,71.08,149.45,122.68,234.12,208.67,20.39,3.1,98.19,41.33,78.41,135.95,60.85,284.34,135.49,51.9,166.09,41.13,349.57,53.66,101.51,1.75,49.32,510.5,260.44,135.39,17.97,185.8,86.6,53.36,53.43,3.5,73.56,104.21,69.59,22.36,165.29,148.21,103.39,390.52,423.97,155.59,150.83,32.41,12.86,45.92,13.33,3.64,26.47,27.0,175.79,3.08,125.1,58.8,10.59,31.52,112.91,173.56,14.61,83.33,45.86,17.42,79.15,130.73,178.32,74.23,34.23,2.66,434.07,156.93,36.28,384.55,59.54,71.36,220.0,91.1,145.4,31.7,23.7,209.5,256.31,51.67,56.05,111.23,51.85,143.47,56.18,200.96,63.18,48.92,1,48,111.81,105.79,126.03,115.55,10.48,Great customer support and easy to use.,1
2213,47.08,351.28,5,1,10461,165.54,38.09,93.2,121.46,140.76,118.46,94.29,216.09,173.73,226.97,5.43,68.52,17.69,80.8,17.5,3.46,0.33,100.85,37.76,30.24,159.44,103.19,18.23,34.55,285.5,93.05,281.55,18.79,13.15,48.09,191.51,64.63,41.91,229.12,21.94,19.1,230.29,103.51,41.08,14.43,333.93,102.2,11.04,13.45,68.37,2.46,69.44,3.44,128.24,177.83,217.63,336.31,126.41,71.84,82.78,39.54,9.69,24.47,61.08,2.97,127.74,115.93,99.78,14.55,156.02,91.83,136.0,17.24,183.33,205.01,36.09,23.69,182.11,58.69,34.36,225.53,26.53,22.79,63.69,81.14,101.01,176.59,50.94,127.06,5.02,247.83,7.53,131.12,210.96,32.53,0,67,96.0,82.87,93.56,99.76,0.0,"Average app, could use more features.",1
2214,42.59,223.98,1,2,24873,147.25,38.39,85.52,129.03,171.16,258.17,52.02,84.44,46.28,10.32,2.16,208.96,101.01,154.02,56.72,152.53,172.56,13.88,173.97,11.59,19.73,68.93,146.68,296.71,91.58,5.16,25.73,23.57,251.7,94.4,17.1,191.7,37.18,36.16,140.26,16.26,192.69,39.31,85.21,40.43,56.99,60.38,163.02,251.35,5.79,312.71,16.83,19.76,13.72,138.28,294.41,27.23,194.67,98.95,6.27,30.77,13.98,4.45,110.06,10.86,266.05,159.64,157.88,319.07,198.93,18.67,108.12,99.21,316.82,109.65,57.2,156.73,252.07,118.29,237.57,38.62,75.17,38.42,258.85,10.25,6.13,20.17,45.67,42.19,67.98,228.33,209.9,32.59,4.03,37.66,0,27,104.59,90.92,103.14,123.06,0.0,"Good experience overall, but UI can improve.",1
2215,40.07,585.01,5,2,10073,3.83,15.55,21.43,19.7,73.24,108.43,101.04,103.03,107.53,7.56,21.56,29.71,215.31,265.55,54.12,54.58,45.13,113.82,134.19,299.55,11.87,144.85,256.77,60.33,20.87,152.09,123.0,281.51,3.4,165.17,4.64,262.35,124.07,78.79,26.55,10.17,20.69,200.71,43.28,429.66,118.47,98.83,49.88,155.5,276.92,67.7,174.94,125.53,100.91,16.19,46.27,11.58,95.73,29.11,39.08,49.28,72.0,133.69,143.0,55.07,20.14,107.08,138.82,124.81,32.81,576.43,86.56,4.25,5.53,97.61,180.76,580.64,7.42,9.43,111.26,142.47,215.93,296.19,540.02,59.45,56.99,102.88,90.39,23.1,45.07,121.17,62.02,105.39,103.92,206.92,1,10,114.79,118.06,100.49,141.85,0.0,"Not satisfied with performance, too many bugs.",1
2216,20.48,516.18,9,0,6339,26.04,118.87,203.15,22.99,67.24,59.34,128.28,60.53,20.84,28.17,21.24,424.5,129.03,8.31,110.26,5.93,66.51,231.95,166.05,218.12,137.5,17.7,109.77,12.83,12.37,28.41,84.49,22.76,10.33,56.71,40.22,251.21,59.6,21.07,149.94,84.85,79.05,132.7,31.03,252.98,20.41,53.28,25.84,1.19,8.28,121.2,146.38,36.15,174.95,95.27,51.82,71.49,4.99,26.08,2.17,15.7,144.18,25.0,2.5,44.33,1.1,11.98,94.32,4.03,244.55,267.32,9.83,187.56,8.36,54.87,39.07,33.88,19.73,223.34,108.29,389.5,309.54,54.75,10.83,57.59,19.58,59.77,23.9,70.16,63.62,200.55,108.34,19.62,68.67,37.68,0,84,84.29,88.35,87.01,93.41,0.0,Great customer support and easy to use.,1
2217,14.36,411.97,9,7,16513,85.87,32.24,34.6,41.98,20.25,29.4,41.59,28.75,154.9,4.19,187.39,332.59,56.66,237.19,11.74,113.18,27.25,331.49,38.28,111.93,381.87,204.46,63.18,95.66,26.19,289.02,36.68,125.01,55.08,69.94,107.92,112.27,365.83,140.13,51.74,29.49,45.08,274.48,99.53,241.57,28.15,8.4,40.69,49.37,67.48,94.91,199.94,11.41,13.52,190.74,8.93,6.03,805.97,112.92,13.2,44.17,36.34,25.58,40.46,198.63,162.21,25.8,60.06,70.83,64.47,145.79,197.34,4.69,14.01,265.77,67.82,170.82,46.13,54.59,413.44,18.16,53.09,280.93,454.36,110.66,295.11,45.97,2.14,202.29,140.56,49.68,5.34,14.67,104.06,84.67,0,81,115.1,128.29,108.95,120.85,0.0,"Very useful app, helped me a lot.",1
2218,22.54,593.4,10,5,19284,91.58,78.51,2.26,96.41,64.63,70.98,162.51,82.04,97.97,16.23,116.66,182.76,42.22,37.26,100.1,124.99,55.31,28.59,115.76,5.43,183.17,66.38,75.86,5.08,87.7,49.72,188.42,175.59,15.18,71.05,66.86,86.63,473.94,109.27,58.73,373.23,82.53,110.14,36.63,95.51,50.26,145.65,229.95,84.07,142.75,72.73,150.8,365.06,86.36,279.53,51.62,154.0,4.15,78.71,115.97,51.82,88.74,15.36,33.16,137.42,117.36,18.93,74.69,184.44,1.93,82.5,138.5,100.5,217.43,13.75,103.49,56.97,380.26,262.21,175.56,13.77,16.48,67.63,11.34,246.79,176.95,40.44,8.97,65.64,52.51,79.93,106.18,3.8,23.52,38.86,0,27,102.26,89.65,83.01,96.04,0.0,Did not meet my expectations.,1
2219,32.68,722.41,3,5,19905,47.44,10.3,144.0,104.91,88.74,245.07,6.33,26.21,44.14,42.34,19.54,23.57,13.1,0.6,74.48,76.83,0.73,34.22,89.91,52.08,88.4,189.18,285.3,363.13,8.87,9.55,13.86,312.48,35.32,1.2,78.79,15.27,92.4,70.6,9.49,29.53,69.59,95.05,94.57,19.6,23.56,144.26,49.41,60.19,141.59,9.26,17.94,141.66,328.59,55.02,97.41,29.23,53.27,8.43,73.34,18.72,137.44,306.32,104.71,136.95,166.39,0.15,2.66,78.19,22.49,146.08,529.41,23.13,24.41,81.55,27.15,43.62,37.62,295.28,46.62,91.57,5.63,37.36,29.52,120.16,89.52,145.98,44.63,131.12,300.82,307.0,101.17,286.47,0.25,183.1,1,62,92.92,100.88,81.73,113.3,0.0,"Good experience overall, but UI can improve.",1
2220,16.16,363.77,3,1,16525,43.63,19.66,496.83,151.01,30.63,151.54,3.09,294.46,60.25,221.28,24.09,0.41,65.73,56.66,320.79,10.3,26.11,119.3,54.16,12.01,9.52,55.98,114.59,150.53,204.24,31.74,54.58,74.69,104.31,117.1,35.62,30.89,6.32,108.49,408.57,23.0,203.74,220.86,12.52,112.29,214.68,58.01,14.11,271.02,17.31,22.96,84.38,31.86,355.59,4.94,20.71,54.34,16.46,69.43,35.37,38.35,133.47,73.78,153.43,45.56,48.7,301.32,50.48,114.78,74.77,74.04,56.1,88.13,60.84,139.21,234.23,15.78,13.83,206.78,51.49,119.89,19.37,115.51,144.7,34.58,13.78,277.53,60.54,229.27,33.59,11.58,165.18,54.53,9.82,37.96,1,50,97.95,99.45,102.64,95.28,7.36,"Too many crashes, needs urgent updates.",1
2221,37.38,316.47,2,2,18448,36.29,297.89,15.53,83.74,225.0,32.71,52.99,50.06,134.03,36.51,184.98,37.4,11.25,75.35,133.32,200.99,89.77,154.95,253.52,89.95,46.72,78.0,199.57,276.13,54.16,72.61,42.67,166.01,101.93,17.78,79.25,105.98,37.89,189.68,93.1,87.95,83.62,65.04,200.54,59.27,169.31,78.45,84.71,24.57,2.36,65.0,104.0,8.97,4.08,56.6,73.84,60.8,78.72,69.15,43.03,227.0,206.04,31.53,33.08,129.3,64.59,180.56,172.79,146.89,66.19,131.71,58.31,120.27,40.56,259.88,54.16,239.71,202.36,15.41,87.92,83.01,50.35,107.51,102.96,57.12,262.27,238.38,25.74,306.07,40.25,5.79,62.78,164.44,38.54,198.43,0,17,104.33,76.54,108.39,119.5,0.0,"Excellent design, works smoothly.",1
2222,59.33,854.29,6,8,19426,60.8,190.47,40.62,25.01,209.92,10.58,55.6,133.06,341.79,101.4,86.68,65.53,81.66,0.19,42.15,128.6,6.24,117.49,5.66,42.14,34.14,127.86,268.68,16.76,64.19,10.9,86.09,59.18,177.09,102.54,2.62,57.48,41.08,172.11,69.63,61.6,76.06,50.68,10.33,10.53,53.65,236.02,47.88,32.38,63.69,222.0,56.98,15.95,34.09,58.37,32.92,214.63,13.57,87.67,133.47,194.48,133.72,29.66,78.98,54.39,23.76,223.47,149.87,340.59,51.53,142.09,49.95,94.6,116.18,200.15,37.38,62.14,86.93,0.42,50.51,156.79,30.38,23.63,28.27,23.2,20.54,23.09,8.15,3.02,0.72,274.09,48.11,22.8,36.11,44.8,0,14,82.37,77.38,89.77,79.11,10.66,"Average app, could use more features.",1
2223,35.68,0.0,1,8,28345,76.16,285.47,34.01,63.86,3.03,91.76,98.55,33.19,191.93,103.75,18.63,10.33,28.97,53.25,84.05,238.81,24.95,192.97,4.84,10.96,384.67,88.46,63.1,120.27,24.57,206.92,55.0,14.49,21.51,91.68,17.85,60.94,40.61,49.94,4.71,128.88,111.38,41.29,64.44,58.53,24.88,75.54,274.31,29.69,3.13,48.63,3.13,29.64,68.91,124.5,45.57,78.02,56.7,0.22,148.8,53.14,30.52,16.74,62.01,39.75,483.84,81.25,216.83,241.26,211.96,222.25,31.24,65.42,64.41,679.54,96.99,35.52,34.95,148.34,163.41,32.22,23.04,150.45,87.83,103.19,98.47,59.33,18.06,188.17,64.41,36.97,20.57,148.48,121.12,34.2,1,14,94.18,105.4,90.67,132.12,0.0,"Excellent design, works smoothly.",1
2224,22.52,559.91,6,2,28024,9.41,8.02,113.41,7.0,126.48,164.72,66.95,130.44,361.24,316.11,385.33,21.01,19.8,165.65,19.85,138.34,182.9,80.59,73.61,55.07,127.17,5.88,89.99,37.02,39.3,41.31,0.65,107.28,95.3,17.03,34.37,1.62,52.23,96.81,33.7,139.32,4.69,56.48,107.87,24.63,125.3,99.3,405.02,317.24,111.09,27.41,125.83,114.22,10.73,22.71,24.41,9.85,123.52,5.22,36.09,34.54,139.2,138.34,3.91,22.38,55.02,53.9,57.97,242.54,243.39,89.11,351.3,20.48,77.09,236.38,33.75,37.89,52.74,176.01,97.91,193.97,108.69,207.75,11.09,78.01,6.92,100.07,110.69,85.08,18.28,78.97,234.61,384.66,318.96,4.56,0,27,102.47,100.21,100.23,125.59,0.0,"Fantastic app, highly recommend!",1
2225,11.59,664.28,1,5,22244,54.45,43.83,18.63,61.4,189.7,41.58,0.7,41.14,24.02,67.16,83.4,148.13,54.68,0.14,101.05,94.26,10.43,3.61,44.56,53.36,349.68,25.94,324.17,79.09,202.83,20.47,95.64,134.65,76.23,60.14,59.8,139.35,152.06,420.11,69.64,65.6,479.7,134.07,35.42,46.36,106.04,27.73,65.75,79.93,5.54,64.04,149.46,63.39,121.44,135.05,36.52,277.76,81.93,0.62,41.48,178.11,302.65,38.78,242.64,49.04,10.52,65.73,28.59,61.57,22.71,65.39,580.71,54.93,47.68,4.33,189.15,13.7,391.19,132.44,54.32,126.09,142.7,26.38,208.68,352.38,46.48,131.11,128.95,91.79,191.39,92.08,226.95,273.84,71.96,1.08,1,16,111.22,112.69,83.5,127.83,0.0,"Average app, could use more features.",1
2226,33.94,613.84,9,3,1138,89.86,44.55,9.89,121.02,88.86,6.62,46.74,231.02,187.23,9.41,303.36,310.15,23.61,54.39,298.14,67.8,7.36,50.98,171.71,99.66,115.73,126.88,41.65,77.2,112.84,50.08,10.09,59.6,131.07,3.17,77.4,21.4,45.45,49.77,63.18,46.54,13.44,93.47,87.79,15.62,264.07,224.87,32.54,11.17,8.02,5.4,101.27,240.52,50.61,139.36,133.45,58.34,1.37,256.83,83.03,172.92,42.89,6.65,418.7,122.74,104.12,188.45,60.45,50.9,156.25,49.28,8.11,128.42,3.33,50.04,25.07,130.51,60.04,46.04,173.22,347.89,79.23,421.95,121.49,17.3,71.77,10.0,19.23,40.47,108.78,15.36,329.12,123.17,164.59,0.52,0,18,99.38,96.56,98.36,103.5,0.0,"Average app, could use more features.",1
2227,42.97,100.63,6,7,12958,72.84,75.0,21.05,4.35,91.85,117.23,216.47,57.59,4.87,41.2,83.67,14.6,2.46,5.17,390.65,123.05,212.26,3.82,55.47,28.88,26.22,62.72,62.84,259.84,128.91,35.16,108.3,126.88,164.16,167.82,164.91,83.16,83.11,17.7,28.09,103.46,0.77,204.74,334.49,300.67,62.73,235.31,143.47,295.13,35.81,387.58,198.52,676.49,50.48,56.97,407.0,56.86,18.15,127.44,1.08,143.93,64.12,243.61,30.58,294.79,103.1,48.43,37.06,11.37,286.15,86.25,232.15,56.19,2.57,116.41,150.71,127.24,63.08,126.36,20.44,10.53,7.86,104.97,86.81,50.82,106.73,2.39,9.7,9.96,193.96,66.28,17.61,345.79,71.58,246.62,0,73,115.73,117.91,92.18,93.3,0.0,"Average app, could use more features.",1
2228,22.03,165.22,5,0,13404,179.57,34.57,139.71,65.7,29.91,60.16,273.53,110.0,240.62,87.72,1.92,6.49,333.77,2.19,91.03,46.15,14.24,35.95,2.24,194.79,201.49,101.21,12.68,63.59,101.09,17.79,137.53,37.14,12.29,260.27,6.2,67.24,7.43,179.12,3.84,52.5,64.84,150.73,19.4,61.08,13.96,37.79,7.97,1.62,27.94,53.14,113.79,81.84,8.21,243.49,53.45,390.28,56.36,1.2,78.4,23.11,41.68,211.29,41.46,65.26,58.09,99.89,18.67,69.5,65.59,77.83,106.51,38.65,93.46,104.85,123.87,43.29,21.26,225.81,20.48,35.16,237.76,183.43,301.74,27.9,131.17,215.33,77.54,141.91,108.38,276.24,183.41,11.48,33.97,34.31,1,44,91.42,86.74,96.51,105.58,0.0,"Very useful app, helped me a lot.",1
2229,34.13,883.55,3,6,27399,162.43,76.14,216.45,93.96,7.45,26.0,33.28,450.69,181.41,119.32,64.15,31.61,97.8,52.01,24.7,1.65,129.57,41.29,86.9,121.08,83.64,62.07,139.36,73.52,44.53,57.32,11.63,131.37,165.23,9.92,9.84,239.09,31.91,1.37,3.74,49.07,16.0,48.78,62.23,23.88,7.82,219.34,117.16,23.95,310.77,260.81,39.33,72.43,1.75,183.93,27.67,13.39,79.07,8.35,324.9,53.0,7.78,20.85,65.13,15.28,56.85,258.69,66.34,33.5,142.88,38.14,125.27,202.57,56.32,19.17,24.76,55.99,1.95,26.92,109.74,36.16,110.87,320.96,202.53,21.67,18.64,75.9,10.39,221.03,120.96,22.55,79.68,372.03,26.33,48.43,1,58,89.36,92.63,93.21,96.91,0.0,"Fantastic app, highly recommend!",1
2230,43.41,298.95,9,2,12516,189.31,16.11,115.92,237.38,5.97,87.05,35.84,23.15,35.92,64.7,57.57,46.53,42.51,15.96,186.03,111.0,30.43,23.85,7.61,6.61,20.03,76.72,80.57,121.09,130.17,61.89,1.88,54.06,2.76,26.47,3.25,110.48,56.03,174.14,43.34,1.0,44.12,83.79,132.26,27.94,108.89,183.75,209.05,17.54,134.05,221.4,441.06,53.95,191.41,242.24,59.33,165.63,31.66,19.18,116.69,21.83,75.45,25.08,200.87,6.84,14.29,49.21,75.55,21.31,118.63,492.08,155.57,138.27,233.1,204.54,41.41,91.76,218.4,40.59,166.42,12.2,76.69,6.96,10.99,28.76,59.33,172.08,26.98,100.57,66.19,100.79,5.73,106.07,11.14,278.75,0,65,91.57,90.53,63.84,104.15,0.0,Did not meet my expectations.,1
2231,50.07,634.68,1,1,4031,97.36,150.38,51.8,100.48,167.77,17.95,181.21,28.2,213.08,142.41,28.51,49.62,9.98,54.96,37.66,28.19,11.69,45.81,99.43,45.12,69.23,101.72,46.15,130.63,3.68,197.35,130.88,9.91,108.05,251.5,48.14,310.78,3.41,126.83,33.59,105.83,62.44,382.18,101.82,367.65,3.92,117.85,230.78,146.39,2.41,79.96,111.15,191.67,29.41,14.56,62.39,166.16,158.66,63.96,188.34,30.1,290.79,257.82,49.39,68.87,87.3,27.9,144.82,371.55,107.14,40.17,21.2,108.11,43.35,64.32,7.57,130.28,57.62,219.74,10.5,6.62,13.84,110.65,15.12,55.44,9.03,134.43,120.12,72.52,24.61,6.43,285.98,24.24,172.49,112.99,0,16,100.27,89.81,87.02,86.87,0.15,"Excellent design, works smoothly.",1
2232,0.0,522.99,3,0,22692,153.82,116.82,86.97,118.68,50.62,235.5,97.49,41.76,63.56,4.38,280.06,27.35,16.52,113.49,19.27,144.73,136.85,182.91,171.56,11.66,249.23,48.15,132.99,16.67,63.5,38.68,45.33,155.29,285.15,111.86,226.29,6.69,224.16,7.9,56.33,50.63,466.15,78.81,34.15,13.87,20.1,127.17,132.65,45.8,47.82,157.07,26.97,156.39,51.86,5.39,22.97,181.08,46.89,86.01,19.31,67.94,234.11,27.61,34.7,55.04,62.58,14.95,215.21,65.07,38.18,109.65,51.63,92.64,348.53,182.04,61.94,20.46,1.98,13.05,55.53,19.47,104.59,28.54,10.75,146.9,120.65,15.16,40.83,214.78,162.71,231.56,28.27,39.44,64.97,95.47,0,88,95.45,86.95,107.36,88.58,18.78,"Not satisfied with performance, too many bugs.",1
2233,4.84,97.55,8,5,2208,84.09,110.81,28.3,118.7,43.54,196.8,2.52,101.72,52.93,16.17,41.18,20.16,219.89,90.21,119.71,58.28,36.6,69.14,69.05,189.64,72.11,3.78,34.47,80.28,30.49,144.78,59.56,106.56,21.54,358.91,53.4,155.79,37.07,25.39,90.38,31.45,90.07,47.93,341.48,84.25,201.95,88.11,100.22,101.48,54.23,0.25,159.07,48.66,26.59,89.87,11.95,21.36,60.02,16.72,127.26,155.5,484.38,118.4,227.96,128.69,66.19,49.59,73.28,76.76,117.29,273.21,138.32,22.99,29.26,57.9,151.31,27.64,20.49,9.36,63.27,8.69,2.99,21.0,189.85,136.96,48.54,54.71,123.54,73.61,113.91,38.88,70.12,189.69,143.63,176.79,0,48,92.57,82.26,86.06,85.66,0.41,Great customer support and easy to use.,1
2234,40.44,829.86,4,4,6660,160.19,166.28,119.65,103.44,22.56,21.13,156.23,94.33,215.68,247.32,130.55,7.89,16.2,8.05,14.85,34.83,78.55,52.11,81.52,81.14,151.13,75.14,25.89,78.95,75.33,14.36,29.59,96.88,76.68,45.87,110.68,26.85,79.29,16.48,2.96,202.49,185.51,193.89,17.62,19.0,108.68,61.86,40.57,5.54,36.32,148.13,162.73,140.11,30.97,124.09,13.35,137.22,28.86,6.43,206.25,124.84,28.51,8.19,58.59,156.19,52.27,104.4,253.36,48.37,120.16,50.88,13.63,18.11,158.73,365.25,92.52,91.33,59.44,19.93,288.82,67.56,108.13,24.59,205.13,103.93,611.96,85.61,15.71,27.42,229.67,6.77,380.74,117.06,56.59,56.07,0,25,97.76,96.29,82.74,127.81,0.0,"Too many crashes, needs urgent updates.",1
2235,18.86,377.78,7,2,14253,155.14,257.41,144.36,17.28,16.28,10.21,55.36,79.27,42.35,90.2,130.38,49.75,53.03,28.95,28.37,273.21,24.08,94.67,142.96,98.22,83.05,67.26,76.2,108.23,179.79,199.17,123.03,51.8,206.67,130.91,142.72,398.39,129.44,85.86,109.13,83.03,90.92,68.68,18.7,93.66,79.93,87.82,52.91,5.43,168.86,36.27,16.11,19.16,19.78,324.17,165.47,41.52,103.91,74.02,56.63,282.93,449.67,18.95,103.39,23.5,219.1,0.82,2.58,140.79,87.04,3.31,12.15,33.53,177.74,80.45,136.98,23.25,90.04,93.9,14.92,78.61,23.45,55.68,182.06,28.98,14.36,330.75,77.32,35.29,52.57,35.12,38.1,216.43,229.17,12.01,1,81,98.83,89.75,100.59,84.22,16.37,"Not satisfied with performance, too many bugs.",1
2236,45.4,243.46,9,3,7583,80.81,18.82,57.71,454.71,9.19,19.9,502.92,187.24,139.43,167.62,23.33,186.74,48.08,11.47,2.3,156.34,13.59,210.9,85.21,151.71,344.51,45.92,144.1,90.34,58.11,74.6,107.95,32.74,375.19,59.8,11.01,53.43,184.55,139.99,0.78,185.85,91.27,195.74,61.22,38.2,224.13,53.25,77.07,83.27,37.4,246.96,118.34,102.08,17.02,46.21,64.17,120.3,233.85,29.78,96.83,102.58,114.39,3.89,36.53,55.97,13.6,221.12,253.79,23.78,181.94,27.78,106.17,56.88,161.72,111.91,15.29,109.97,26.24,32.98,7.63,332.13,16.76,121.56,3.95,154.36,135.18,48.7,219.59,63.6,47.5,100.05,181.31,116.71,59.33,111.4,0,15,108.34,98.41,128.71,102.1,26.61,"Too many crashes, needs urgent updates.",1
2237,22.22,268.91,1,7,12426,9.24,0.8,349.84,584.66,6.37,312.82,47.56,27.17,105.42,437.7,1.17,113.99,204.37,268.43,12.52,11.11,342.67,3.18,57.87,174.3,187.22,5.56,276.07,419.06,27.73,255.31,43.7,77.2,321.63,6.59,80.0,127.27,117.44,79.95,133.84,129.87,47.35,113.78,129.51,44.35,86.8,21.36,9.5,41.4,8.69,55.16,56.07,219.69,236.21,388.11,92.58,16.48,51.62,46.95,88.4,127.63,21.82,152.45,20.36,221.13,144.33,64.73,42.77,196.73,10.94,41.74,139.73,183.13,48.57,94.56,190.02,38.14,225.54,2.52,2.13,177.69,435.26,128.34,28.01,5.42,12.53,25.3,89.23,26.05,222.57,62.14,93.55,48.99,178.13,108.59,1,62,119.16,120.26,156.37,102.25,54.13,"Very useful app, helped me a lot.",1
2238,5.34,522.97,10,3,653,108.94,6.8,326.01,82.8,33.87,218.53,13.47,86.4,45.23,55.69,54.11,6.04,99.0,27.01,113.48,105.98,614.41,65.37,183.1,57.74,20.47,87.0,97.26,1.18,109.05,148.04,37.16,41.3,107.84,48.41,8.88,195.83,301.59,3.88,53.23,84.54,58.6,8.26,18.34,4.02,128.04,169.91,39.24,268.2,105.8,234.25,104.36,253.13,25.01,29.31,65.84,37.08,34.58,57.46,52.47,137.03,26.76,95.04,136.11,79.13,453.77,7.52,48.56,35.29,115.26,0.32,84.78,466.27,9.87,393.23,161.02,25.98,172.88,90.64,140.19,74.93,10.65,7.29,61.19,1.7,37.81,164.3,243.52,126.09,113.11,114.8,28.84,79.82,75.37,30.83,0,10,102.15,109.67,100.06,112.53,0.0,"Average app, could use more features.",1
2239,10.08,179.23,3,9,22869,123.58,68.09,20.41,39.44,68.88,44.46,22.6,53.95,327.1,95.63,59.78,36.88,5.28,18.06,7.45,68.48,125.77,281.86,299.11,198.89,6.74,107.49,35.76,274.16,369.94,195.38,30.29,27.46,191.93,81.67,28.3,17.35,49.74,138.87,9.86,182.09,118.62,27.04,266.16,375.96,345.62,3.18,7.84,13.1,118.58,27.85,123.84,130.9,68.31,70.36,127.86,55.95,160.94,365.76,11.2,8.25,50.0,301.69,128.61,18.75,29.37,94.73,76.55,0.72,167.01,18.88,83.52,13.48,58.06,106.09,13.19,22.97,171.75,165.07,9.45,27.94,49.13,83.69,161.77,188.8,66.4,20.31,120.15,31.77,288.67,82.16,81.77,97.46,204.88,94.48,0,47,102.99,97.65,109.55,87.67,21.88,"Very useful app, helped me a lot.",1
2240,41.68,259.69,3,5,29417,191.52,255.67,55.11,198.61,18.24,43.83,17.35,38.19,25.09,133.18,8.32,67.18,68.45,57.94,6.51,37.7,37.78,58.74,83.47,151.19,101.63,127.94,53.4,53.63,38.4,107.88,17.95,87.94,9.53,121.37,297.07,0.04,158.98,72.24,128.86,63.31,13.06,242.26,32.5,5.09,18.33,202.26,197.16,20.19,128.1,46.53,207.91,113.11,309.3,145.22,4.34,9.34,160.45,111.91,209.16,94.7,97.39,91.83,317.2,14.73,163.58,201.39,87.55,116.36,93.08,547.84,26.13,139.33,78.65,62.22,49.98,185.43,365.79,226.41,78.72,22.46,95.38,155.97,62.97,110.22,45.69,215.44,85.54,17.3,436.79,40.48,46.45,5.16,21.72,137.34,0,30,107.86,99.65,75.79,130.71,0.0,Great customer support and easy to use.,1
2241,16.18,458.2,4,2,26051,63.58,25.85,25.91,75.92,194.06,12.16,92.1,100.17,99.93,75.31,186.58,21.86,22.05,5.72,22.18,75.19,107.94,213.2,162.99,6.8,76.94,110.1,143.75,15.71,47.02,95.27,4.77,47.15,92.96,12.16,56.04,79.09,1.62,490.95,9.41,99.66,40.53,153.02,8.53,22.92,167.94,94.74,15.66,303.39,33.44,1.74,72.7,7.74,57.3,169.81,48.14,29.75,96.09,66.96,88.84,74.96,228.83,227.48,52.3,227.57,15.64,65.35,61.79,105.7,143.59,0.86,74.53,27.69,324.05,6.38,58.34,102.72,395.6,72.28,188.1,17.4,7.61,40.87,117.97,72.81,76.56,0.93,153.71,15.17,12.8,73.36,61.84,8.44,101.54,14.3,1,11,85.34,87.65,74.51,80.6,0.0,Great customer support and easy to use.,1
2242,19.32,650.9,3,8,18363,267.3,258.71,106.95,143.41,272.72,13.31,45.83,357.12,75.25,130.21,2.21,0.37,99.27,314.93,4.5,2.84,15.83,22.88,15.32,66.26,319.49,17.33,13.09,44.26,49.24,114.32,30.29,27.73,0.98,102.41,58.64,141.85,169.39,7.4,52.43,52.49,85.7,8.07,370.67,116.73,54.27,84.6,341.07,29.51,669.53,42.24,81.34,47.7,218.24,39.19,46.52,202.24,266.08,26.26,260.99,276.94,20.72,77.15,4.56,128.5,36.28,77.14,116.25,16.59,34.05,70.83,181.64,56.54,100.06,273.73,78.46,23.44,122.07,41.55,52.78,25.19,123.38,192.92,36.46,22.69,112.82,87.5,75.05,66.09,91.52,68.76,4.4,21.42,75.51,44.46,0,20,102.72,111.01,97.81,77.65,20.16,"Affordable and reliable, worth it.",1
2243,5.75,792.11,8,5,49,68.48,40.04,210.91,205.03,85.81,274.29,587.85,10.18,40.76,386.94,124.25,73.05,21.91,109.66,170.16,96.84,122.42,323.52,19.34,152.45,187.03,30.26,19.05,31.56,62.5,249.6,2.76,51.54,65.06,111.04,17.76,9.7,179.75,13.08,233.59,18.71,73.81,141.77,32.15,21.89,43.27,199.72,82.96,210.16,0.66,4.06,53.19,27.49,8.18,22.9,88.09,355.56,86.41,219.49,128.61,171.6,183.79,13.07,88.16,91.94,149.87,1.64,11.8,1.17,153.59,63.74,1.45,159.92,176.66,124.91,107.57,11.78,80.48,55.07,77.8,101.69,98.23,71.27,17.31,17.19,170.17,132.36,116.26,62.31,231.66,37.08,47.61,376.96,129.25,152.14,0,57,107.72,102.32,131.14,97.97,33.18,"Good experience overall, but UI can improve.",1
2244,9.47,864.12,4,9,29208,210.0,36.46,40.33,36.64,67.79,116.53,17.15,9.84,43.33,1.71,17.55,69.0,9.85,3.11,223.57,10.88,16.55,130.99,87.78,69.0,198.06,84.88,32.4,170.94,402.88,188.75,42.88,201.05,194.32,191.68,225.83,10.68,14.13,132.26,138.45,59.76,292.07,210.0,226.35,112.51,16.03,52.88,16.29,72.11,31.13,90.18,12.88,140.89,192.84,195.87,199.86,130.29,82.18,17.96,56.02,139.11,190.86,124.98,85.44,297.71,17.76,132.5,28.62,18.36,58.31,57.04,75.72,53.74,269.83,91.52,13.16,47.03,287.08,20.16,254.29,181.87,34.63,146.67,339.77,79.79,162.43,195.14,90.76,10.69,234.09,100.47,86.36,206.71,16.5,107.33,0,44,110.13,90.0,97.53,113.94,0.0,Great customer support and easy to use.,1
2245,33.65,522.3,5,7,1865,134.28,207.85,123.61,210.85,39.6,85.7,4.06,95.64,3.57,11.99,113.49,31.37,50.88,53.24,14.83,29.44,45.23,122.06,172.17,378.22,19.91,67.45,0.64,165.31,121.41,184.88,222.62,94.77,2.8,183.98,72.72,99.87,389.97,33.53,551.96,81.38,50.28,55.47,47.37,314.65,118.94,53.48,138.89,41.92,3.32,85.88,416.13,20.53,34.73,57.89,39.85,221.95,52.55,97.94,167.93,15.28,81.65,169.05,27.23,32.25,4.95,150.48,175.94,73.23,50.79,73.44,142.35,34.12,2.18,171.74,113.65,243.91,9.67,321.6,15.16,215.09,59.81,290.1,101.81,109.43,188.24,22.2,290.11,31.11,427.54,352.85,67.27,63.88,44.56,290.63,1,56,118.94,113.64,99.73,137.93,0.0,"Very useful app, helped me a lot.",1
2246,3.76,55.97,7,0,22598,47.57,59.39,0.92,89.4,40.63,213.43,321.49,70.55,540.09,180.58,13.5,319.44,42.32,255.6,19.85,249.21,18.33,80.61,31.05,94.46,24.63,103.37,104.95,59.76,22.11,32.12,72.64,257.76,44.42,87.16,110.2,70.36,126.14,187.63,113.78,96.41,342.95,29.18,56.72,18.59,97.67,26.88,274.18,33.06,4.66,9.99,15.94,898.7,38.3,99.98,372.75,395.79,39.05,81.25,5.73,77.29,23.92,44.36,50.78,57.15,159.75,223.39,74.64,99.22,2.42,388.53,45.11,94.1,63.28,335.35,89.69,105.0,225.57,322.91,266.93,46.82,134.88,36.39,95.55,91.97,110.54,117.9,21.9,94.61,75.16,55.85,48.1,100.7,16.14,20.44,1,77,120.66,136.97,116.58,118.76,0.0,Did not meet my expectations.,1
2247,17.7,1060.76,8,0,18297,29.4,263.48,25.77,60.47,236.13,4.48,43.86,74.02,10.53,53.26,61.21,53.44,112.1,4.76,103.04,45.95,22.89,222.49,191.18,285.26,113.02,3.46,314.22,149.02,272.89,111.88,159.26,101.82,22.99,87.66,16.28,117.58,123.79,88.96,2.03,4.6,67.59,23.41,46.02,50.26,8.19,31.16,13.78,2.36,28.07,22.37,46.74,28.49,94.41,13.98,121.76,404.46,84.42,1.63,243.98,264.05,168.22,78.54,103.04,1.13,41.48,207.65,36.48,16.13,66.9,53.96,173.66,180.83,141.23,76.88,17.42,49.86,285.34,43.9,23.62,126.14,143.98,131.44,36.33,25.01,122.71,94.85,9.15,33.49,20.26,113.28,76.4,17.97,274.29,348.87,0,32,94.79,90.98,108.0,99.65,8.35,"Very useful app, helped me a lot.",1
2248,22.27,366.18,2,7,8886,12.34,9.76,42.81,134.43,17.9,218.04,171.39,204.03,169.39,38.51,20.21,39.07,32.05,43.33,151.67,141.36,45.3,173.54,23.74,45.38,91.36,25.94,55.2,73.94,6.39,4.89,19.46,19.92,159.0,101.25,84.48,169.03,257.94,172.36,93.1,166.11,78.86,6.09,195.27,7.74,21.54,105.44,19.57,31.01,94.18,206.12,190.1,19.91,38.92,345.28,70.11,69.23,2.25,9.82,27.71,211.88,14.81,407.13,302.46,27.54,56.17,128.92,124.66,257.69,103.76,122.11,13.22,123.95,76.98,18.38,93.27,136.5,115.27,57.59,2.46,255.34,148.28,13.04,60.09,39.21,128.84,115.04,30.31,402.27,148.95,265.97,24.35,61.05,260.15,28.52,0,48,101.67,92.34,76.39,113.74,0.0,"Very useful app, helped me a lot.",1
2249,52.12,711.41,7,2,28229,46.18,281.77,92.49,1.02,179.25,468.38,58.77,109.68,52.16,83.77,59.15,123.02,63.99,38.59,30.61,191.85,62.3,73.52,156.81,23.95,11.71,172.02,460.69,149.51,6.79,235.1,21.83,383.2,272.29,106.67,12.58,89.25,26.02,103.36,255.59,171.87,87.73,304.67,253.65,32.31,115.24,8.7,158.52,129.87,67.98,35.17,66.65,21.16,48.41,321.52,124.0,29.89,81.03,13.29,49.47,81.32,52.89,43.52,232.6,17.53,53.65,234.31,44.54,5.74,6.05,1.32,266.35,325.64,105.13,22.89,112.36,58.7,47.13,54.2,85.02,321.14,9.36,117.41,54.86,11.67,81.51,60.19,230.3,175.37,37.98,5.84,68.73,268.97,100.88,103.53,1,34,112.48,105.97,133.9,102.36,31.54,"Fantastic app, highly recommend!",1
2250,12.29,275.3,6,9,3106,144.61,83.87,155.99,162.1,322.23,44.27,106.26,34.58,68.73,56.12,2.11,183.84,78.08,87.56,41.36,49.89,96.7,127.87,56.79,171.14,126.6,123.95,272.1,210.39,101.12,19.76,161.97,51.71,6.25,61.84,56.5,1.94,11.1,9.08,34.09,56.79,69.17,144.69,100.61,22.53,112.41,51.32,31.83,28.48,25.97,545.45,86.05,25.08,23.13,143.48,118.44,259.34,34.05,140.43,264.44,12.76,1.28,229.25,82.59,19.64,63.15,64.78,156.45,87.55,432.79,115.53,55.92,52.12,279.57,42.65,26.75,329.78,82.76,262.76,22.57,18.94,222.97,35.3,41.18,724.27,629.95,22.96,57.71,63.52,103.08,5.94,33.66,48.31,34.03,18.96,0,80,112.08,129.46,106.99,137.86,0.0,"Too many crashes, needs urgent updates.",1
2251,44.66,592.85,10,7,15267,183.64,25.92,255.76,104.52,61.15,42.25,65.73,2.51,34.62,60.86,63.67,2.36,63.27,170.9,144.99,149.96,92.33,15.5,4.2,49.07,34.52,113.04,75.24,63.93,8.52,53.68,25.54,168.15,24.56,30.53,29.83,317.28,102.68,206.97,52.31,118.93,44.88,84.2,170.49,99.67,104.77,34.22,25.01,37.45,227.35,31.92,159.81,83.92,81.87,54.99,102.6,222.09,16.37,19.17,137.01,17.13,71.75,141.2,25.37,110.28,47.87,22.43,183.5,13.12,223.31,111.87,464.67,251.02,18.95,20.17,75.08,14.88,38.61,18.68,160.76,70.36,0.52,21.75,4.94,89.1,7.52,3.54,197.48,26.51,42.71,353.46,60.97,69.65,10.49,18.66,0,38,86.28,85.14,73.03,88.09,0.0,Great customer support and easy to use.,1
2252,25.29,0.0,1,1,10588,105.82,105.95,120.32,33.92,4.82,103.03,8.36,74.75,141.1,113.9,119.54,144.63,52.93,10.02,112.94,13.01,76.21,2.44,27.53,6.03,64.27,29.28,38.41,109.69,103.71,119.41,441.44,38.04,262.58,46.12,10.79,82.65,10.68,146.53,9.81,0.71,40.52,63.52,26.13,20.49,18.23,9.73,169.66,3.12,107.15,14.24,1.74,74.72,15.43,19.04,18.58,102.64,252.19,28.27,103.09,269.05,93.06,47.83,89.88,46.51,45.37,24.64,426.41,85.73,223.99,61.88,226.5,53.23,81.98,15.34,14.24,84.81,123.1,23.27,7.06,32.11,10.81,30.19,143.51,13.91,82.23,37.45,8.92,276.19,113.15,42.53,76.84,32.02,7.57,189.81,0,53,79.12,84.94,87.67,86.49,1.18,Did not meet my expectations.,1
2253,21.53,497.36,4,4,26946,87.67,48.93,60.6,197.98,0.89,84.07,156.22,143.36,73.26,93.94,72.6,231.41,141.41,88.33,164.95,17.09,100.35,19.65,82.19,140.52,74.61,200.59,75.61,11.0,75.99,200.97,54.33,90.23,0.73,4.53,124.46,65.08,444.65,157.36,47.35,74.28,253.16,116.51,78.43,92.48,30.99,48.71,9.33,4.45,117.64,82.95,72.75,452.83,13.54,0.13,87.89,149.78,29.92,34.37,20.12,14.32,179.45,375.07,28.95,180.93,91.05,21.98,66.17,19.15,43.46,85.48,31.57,101.45,69.9,191.28,12.38,33.18,81.33,68.15,51.87,19.17,68.93,111.0,131.92,45.77,34.26,52.44,11.74,27.34,12.62,39.43,2.46,57.91,31.02,237.91,1,10,89.27,86.5,93.13,61.74,31.39,"Average app, could use more features.",1
2254,29.94,272.87,6,6,11196,220.54,202.86,46.39,20.88,468.96,164.56,105.22,172.68,173.94,10.84,60.71,39.77,167.11,8.02,110.12,24.69,121.1,42.52,295.82,177.87,80.87,92.62,226.72,48.74,31.89,354.17,78.7,1.28,33.02,73.29,23.45,343.48,8.17,121.37,61.97,3.96,54.48,0.04,114.78,126.79,13.26,337.04,52.5,22.8,245.93,24.66,1.61,27.0,96.97,269.68,120.48,15.61,13.11,240.05,37.81,102.32,114.04,17.77,60.43,135.76,14.53,41.05,174.32,16.51,21.84,37.0,72.27,201.35,58.42,55.35,4.76,81.28,124.18,36.58,39.72,50.18,7.97,111.22,15.91,100.12,31.65,101.96,45.56,53.72,237.64,68.48,1.92,37.13,309.9,179.4,0,79,97.72,96.32,121.86,77.73,44.13,Great customer support and easy to use.,1
2255,43.46,655.34,6,7,7478,108.43,29.34,80.82,13.7,14.57,89.49,137.02,28.18,15.22,68.95,115.68,174.17,169.25,5.69,48.62,88.52,391.05,59.92,201.69,76.91,48.01,30.36,53.6,64.04,98.94,205.79,44.32,5.14,27.85,86.64,40.01,373.06,79.76,80.94,265.85,304.17,39.25,23.64,55.04,24.16,18.91,34.12,97.83,70.46,58.72,27.16,422.21,237.13,156.02,15.46,136.32,28.7,77.4,233.12,10.79,17.66,2.94,15.24,23.1,56.29,30.96,124.89,99.06,195.53,160.49,182.51,48.53,66.01,16.87,64.77,3.75,109.97,192.82,122.87,122.75,376.53,35.29,25.43,343.76,103.9,0.69,71.93,41.67,136.75,24.68,1.17,63.56,100.46,90.33,107.14,1,69,96.36,94.73,86.06,102.17,0.0,"Very useful app, helped me a lot.",1
2256,31.59,80.1,8,3,22726,178.79,50.48,7.88,52.15,4.03,56.24,86.95,66.88,114.63,4.19,112.75,181.02,32.14,169.35,141.86,39.18,17.0,19.81,274.28,12.41,184.52,188.54,37.42,58.36,26.04,16.45,144.47,1.48,67.0,63.45,45.25,88.27,58.95,249.78,87.91,141.03,9.75,17.73,35.14,31.79,328.12,52.69,46.68,90.35,58.18,34.46,60.64,584.27,2.48,78.19,219.11,24.66,43.51,14.9,54.93,16.9,24.15,47.56,17.72,181.48,102.33,60.27,64.38,267.18,68.97,164.56,206.71,50.17,37.74,131.87,104.88,75.88,68.27,11.48,313.94,5.04,10.81,58.26,75.77,48.77,27.78,61.54,340.46,231.63,2.36,75.8,10.03,91.6,4.28,153.95,0,29,89.81,95.42,80.33,97.56,0.0,"Average app, could use more features.",1
2257,17.04,475.07,3,6,21406,138.15,81.48,77.46,12.38,105.28,124.28,30.47,53.17,181.82,97.43,353.93,337.6,68.71,9.34,60.05,109.93,153.57,103.5,121.68,21.45,42.69,331.67,28.3,12.03,56.5,153.02,96.91,30.91,202.95,11.74,41.02,96.63,235.62,189.08,87.91,76.05,189.21,93.73,130.01,17.56,16.52,46.1,18.51,68.24,41.94,18.49,190.42,153.69,59.94,232.3,85.79,20.58,70.73,52.18,5.22,18.04,4.41,99.82,31.09,153.87,143.84,2.93,45.05,10.71,116.11,149.49,466.48,52.84,13.99,190.21,53.3,49.5,29.55,186.38,101.21,58.81,230.11,249.36,152.41,256.86,257.13,198.0,12.84,78.51,7.11,42.35,29.88,1.86,170.71,25.96,0,17,101.52,91.36,106.95,112.78,0.0,"Good experience overall, but UI can improve.",1
2258,23.78,497.12,1,9,4979,209.34,49.48,187.2,161.85,197.78,546.8,27.24,56.38,34.55,109.47,67.09,225.06,54.33,25.68,58.03,183.1,61.07,299.14,94.12,131.87,121.89,147.26,355.33,107.6,134.09,59.35,14.78,107.72,200.14,84.29,334.54,16.61,112.77,11.59,60.65,188.91,119.15,14.4,182.19,384.73,52.26,36.73,393.89,82.09,35.13,195.88,7.55,19.15,151.76,43.73,170.57,165.61,895.18,66.86,227.02,51.91,176.95,59.23,20.83,107.94,69.57,256.34,31.27,31.37,45.54,49.13,118.25,10.04,34.83,74.9,125.53,120.79,85.53,7.54,3.57,25.77,123.24,37.31,139.14,85.29,3.79,5.01,43.08,59.1,84.67,79.69,106.44,76.22,23.89,77.11,0,84,117.02,128.1,137.07,67.8,69.27,"Too many crashes, needs urgent updates.",1
2259,22.74,680.59,3,3,16570,164.08,29.54,113.12,77.61,87.62,117.98,117.43,25.23,81.44,29.12,232.02,202.94,77.6,76.59,22.93,80.1,66.3,312.6,82.47,259.27,70.04,221.23,135.99,282.37,36.4,146.74,73.29,16.87,397.32,90.14,82.01,151.58,27.49,96.43,34.15,26.23,370.14,230.99,23.66,223.18,23.95,42.62,137.71,11.62,130.47,294.88,221.56,13.2,3.47,213.55,22.86,16.39,29.85,219.29,256.04,155.47,44.6,48.09,43.94,283.42,17.82,95.16,29.81,6.88,52.4,126.07,184.55,354.74,197.37,41.48,27.54,236.97,49.39,168.34,55.9,28.85,93.82,140.29,177.06,107.68,2.95,143.96,207.01,114.21,142.13,95.43,117.45,140.98,0.62,50.43,1,58,115.69,93.42,124.21,106.91,17.3,"Not satisfied with performance, too many bugs.",1
2260,0.0,248.16,9,3,25764,164.77,88.55,18.23,55.84,159.56,15.35,6.14,19.78,293.98,144.07,200.93,93.45,111.18,17.21,61.28,113.88,26.26,23.17,321.88,3.41,71.79,48.11,17.05,141.16,39.65,141.05,22.25,16.84,164.14,72.58,32.2,10.88,160.45,49.93,145.85,0.25,79.95,40.61,59.89,15.23,98.75,80.55,37.43,422.39,19.76,202.86,68.94,167.51,51.22,52.61,2.39,168.18,19.24,21.6,16.28,116.97,37.78,14.32,87.81,119.11,50.07,91.17,58.88,118.9,65.09,142.48,25.06,45.16,80.04,7.5,46.96,7.04,18.06,21.65,112.72,105.96,167.7,43.12,72.41,78.15,76.91,25.94,43.66,97.22,180.1,238.25,112.33,33.65,27.43,380.25,0,54,84.98,80.89,89.12,85.8,3.32,"Fantastic app, highly recommend!",1
2261,43.68,330.08,1,5,18468,33.51,22.85,0.59,48.24,13.96,31.25,5.56,108.24,70.47,29.56,32.2,111.11,314.38,110.04,6.23,27.95,9.78,138.45,16.75,64.48,26.48,245.89,27.59,110.7,296.31,114.27,60.9,23.12,130.01,9.53,72.37,101.0,134.73,167.67,11.18,38.48,82.74,392.96,41.69,28.1,5.58,220.58,15.08,142.13,42.03,193.82,315.99,72.43,350.14,55.04,14.13,210.11,103.1,207.3,53.93,18.29,33.9,67.54,9.06,24.54,71.9,7.71,63.04,55.58,45.4,206.17,143.85,91.22,265.55,0.88,103.95,34.03,10.83,111.25,80.42,206.65,50.18,42.38,32.55,248.07,67.41,157.96,40.51,10.38,53.25,94.19,14.59,43.74,455.96,10.34,0,26,92.07,95.97,74.68,94.0,0.0,Great customer support and easy to use.,1
2262,42.18,936.03,1,9,25329,49.56,28.43,7.49,86.11,190.9,63.79,91.66,61.17,48.24,10.93,69.19,378.59,22.42,97.53,37.96,33.86,343.71,7.84,44.41,0.72,56.16,15.74,19.2,54.58,140.55,51.34,2.41,1.88,162.56,11.8,453.68,6.77,38.0,82.04,120.29,5.88,211.4,0.96,96.73,75.9,168.11,53.34,28.74,17.75,255.42,129.79,5.62,113.71,33.97,40.59,56.32,55.1,391.07,6.19,16.7,162.58,13.99,62.15,79.29,184.84,39.18,165.97,173.09,355.07,21.85,154.76,29.81,173.56,265.22,205.81,117.07,26.2,190.07,3.02,131.96,102.67,5.53,51.08,40.54,151.4,68.73,35.97,81.06,88.69,51.9,156.17,101.29,7.83,90.44,300.81,1,51,94.94,97.5,73.02,112.89,0.0,Great customer support and easy to use.,1
2263,44.36,153.95,10,4,11888,58.35,94.5,16.08,20.81,278.01,80.74,61.43,36.86,117.23,57.84,87.46,57.21,64.51,93.69,32.51,6.55,239.52,318.57,36.97,268.29,227.31,94.31,343.22,141.7,153.32,205.02,70.08,257.66,41.69,214.46,210.44,9.68,67.01,8.91,151.26,144.93,99.45,16.53,2.26,51.6,36.35,292.32,148.42,77.54,104.87,89.5,53.19,81.56,33.37,96.6,17.3,226.38,115.73,76.27,24.77,116.45,154.58,38.59,397.05,122.7,36.84,3.15,339.51,58.01,164.65,46.72,28.89,123.25,32.95,10.54,49.26,83.06,150.16,26.3,51.72,165.99,176.08,54.17,195.73,82.48,40.34,77.05,73.31,91.37,92.71,163.16,66.2,292.44,295.2,206.36,0,85,112.43,91.19,125.86,109.25,16.61,"Not satisfied with performance, too many bugs.",1
2264,49.9,641.81,5,7,23604,82.93,114.27,124.57,43.85,49.47,13.19,91.36,15.79,1.85,27.67,90.2,24.89,111.85,128.25,72.23,194.83,128.88,37.81,20.03,123.27,74.43,70.61,74.75,131.4,121.47,16.52,50.69,260.88,121.53,332.22,25.04,48.41,80.78,100.15,67.47,11.57,96.86,40.9,273.13,146.04,27.76,24.37,42.48,128.04,69.02,27.19,267.51,165.34,97.93,36.89,161.73,321.28,27.02,19.39,113.23,64.3,256.68,24.72,4.31,17.4,51.36,25.49,106.24,12.13,214.93,161.28,31.23,12.88,2.96,23.05,101.69,223.08,69.23,25.03,44.91,6.82,103.31,307.27,183.86,127.0,26.08,313.78,90.3,97.26,419.32,14.67,216.92,96.74,25.07,483.78,0,10,101.74,97.3,91.72,120.59,0.0,"Very useful app, helped me a lot.",1
2265,9.49,809.43,9,1,4165,7.89,36.59,190.24,110.55,36.31,180.5,66.3,81.24,2.86,19.04,11.18,9.72,10.76,42.99,2.56,37.84,87.23,137.09,16.94,38.45,64.7,75.58,35.41,140.92,157.66,3.18,84.53,56.74,87.3,44.9,46.82,100.41,3.4,123.42,271.0,25.85,14.54,184.61,1.01,8.68,21.1,56.79,39.44,61.71,10.91,74.98,221.51,178.96,31.73,60.32,217.57,30.36,2.02,15.85,183.34,107.75,115.72,136.74,13.81,133.86,152.53,101.12,84.66,99.95,59.78,483.26,165.54,56.67,150.27,105.45,34.25,104.13,53.29,103.17,161.45,92.48,96.12,50.96,35.2,24.79,76.42,57.99,234.31,75.16,89.44,61.78,284.6,120.42,30.06,110.01,0,14,85.85,77.16,62.57,111.84,0.0,"Not satisfied with performance, too many bugs.",1
2266,47.36,293.27,5,8,23157,504.18,74.23,172.74,34.86,27.13,14.94,248.47,55.93,164.25,102.94,74.32,151.44,210.19,408.46,190.98,34.01,28.61,54.51,39.66,0.44,128.68,100.74,19.28,5.99,36.68,67.62,110.04,83.38,5.56,107.49,72.27,47.42,392.74,345.68,12.99,22.96,137.79,130.7,38.29,67.05,52.84,367.26,37.06,224.06,136.67,261.96,219.92,63.02,274.36,86.92,112.56,52.61,236.03,32.38,146.6,84.67,49.51,91.3,7.1,39.44,14.08,79.96,2.43,26.36,66.03,383.57,90.58,316.7,33.3,43.58,339.92,97.29,121.94,19.08,123.69,201.83,32.95,1.62,38.12,269.57,5.91,75.8,64.06,35.93,54.14,12.22,47.44,213.97,69.0,50.39,0,88,111.48,109.65,108.59,97.72,10.88,"Affordable and reliable, worth it.",1
2267,27.92,718.71,10,7,20093,57.59,3.75,48.83,225.09,243.41,176.76,33.47,95.43,104.44,7.93,255.69,55.39,26.65,2.96,79.29,700.12,43.85,3.13,143.61,16.11,206.96,8.95,63.82,75.33,66.34,267.83,159.26,79.42,105.01,20.21,1.16,94.93,163.32,35.32,29.85,146.39,191.83,71.58,345.55,227.52,108.91,153.12,58.41,205.09,160.77,144.65,8.38,122.35,71.52,72.09,254.8,103.75,73.4,43.33,48.67,386.79,21.11,56.0,118.25,12.24,21.0,45.9,55.93,23.44,184.61,178.61,56.42,139.49,61.01,229.63,228.24,8.58,7.61,27.21,74.0,57.51,33.86,26.01,75.49,409.74,125.14,116.36,51.29,174.85,104.43,33.64,37.65,289.85,55.27,83.73,0,44,110.27,109.05,112.55,100.55,12.0,"Average app, could use more features.",1
2268,30.66,559.75,8,9,9266,74.63,44.7,119.9,71.55,0.06,146.62,62.47,71.94,37.26,24.06,101.3,63.72,125.76,14.99,78.6,57.99,156.91,125.81,41.69,140.91,13.71,79.98,59.91,219.9,13.16,69.57,161.77,131.75,100.33,86.02,46.8,306.87,221.04,192.79,43.5,86.01,190.02,239.19,329.3,123.77,50.21,398.03,371.88,38.03,11.64,200.29,154.44,70.62,64.12,13.41,109.82,5.05,51.77,47.63,8.35,5.3,139.7,90.83,108.89,86.43,32.51,105.55,33.42,50.01,30.16,54.69,130.57,234.1,135.37,33.48,12.2,1.81,146.01,28.63,140.76,23.76,42.21,7.13,111.34,183.66,31.26,65.97,17.6,123.9,165.15,60.73,488.41,194.75,268.3,635.51,0,54,109.91,108.11,83.23,119.63,0.0,"Excellent design, works smoothly.",1
2269,32.29,692.86,1,9,29554,58.34,119.23,353.07,84.56,42.13,112.74,86.16,147.63,138.76,5.05,18.71,216.38,57.44,83.88,19.54,7.96,7.19,2.77,86.66,202.65,197.71,54.23,65.59,10.75,233.4,17.48,90.33,96.21,77.43,11.54,118.9,434.67,360.8,4.16,15.88,216.33,12.9,179.16,0.77,154.08,76.15,166.98,192.88,31.44,214.99,61.63,56.63,18.38,153.46,54.56,61.08,259.01,10.21,208.16,251.06,95.59,3.73,92.0,32.26,38.79,158.19,200.91,12.79,238.19,100.23,11.61,124.75,48.13,79.01,84.36,212.87,126.48,359.78,52.48,244.66,119.36,0.26,113.77,34.42,4.91,49.77,13.16,17.2,13.88,70.29,545.76,60.93,29.52,365.21,53.59,0,16,109.21,107.93,90.18,118.22,0.0,"Not satisfied with performance, too many bugs.",1
2270,6.04,431.45,7,3,26351,171.07,66.88,98.69,122.16,226.36,611.91,66.27,405.55,119.25,189.42,194.94,170.79,86.28,17.76,60.3,148.43,40.25,8.86,128.16,47.88,69.22,63.84,41.01,37.7,81.71,47.01,18.13,35.69,97.05,115.59,32.56,386.63,83.81,121.75,65.73,5.46,52.23,110.35,59.41,102.77,148.33,85.01,130.99,103.27,32.32,69.5,107.39,50.47,122.24,189.79,210.75,301.34,24.73,23.18,41.1,7.62,7.25,190.15,192.81,73.43,47.51,64.62,534.51,16.67,9.5,32.62,88.08,21.7,112.18,86.48,105.86,98.04,15.68,2.47,17.37,215.36,475.71,68.86,3.32,58.33,107.72,51.01,229.32,16.92,72.5,430.38,45.69,293.89,135.27,248.24,1,14,115.85,118.42,119.6,123.53,0.0,"Very useful app, helped me a lot.",1
2271,21.18,351.13,5,8,20869,6.09,75.71,217.5,24.15,167.27,92.87,83.38,47.59,197.74,51.45,234.67,10.42,215.06,153.71,80.35,43.03,4.51,21.73,162.29,181.16,175.41,64.51,157.65,84.88,124.27,230.06,68.24,18.02,7.85,40.65,1.73,210.48,6.62,90.8,288.3,284.69,133.39,104.97,187.58,33.25,43.88,134.44,112.38,403.78,11.58,23.48,474.8,269.04,75.52,41.19,38.55,16.61,114.51,171.19,34.8,191.44,176.54,244.61,10.7,281.09,156.1,11.12,31.23,388.86,32.43,84.4,159.16,80.67,133.3,124.07,49.37,8.08,5.21,21.71,147.85,44.49,132.5,44.51,21.02,165.6,7.48,17.15,15.38,3.01,89.71,610.14,66.07,76.31,13.11,39.86,0,13,111.49,111.06,101.41,92.66,8.75,"Too many crashes, needs urgent updates.",1
2272,41.33,263.38,2,4,1186,49.45,102.84,136.64,102.6,12.81,140.77,110.81,0.29,135.18,518.32,201.01,277.98,0.7,176.88,70.22,25.37,23.32,54.6,42.13,36.37,287.58,220.84,11.37,26.32,41.77,35.91,68.52,61.88,47.96,53.0,1022.2,13.18,25.96,45.5,252.97,152.47,65.98,169.58,18.99,285.32,411.08,162.05,83.95,24.65,174.82,62.29,143.41,23.8,5.13,118.41,164.62,137.25,70.19,8.61,4.71,156.52,70.46,393.53,48.45,200.88,13.46,67.07,277.02,19.84,84.83,403.87,10.74,65.75,123.65,60.56,218.92,23.04,236.13,27.66,164.53,21.89,304.2,0.82,45.96,11.74,58.53,331.32,23.47,120.49,115.42,24.83,119.85,18.36,97.18,33.92,0,22,119.06,144.01,102.45,104.17,0.0,"Very useful app, helped me a lot.",1
2273,49.48,528.76,3,0,22430,56.24,100.85,164.34,79.27,69.05,62.12,27.94,31.86,146.17,31.13,2.2,26.11,63.26,272.26,98.69,211.81,40.7,33.81,18.11,6.83,57.0,171.35,74.46,10.25,50.45,116.33,492.4,2.18,90.13,187.4,122.56,173.23,136.41,65.76,34.53,27.68,271.42,111.55,26.71,91.1,52.44,46.22,111.67,30.55,2.23,7.91,86.77,11.41,33.72,73.07,74.23,10.01,10.79,64.98,51.23,34.36,2.94,36.07,33.42,43.98,150.49,7.18,15.83,71.84,6.58,25.35,141.7,41.04,140.67,7.69,22.86,34.85,12.28,38.07,178.36,24.3,67.86,39.21,71.43,14.16,136.34,75.97,133.08,30.79,95.19,17.39,161.0,49.69,2.73,55.43,1,27,72.7,74.34,93.16,62.31,30.85,"Very useful app, helped me a lot.",1
2274,32.83,635.16,3,6,20339,1.53,346.59,159.62,126.79,67.17,12.75,207.24,259.1,3.38,5.09,30.33,29.68,265.72,4.57,9.61,173.12,6.89,16.48,18.65,163.97,106.05,173.85,194.02,198.45,180.62,18.21,2.63,90.18,211.58,27.0,200.35,128.79,57.51,36.18,70.23,162.78,102.77,25.29,81.74,207.83,15.42,61.75,81.07,499.2,32.85,109.65,11.98,24.88,196.36,65.13,35.38,22.88,80.81,84.73,169.02,137.83,132.54,69.52,72.95,357.94,174.38,68.05,14.06,205.84,53.6,34.6,62.65,75.59,113.99,184.99,217.01,68.59,343.98,4.4,104.01,35.07,6.63,122.13,415.94,209.57,172.8,148.48,232.74,261.06,76.7,214.83,24.8,95.27,51.4,8.46,1,57,113.86,101.39,103.7,126.72,0.0,"Too many crashes, needs urgent updates.",1
2275,22.17,131.61,6,6,21020,36.39,59.54,219.55,11.41,166.21,177.38,14.42,316.82,117.3,33.88,42.73,125.97,26.65,76.19,253.11,26.93,43.41,319.88,124.88,171.9,126.36,32.26,12.56,113.49,64.79,10.27,39.33,37.07,39.91,285.22,181.23,157.21,83.41,36.73,6.09,0.17,63.29,8.0,77.44,113.48,90.4,202.96,91.64,45.01,30.13,93.35,116.39,193.55,66.77,89.61,41.19,40.44,5.1,10.33,140.42,50.76,15.9,2.29,6.17,93.25,39.37,3.11,132.52,46.95,50.86,35.64,15.94,97.73,48.77,18.35,16.68,37.4,180.58,84.46,3.95,192.64,5.22,52.59,112.77,102.25,14.11,117.12,128.41,112.95,58.23,77.09,51.48,200.44,103.97,19.83,1,76,82.67,72.77,104.19,72.05,32.15,"Average app, could use more features.",1
2276,55.05,155.36,6,4,24970,214.91,65.19,92.16,7.55,17.76,129.03,76.84,15.19,5.96,388.71,1.97,80.06,44.35,28.15,88.67,33.2,59.05,88.67,87.75,101.25,115.59,160.84,98.25,73.38,104.22,2.14,228.92,62.81,73.3,9.99,111.64,74.93,24.16,87.58,4.57,85.63,2.52,15.06,33.29,231.97,182.76,53.11,36.13,269.72,397.88,142.15,38.44,33.86,98.66,31.53,65.8,336.27,104.6,60.54,209.13,49.3,21.3,8.11,92.72,515.14,281.55,21.43,12.22,29.26,148.06,10.92,706.95,108.46,179.76,75.14,24.64,194.53,29.62,20.62,135.66,64.81,124.15,88.65,111.18,7.86,7.78,18.28,32.45,416.32,1.54,130.8,89.43,25.04,64.14,189.98,1,81,103.62,119.07,85.19,111.71,0.0,"Too many crashes, needs urgent updates.",1
2277,30.91,500.31,1,6,28966,252.87,106.0,32.12,68.11,54.89,434.22,36.76,38.95,20.98,30.53,154.1,49.54,78.27,94.89,10.3,21.35,21.68,196.31,43.36,204.15,78.76,82.19,119.9,34.57,327.43,43.07,140.86,93.36,46.17,68.64,334.91,75.76,20.31,256.17,5.34,12.5,52.5,201.23,20.59,19.86,36.34,88.84,161.41,35.65,12.75,35.53,53.63,54.39,265.62,38.04,82.76,11.76,86.47,188.33,181.16,74.61,20.67,36.16,79.43,5.27,274.68,52.59,184.38,104.45,54.29,247.35,112.75,19.46,34.18,15.76,46.18,66.82,67.8,17.69,135.16,165.22,51.44,157.76,21.85,40.5,147.18,92.21,6.45,65.36,30.45,17.87,24.99,66.73,120.25,160.26,1,81,90.38,84.9,99.48,86.74,12.74,"Good experience overall, but UI can improve.",1
2278,35.07,612.02,4,7,17293,28.0,53.64,35.09,0.54,12.29,184.42,78.47,219.73,71.5,338.9,297.91,209.41,26.18,3.43,71.23,134.59,101.08,49.71,116.05,289.02,19.22,42.51,46.23,19.89,75.58,206.16,150.0,72.29,12.84,90.26,104.79,239.07,71.15,239.88,128.27,104.54,128.99,11.19,107.85,67.77,203.77,35.8,167.31,109.37,240.31,29.58,23.1,218.52,264.47,240.96,49.24,44.63,5.08,273.92,0.78,286.74,289.41,207.0,17.69,139.84,0.01,57.34,12.45,240.61,58.17,3.61,24.74,243.19,110.55,367.23,17.68,79.63,68.91,106.83,66.12,46.07,21.18,333.38,31.65,3.43,100.88,136.62,189.3,73.95,3.62,67.5,168.55,11.74,41.88,41.77,0,45,109.29,96.08,101.87,90.95,10.92,"Too many crashes, needs urgent updates.",1
2279,17.55,730.66,10,0,275,92.04,10.06,17.12,118.91,52.46,137.37,90.0,85.96,252.66,354.79,14.24,73.46,24.99,47.63,265.5,97.57,121.45,23.92,23.49,159.82,31.77,12.47,173.59,83.72,279.3,30.39,32.93,1.57,1.08,7.13,165.53,204.16,143.66,89.7,100.28,27.25,2.63,41.0,91.51,77.4,148.04,47.81,40.72,206.64,187.22,26.62,68.37,4.13,43.11,19.33,113.34,12.32,34.47,9.52,28.96,118.31,42.96,26.24,136.56,22.21,22.03,29.04,1.44,67.65,43.19,21.53,88.51,106.76,32.3,33.52,83.65,27.31,61.79,79.96,2.78,25.61,40.39,116.95,81.33,152.27,8.67,71.23,257.88,20.7,24.86,198.85,218.11,5.9,420.82,115.68,0,19,82.87,82.36,90.58,82.02,8.56,"Good experience overall, but UI can improve.",1
2280,50.24,139.52,9,0,25216,101.08,46.2,43.02,50.17,186.37,224.55,203.72,39.37,90.15,60.47,8.12,235.57,33.23,87.55,24.87,134.31,20.41,116.5,89.54,42.84,54.01,12.23,55.72,187.29,73.73,12.72,114.37,59.27,26.11,40.62,1.55,88.17,20.08,40.69,103.0,37.14,26.19,8.17,98.09,59.52,265.82,80.64,1.68,130.49,145.6,173.9,50.85,44.3,86.71,49.82,76.75,30.37,1.14,134.63,209.53,111.03,2.92,111.7,32.67,11.98,5.76,153.23,97.74,39.17,20.22,21.45,60.54,276.48,174.46,21.28,51.66,117.09,38.27,40.86,26.77,62.4,69.38,45.05,111.2,82.27,7.48,82.67,106.13,155.01,90.65,16.45,240.35,1.14,264.68,14.69,1,10,80.04,68.21,82.47,83.15,0.0,"Not satisfied with performance, too many bugs.",1
2281,46.98,391.8,9,7,2653,335.18,185.57,313.61,74.85,169.27,61.02,53.61,231.66,419.94,18.41,7.76,55.74,61.87,27.68,225.36,80.11,184.68,16.42,0.82,200.46,262.38,57.31,105.01,120.45,222.14,32.75,126.99,14.24,200.51,34.46,449.89,42.97,33.12,19.28,85.7,52.4,258.27,43.29,19.73,115.51,60.86,60.72,168.96,14.2,33.55,125.03,44.39,60.11,231.2,40.97,129.03,61.95,17.41,271.53,85.39,31.88,136.09,127.66,18.66,52.49,21.21,10.66,19.41,61.7,9.53,122.34,89.76,18.47,29.71,48.08,11.78,27.13,21.4,148.8,12.01,7.97,129.67,115.58,39.71,153.62,128.07,98.95,47.37,31.08,126.84,9.53,267.08,16.23,74.52,88.01,0,61,97.54,94.21,130.01,66.21,63.8,"Affordable and reliable, worth it.",1
2282,57.38,337.72,9,9,10355,186.55,19.74,2.27,128.64,10.88,4.56,269.27,55.46,16.82,161.44,134.46,260.89,82.81,87.0,145.05,15.13,142.63,80.12,118.39,41.13,148.89,66.0,87.71,148.3,40.35,141.11,120.34,45.95,66.8,14.64,178.75,84.19,44.07,50.7,7.13,1.63,9.23,41.79,264.12,110.57,93.23,89.5,202.18,7.0,433.42,150.29,40.5,81.46,43.11,16.23,279.55,44.83,337.6,81.79,80.09,55.25,348.75,378.69,96.2,101.37,61.41,127.57,170.55,126.78,261.05,6.84,54.68,12.68,29.56,176.92,136.16,170.69,33.3,67.98,171.36,28.35,18.08,45.09,43.48,40.82,142.8,23.05,21.63,22.78,223.04,117.85,192.79,14.68,161.8,38.61,0,17,103.77,91.75,94.78,91.41,3.37,Great customer support and easy to use.,1
2283,29.08,539.36,2,2,6967,53.56,47.42,2.24,59.25,185.94,209.0,8.98,162.24,235.56,120.89,4.17,80.4,64.27,27.67,64.56,12.52,14.29,97.42,12.64,32.11,44.01,142.06,27.75,1.36,14.42,212.66,66.46,15.63,13.66,29.07,309.87,74.76,90.31,251.85,9.28,25.03,67.86,5.87,402.68,36.77,141.45,5.59,8.71,148.72,20.89,75.81,419.77,32.35,18.53,4.43,90.5,4.95,53.36,252.3,56.46,63.17,18.33,37.13,317.17,9.09,89.1,12.85,10.99,71.32,30.74,72.21,18.83,5.66,227.65,29.58,59.36,6.73,62.66,232.26,28.68,211.6,26.68,14.09,7.3,40.05,82.63,42.09,36.11,12.01,22.82,0.77,22.82,294.95,115.68,64.99,0,79,78.54,93.04,68.74,65.11,3.63,Great customer support and easy to use.,1
2284,50.69,614.74,5,9,22115,144.93,42.89,365.68,252.11,13.35,50.75,32.61,26.9,15.33,230.96,237.45,79.85,48.89,11.29,10.01,110.54,313.47,56.32,95.98,22.22,128.56,39.15,107.44,486.43,40.3,320.87,24.53,225.76,27.02,27.18,177.07,115.13,123.69,67.47,255.65,66.53,44.69,91.16,90.88,139.39,121.41,76.88,116.25,47.61,2.5,35.51,6.0,41.84,120.38,430.34,72.56,72.97,130.27,136.7,56.44,185.91,160.32,7.37,144.56,25.35,238.42,6.03,16.28,16.27,29.05,183.43,92.24,222.02,61.61,3.95,201.4,54.76,49.56,31.31,267.16,45.46,29.86,117.29,276.11,85.48,225.13,107.1,243.07,119.76,100.63,17.23,78.99,109.7,151.58,46.49,0,40,110.88,99.37,119.63,107.58,12.05,"Fantastic app, highly recommend!",1
2285,29.96,730.84,5,2,28316,259.36,24.66,16.51,122.4,47.36,4.17,144.36,48.72,58.34,43.48,102.9,122.8,34.23,78.88,143.44,146.05,44.82,45.78,68.67,73.93,234.57,41.07,23.26,40.15,113.55,25.98,26.45,122.59,29.08,66.71,72.63,137.66,80.75,11.81,129.56,40.17,167.07,399.26,331.65,57.15,28.95,93.62,106.96,71.86,106.44,203.28,59.02,20.24,102.76,96.56,127.64,273.3,30.42,4.89,47.42,43.93,89.12,5.83,220.76,83.37,29.05,0.0,20.53,5.37,27.0,114.37,279.82,94.64,52.39,48.43,10.05,26.22,334.15,77.84,93.42,12.71,106.01,51.91,124.79,31.34,376.78,518.38,39.29,143.89,160.62,22.51,161.4,221.78,60.95,58.41,1,59,98.92,96.33,78.48,110.14,0.0,"Affordable and reliable, worth it.",1
2286,25.7,952.97,4,0,28722,161.66,89.75,45.68,31.86,71.77,309.52,265.1,22.43,147.96,47.4,146.94,102.06,223.47,93.71,106.98,14.42,20.15,99.06,55.31,241.75,17.99,105.35,295.64,112.06,61.92,34.76,218.69,21.86,6.58,87.13,183.8,457.37,100.76,4.42,365.77,10.74,209.11,89.79,250.91,41.56,22.39,441.41,24.86,237.28,37.58,453.69,43.06,217.41,28.95,48.19,5.39,101.03,228.98,27.18,99.44,90.75,14.41,135.83,4.47,73.98,51.82,149.23,129.41,25.41,83.7,266.55,340.57,21.05,398.78,106.59,31.44,77.73,134.53,89.27,70.52,260.47,16.55,9.5,30.76,40.57,300.0,19.51,66.51,379.1,16.14,31.26,77.25,92.18,7.12,3.01,0,13,118.18,116.14,108.63,110.88,0.0,Great customer support and easy to use.,1
2287,8.35,677.1,2,6,7522,65.97,190.46,334.79,52.33,27.14,0.44,69.22,224.53,56.0,130.39,3.09,73.76,14.09,187.26,71.11,39.0,100.7,18.87,35.78,218.39,99.81,39.35,33.7,209.54,48.0,61.06,69.82,62.24,29.32,118.81,4.56,338.48,104.82,136.25,143.48,114.67,72.28,138.97,53.82,181.5,370.13,11.52,12.37,146.39,2.07,30.95,63.7,125.57,84.59,71.25,93.44,51.8,17.17,190.99,185.61,359.0,4.85,53.0,46.9,58.29,100.38,149.36,17.14,13.22,31.19,5.23,243.05,107.65,293.6,113.61,30.54,133.75,278.14,42.3,79.28,158.59,38.93,2.52,52.18,22.15,4.82,23.9,40.94,5.67,14.15,69.34,124.43,94.3,32.36,3.66,0,83,92.0,87.14,89.5,77.55,11.95,"Good experience overall, but UI can improve.",1
2288,3.2,1040.04,6,6,25260,13.75,54.57,17.95,65.46,80.5,23.83,41.1,28.73,42.02,81.91,307.47,7.67,9.3,16.83,145.05,22.95,21.42,134.72,200.75,8.68,121.25,266.42,0.09,94.0,152.96,46.88,27.17,96.94,130.52,8.12,9.73,84.42,19.34,145.61,17.24,291.3,45.25,73.62,91.1,20.49,1.32,68.12,17.75,108.44,100.55,140.94,198.3,132.65,138.76,123.12,48.73,175.16,112.91,173.16,87.12,11.0,356.83,243.16,79.16,38.75,14.44,82.45,58.84,270.85,3.66,108.79,0.09,32.98,162.75,4.27,62.68,1.49,108.61,92.62,96.41,25.86,667.36,100.25,44.58,6.21,1.4,266.72,0.27,236.31,157.54,1.87,192.44,38.58,166.72,99.84,0,25,94.78,101.61,75.63,103.56,0.0,"Good experience overall, but UI can improve.",1
2289,43.79,519.79,10,9,4510,16.21,121.3,106.49,232.12,181.03,302.61,155.06,19.15,269.45,26.55,70.55,107.82,281.63,11.04,20.45,103.98,60.46,796.18,6.08,39.35,27.48,59.22,137.09,146.38,40.05,108.14,72.85,129.56,156.64,122.66,216.07,30.66,472.73,86.88,157.86,131.65,29.32,129.93,70.07,104.93,119.77,188.63,47.92,79.23,86.36,6.01,81.08,89.49,61.89,46.31,157.36,158.32,0.19,204.31,28.6,20.83,65.69,92.99,282.96,55.23,50.88,7.84,51.33,154.11,70.46,26.77,10.05,83.66,138.54,10.44,100.78,308.13,8.15,118.52,59.0,135.63,261.2,117.16,182.59,216.28,143.0,269.86,33.39,8.48,32.28,34.81,2.33,23.44,106.71,21.58,0,84,111.31,113.35,130.92,92.91,38.01,"Affordable and reliable, worth it.",1
2290,9.52,396.24,1,3,3143,45.36,177.68,124.6,34.68,19.41,49.98,35.75,21.08,44.76,200.38,345.09,371.22,14.86,305.66,144.97,25.88,284.9,288.94,323.27,108.94,25.38,8.7,113.24,28.8,48.78,223.79,75.66,14.56,9.37,133.24,164.0,163.66,249.98,47.57,149.09,632.85,34.58,50.11,77.38,82.26,39.66,110.0,0.62,42.86,80.44,95.93,25.23,47.16,57.79,87.4,51.09,44.73,13.01,50.15,17.94,6.45,20.82,75.59,15.2,53.58,144.29,680.8,28.5,63.43,175.9,15.15,9.44,36.22,95.27,14.32,103.5,18.52,34.2,108.83,296.5,78.64,77.03,72.21,112.01,29.24,191.87,17.57,81.73,126.07,26.77,89.09,316.03,65.0,27.26,45.96,0,43,104.64,121.29,121.63,106.05,15.59,"Not satisfied with performance, too many bugs.",1
2291,34.36,301.5,8,9,5458,118.27,94.86,33.33,12.65,90.43,125.32,97.96,190.07,144.4,99.3,69.22,63.41,20.7,20.66,97.29,85.52,8.77,147.77,75.71,25.89,19.3,105.61,2.84,168.85,85.58,48.66,64.33,122.87,311.15,9.43,6.03,43.06,9.14,67.96,106.97,540.23,255.92,140.31,368.75,119.4,21.58,20.4,130.07,59.83,44.91,93.39,93.41,229.18,226.35,44.4,11.84,31.79,4.72,256.99,6.06,16.63,52.08,132.77,56.56,52.42,204.27,2.55,105.93,89.66,83.52,0.51,1.03,21.73,89.06,11.34,167.37,234.21,7.93,282.09,39.66,150.71,52.18,73.21,33.7,140.12,75.59,110.96,175.49,165.01,47.82,88.19,123.92,55.09,77.02,426.56,1,55,99.33,95.89,85.34,104.55,0.0,"Very useful app, helped me a lot.",1
2292,0.0,335.5,4,0,18692,66.64,36.32,173.01,71.35,43.44,303.0,16.65,10.55,233.01,0.66,195.66,43.87,118.86,98.08,157.53,4.83,89.16,6.85,6.73,67.01,35.43,141.54,187.27,62.24,158.22,165.45,184.68,136.87,6.87,47.54,163.24,97.76,7.3,155.93,30.51,60.07,117.96,91.29,32.33,90.18,336.38,23.53,65.9,654.48,99.31,116.91,32.23,107.1,63.95,63.38,136.81,83.42,71.12,90.23,38.74,140.28,67.82,102.05,8.59,92.67,4.82,400.9,62.39,408.69,179.16,16.06,125.39,24.99,126.14,83.7,94.0,40.7,52.57,279.57,73.34,59.84,134.83,27.05,25.33,22.37,94.33,25.19,110.75,43.2,42.65,244.26,131.36,283.35,44.93,188.88,1,24,106.24,103.14,95.64,115.02,0.0,"Not satisfied with performance, too many bugs.",1
2293,13.11,284.52,2,4,2383,52.93,186.9,176.73,100.53,20.14,157.14,26.73,79.52,144.43,8.36,17.74,126.66,257.21,113.34,68.27,47.83,3.72,228.27,285.56,16.46,38.5,4.09,41.69,61.33,3.48,98.94,37.18,31.18,171.78,51.54,7.41,151.53,73.35,45.87,99.31,50.88,245.46,128.06,290.69,70.5,327.68,174.46,84.68,74.56,110.97,22.28,148.6,311.44,10.07,21.23,150.12,3.78,333.82,52.98,267.58,131.06,44.07,158.49,223.16,38.31,24.38,136.49,6.43,19.01,61.64,139.46,17.64,39.54,61.7,36.1,29.97,311.25,37.19,26.98,155.6,171.6,21.75,18.68,72.83,91.86,69.36,51.44,26.33,77.27,43.75,191.92,170.56,43.61,221.18,128.47,0,15,100.16,86.92,88.61,83.47,5.14,"Affordable and reliable, worth it.",1
2294,15.4,729.14,2,3,29720,9.12,100.5,93.43,243.68,72.63,86.16,20.51,222.03,64.62,166.98,13.11,43.34,10.83,129.51,154.41,42.05,274.43,277.23,169.25,155.38,32.5,170.79,86.77,15.77,28.49,25.96,320.05,23.65,113.0,15.22,326.58,23.24,305.94,160.64,75.67,39.79,72.72,13.0,61.0,25.56,52.63,94.26,103.17,78.54,224.97,46.14,119.95,6.04,70.14,53.4,4.92,48.75,20.37,50.67,64.1,110.49,54.91,91.19,91.55,8.2,211.33,188.74,311.31,40.61,8.53,471.96,44.79,11.85,9.82,182.99,57.06,62.17,179.45,30.91,162.63,58.98,46.51,16.51,13.19,4.89,209.92,125.85,150.95,147.11,4.22,27.17,361.78,423.35,248.25,252.15,0,42,108.28,103.38,106.05,135.5,0.0,"Not satisfied with performance, too many bugs.",1
2295,37.31,80.52,1,5,16885,2.51,312.13,16.76,138.74,206.82,30.05,263.56,164.29,41.68,58.64,21.66,74.05,87.27,38.48,350.47,208.64,19.28,73.53,119.07,4.21,15.7,71.89,43.9,157.87,69.38,24.32,305.85,57.7,58.33,14.64,241.45,310.35,94.22,100.84,5.72,242.67,3.85,27.93,60.66,31.1,124.15,415.37,57.02,278.58,36.98,19.98,4.08,384.4,3.9,41.73,65.69,143.99,19.89,145.82,138.48,131.66,583.45,5.74,38.18,22.29,54.44,157.54,18.87,21.53,315.48,89.14,58.35,27.11,17.11,73.16,97.01,220.58,49.23,40.82,46.0,137.04,1.59,175.31,244.27,75.08,56.06,120.29,360.66,83.89,123.54,107.8,49.01,377.82,59.08,114.83,1,49,113.38,115.33,101.71,112.42,0.0,"Fantastic app, highly recommend!",1
2296,48.82,519.24,10,7,13813,119.45,19.62,141.48,274.8,99.42,44.48,57.67,9.78,199.26,179.03,30.87,57.05,131.28,247.53,81.93,185.35,141.08,191.52,6.77,160.13,95.82,236.85,51.39,1.47,103.82,2.59,33.58,25.65,331.35,60.62,11.16,84.67,67.25,66.34,40.92,2.93,92.55,107.14,95.71,188.72,4.5,82.75,289.51,18.8,100.88,124.93,44.23,278.08,111.51,34.94,89.46,69.92,86.66,40.87,321.23,254.56,72.03,90.63,104.96,174.32,17.74,301.14,18.96,187.96,138.05,34.09,121.36,298.22,86.0,245.18,21.76,47.38,50.25,151.98,156.11,155.79,362.09,230.83,106.16,119.42,146.12,140.86,85.62,227.77,44.37,51.29,64.24,472.23,54.23,0.55,0,38,117.91,95.65,110.72,137.93,0.0,Great customer support and easy to use.,1
2297,41.11,696.85,6,5,21943,154.8,10.39,106.81,52.48,17.56,173.55,66.23,460.79,190.64,4.84,335.52,110.36,16.29,9.73,102.76,78.71,4.02,73.54,121.32,245.03,14.94,425.58,131.15,135.3,12.2,8.22,1.55,159.35,51.94,222.45,10.94,251.96,71.28,16.15,25.49,90.65,129.03,65.85,45.73,29.1,160.88,9.86,114.54,112.12,67.45,46.96,89.08,72.0,168.93,13.06,45.07,322.74,27.0,94.97,428.1,75.48,163.87,153.3,152.61,0.36,153.95,42.75,187.4,8.38,257.73,142.29,84.43,0.44,143.15,163.74,100.62,60.24,8.25,41.06,44.01,9.18,113.94,173.78,28.08,201.9,3.26,101.32,180.68,13.17,516.36,369.12,105.35,6.73,172.19,10.76,1,12,111.08,110.53,116.6,114.81,1.79,"Excellent design, works smoothly.",1
2298,23.78,740.01,3,7,21477,334.17,110.84,256.24,164.42,145.3,74.45,24.01,34.43,5.39,35.34,70.76,29.33,274.34,54.31,83.4,83.68,21.11,44.8,100.69,285.6,32.56,76.74,14.93,33.82,156.26,16.15,93.37,353.17,61.89,63.53,37.9,54.35,46.42,22.68,234.54,72.08,109.52,73.04,146.79,3.82,38.72,89.78,24.37,109.11,41.59,98.62,4.09,85.89,42.5,55.0,94.16,86.09,92.83,127.59,269.34,71.48,189.93,61.13,5.63,85.89,109.73,238.86,31.71,20.01,217.87,39.25,118.71,187.11,143.19,7.36,51.49,54.55,20.1,107.74,315.62,127.61,219.6,50.7,29.35,28.12,81.86,92.9,67.25,16.39,53.97,27.9,75.29,192.84,119.47,348.22,0,19,97.83,84.77,104.5,106.49,0.0,Great customer support and easy to use.,1
2299,23.61,99.34,1,0,68,313.86,61.88,142.08,2.84,46.93,56.98,7.96,34.32,108.81,103.31,95.73,91.72,89.74,118.46,64.58,163.59,106.56,6.37,73.09,164.31,106.27,95.25,66.02,125.2,6.12,0.83,19.29,182.38,78.66,35.87,48.41,41.74,33.78,179.23,58.51,19.0,29.86,115.97,18.6,126.8,40.3,41.67,22.44,74.0,51.31,61.08,44.55,145.26,69.3,38.69,240.32,134.32,48.89,36.47,33.03,124.31,12.91,41.91,39.19,113.49,63.86,251.9,262.19,662.54,179.71,46.8,141.36,46.06,21.07,94.23,124.34,209.35,128.43,12.82,69.18,96.43,236.73,116.89,16.21,9.54,148.13,30.74,163.54,62.04,4.85,76.14,66.02,227.4,40.2,28.63,1,75,92.13,90.19,85.63,121.24,0.0,"Fantastic app, highly recommend!",1
2300,15.25,502.82,2,5,20387,108.72,37.31,105.04,1.09,170.98,133.39,18.78,51.18,53.69,107.78,203.12,14.05,89.58,50.07,136.32,87.58,176.61,3.27,13.58,164.95,219.07,74.37,262.86,41.24,5.99,162.77,28.91,39.46,23.32,20.89,71.46,158.27,154.36,8.43,93.19,109.93,156.01,150.15,138.65,23.27,85.86,73.27,145.76,124.11,29.27,87.98,101.25,76.98,0.7,195.0,236.78,16.65,169.99,19.6,139.89,92.89,19.42,249.59,429.39,41.38,173.38,69.8,4.64,69.3,19.09,123.78,59.76,195.27,8.51,120.28,8.73,124.57,22.79,278.01,33.65,65.49,114.58,89.09,20.91,116.84,43.66,142.21,126.05,49.98,14.72,34.89,41.71,384.21,42.93,163.59,0,32,97.42,82.15,86.86,92.08,0.0,"Very useful app, helped me a lot.",1
2301,31.97,609.72,7,9,10448,47.37,22.13,19.25,42.27,56.04,116.65,56.6,170.59,100.21,95.85,188.42,45.21,127.55,95.35,89.04,221.21,2.42,14.51,6.01,40.61,123.31,125.59,35.24,3.29,1.22,34.45,219.73,180.65,9.0,119.38,160.43,19.02,26.17,53.31,79.01,47.86,157.76,68.85,2.51,163.38,37.98,94.98,100.33,258.38,1.26,34.55,147.66,84.02,196.66,114.76,45.53,38.26,98.25,89.72,13.24,74.47,4.83,142.77,7.18,104.61,22.5,27.83,39.92,89.97,25.03,36.86,11.93,37.88,59.04,165.13,88.35,151.86,75.23,9.45,34.5,53.02,100.6,224.47,13.82,118.01,145.2,138.34,321.36,20.23,19.11,9.84,174.46,93.93,10.67,116.94,0,42,81.25,67.44,80.31,81.18,0.0,"Affordable and reliable, worth it.",1
2302,47.84,355.77,3,0,28857,35.66,5.18,4.45,157.52,109.72,126.58,223.39,78.09,62.99,51.39,20.73,58.6,95.58,140.38,347.85,315.66,36.15,0.47,22.04,112.14,79.36,232.17,70.39,158.18,23.7,247.81,503.08,17.08,89.44,105.97,358.54,6.14,50.0,277.39,57.54,21.19,176.43,74.45,263.53,117.39,65.65,19.06,44.2,140.66,152.22,51.14,148.53,1.06,175.31,206.55,20.3,39.69,104.42,342.76,195.84,41.47,223.66,74.32,23.83,68.73,234.15,29.69,110.74,172.24,46.62,48.1,163.5,83.12,8.65,90.12,58.29,14.3,237.65,18.74,15.97,4.42,78.56,71.98,74.51,31.04,35.38,11.51,18.88,71.13,169.83,295.1,386.04,427.96,52.54,21.58,0,44,112.85,108.24,117.72,102.75,14.98,"Average app, could use more features.",1
2303,41.41,371.4,3,6,27945,21.37,32.07,153.56,28.04,36.53,18.68,250.59,66.67,423.06,27.58,26.76,117.47,132.61,2.99,44.78,187.49,104.81,199.82,12.09,142.3,10.86,10.64,86.09,7.78,4.93,47.03,152.98,56.33,3.45,92.6,43.45,275.0,38.84,65.75,164.42,102.18,98.05,7.89,30.74,316.24,401.49,103.2,307.99,40.91,15.6,150.48,21.51,103.2,29.04,2.48,8.66,22.11,14.72,120.56,34.6,5.25,189.25,123.46,43.89,156.43,243.78,55.87,144.24,63.17,219.27,168.32,45.15,214.0,238.54,200.66,302.37,85.82,58.66,60.79,409.54,2.08,129.62,36.31,35.61,193.54,50.7,50.39,42.78,135.81,356.28,82.04,307.74,1.08,112.26,8.89,0,19,106.61,103.91,83.4,135.18,0.0,"Average app, could use more features.",1
2304,11.34,587.56,3,0,2646,158.2,22.61,58.54,182.07,143.84,33.9,32.17,123.46,195.61,20.22,132.63,173.56,134.4,178.85,13.82,731.45,55.81,531.57,198.74,349.7,21.52,127.3,20.84,881.18,110.62,331.26,163.48,84.15,55.43,225.44,69.37,7.46,249.45,189.4,26.06,153.86,279.34,31.15,22.57,253.66,171.43,13.35,127.32,14.12,6.15,84.24,276.63,3.53,24.09,226.52,221.16,24.49,93.17,16.51,172.31,37.35,332.45,54.43,94.26,21.6,259.75,10.28,12.3,59.83,123.65,157.61,167.41,124.41,116.69,112.47,567.01,160.67,15.84,10.21,104.18,23.26,46.23,159.25,10.99,232.83,26.0,86.29,197.66,235.49,247.51,96.08,58.05,20.03,146.33,97.66,0,34,138.62,148.63,183.08,122.87,60.21,Did not meet my expectations.,1
2305,47.73,645.85,7,9,22793,26.14,134.7,48.47,7.43,122.32,141.0,12.94,32.31,193.16,40.36,14.64,214.7,199.63,142.07,89.63,82.54,154.7,262.88,72.26,51.25,95.11,37.41,28.52,167.28,119.47,38.83,0.57,1.69,30.93,41.07,28.77,87.76,76.71,29.04,85.13,4.54,290.34,81.5,5.35,26.15,60.62,254.82,3.53,111.36,189.29,170.51,222.18,14.05,47.47,33.54,163.95,93.46,53.56,50.85,39.51,223.77,130.14,268.08,5.38,27.74,25.65,14.73,26.14,13.55,28.01,82.98,90.41,1.58,39.15,119.21,60.26,27.77,4.69,21.02,2.32,161.66,59.61,63.97,129.73,50.34,46.13,96.22,170.73,92.68,126.6,173.37,5.64,30.53,127.87,128.92,1,34,83.38,71.96,86.8,67.38,19.42,"Affordable and reliable, worth it.",1
2306,11.67,780.48,5,3,22318,79.51,63.24,29.73,10.37,131.49,73.77,38.13,229.61,229.64,50.76,41.58,103.56,79.9,364.21,197.75,69.76,427.51,165.63,192.42,122.95,15.14,41.33,36.85,104.49,176.24,118.59,90.39,230.72,248.72,53.28,26.84,96.66,107.73,72.12,131.25,146.35,5.2,153.44,74.56,96.0,189.31,144.11,17.45,170.11,64.71,29.66,375.71,46.94,107.83,324.7,58.83,76.57,94.79,83.42,94.72,44.2,108.3,20.64,84.38,74.89,126.43,32.43,45.97,62.71,81.34,24.33,46.58,30.96,432.95,8.67,97.66,145.68,89.59,37.68,71.51,13.24,145.55,47.41,130.89,12.96,6.38,144.36,163.66,104.02,36.66,145.98,29.77,47.48,9.04,4.5,1,73,103.5,90.09,127.24,79.21,48.03,Great customer support and easy to use.,1
2307,20.14,651.75,2,8,5589,6.22,26.94,15.88,87.75,161.87,162.17,4.89,129.93,355.41,76.97,58.93,247.7,37.92,8.19,166.31,33.23,268.29,10.91,40.77,48.43,39.74,40.86,93.83,242.19,81.35,95.83,18.73,208.45,146.94,84.87,287.25,27.94,105.29,24.17,377.93,209.59,9.61,19.92,20.64,3.43,15.76,23.54,12.31,8.6,254.13,82.68,147.23,40.87,0.26,28.02,39.5,80.19,50.35,55.0,197.3,50.0,71.75,11.83,27.8,6.42,119.78,28.8,2.97,65.09,196.25,202.37,385.35,81.78,86.49,277.64,88.39,41.58,199.78,8.05,13.15,34.52,105.56,17.49,29.77,116.06,265.72,245.97,12.25,90.3,183.08,32.7,196.31,74.0,1.09,199.47,0,71,96.58,95.13,100.05,113.39,0.0,"Not satisfied with performance, too many bugs.",1
2308,17.96,545.79,3,4,14443,86.08,50.93,48.95,41.72,157.85,309.97,271.74,157.43,14.95,100.45,10.25,421.45,109.64,29.97,64.89,287.13,35.8,11.86,24.43,98.7,172.52,36.59,9.91,22.99,152.04,226.75,10.6,2.73,14.34,168.28,54.68,30.45,225.82,98.46,74.25,61.7,77.49,10.73,115.68,69.09,59.88,10.31,85.22,242.66,366.46,294.69,31.04,130.34,138.34,118.35,91.17,50.73,43.79,382.59,285.01,179.61,865.81,354.38,27.24,272.66,15.12,33.14,90.09,219.57,34.05,73.95,73.73,25.61,332.06,150.92,16.62,159.54,39.63,202.62,22.62,14.38,160.72,45.0,76.39,92.85,179.37,24.17,13.08,16.25,29.97,33.58,9.58,400.92,76.33,219.94,1,33,120.9,132.53,105.03,96.06,8.97,"Very useful app, helped me a lot.",1
2309,18.57,799.97,4,0,25928,152.05,122.84,38.73,71.04,11.61,57.07,170.97,6.29,54.56,156.3,342.46,2.69,20.12,240.01,11.75,118.51,134.43,126.86,83.35,2.04,244.58,7.59,143.38,16.3,99.82,165.45,82.17,26.47,57.57,0.1,0.65,386.65,131.49,16.86,203.4,5.73,73.17,31.4,7.05,201.97,16.11,87.18,240.0,6.52,9.09,82.63,185.91,552.68,77.29,138.99,109.49,31.33,79.34,62.22,106.22,95.47,44.1,93.32,128.82,278.53,40.32,16.31,109.33,28.33,7.54,40.84,15.98,59.61,26.28,48.96,78.7,178.78,584.02,10.79,140.53,259.46,61.73,274.35,38.68,61.94,195.28,19.66,139.22,92.74,184.56,138.52,87.11,126.82,5.9,9.15,1,43,103.69,108.32,92.24,102.72,0.0,"Good experience overall, but UI can improve.",1
2310,50.18,574.94,4,5,29410,98.71,81.49,37.76,15.23,41.43,33.55,78.66,195.31,64.76,38.56,7.79,36.44,4.43,179.35,34.01,14.44,17.05,71.95,12.42,69.45,15.06,76.11,108.76,240.83,84.14,372.46,4.42,6.77,21.61,126.09,15.53,52.67,52.79,231.69,173.18,8.25,160.6,1.17,35.97,93.42,125.87,28.66,10.07,14.9,65.4,143.72,23.09,304.85,75.09,1.94,4.18,26.75,82.74,19.23,183.78,223.14,105.09,119.57,205.93,187.7,88.17,0.32,357.91,19.17,35.8,14.93,3.27,233.98,45.24,75.88,39.4,111.31,208.12,82.02,173.82,0.75,108.88,51.71,25.25,18.55,127.08,15.53,97.2,39.88,47.17,114.68,153.61,419.97,33.07,206.16,0,20,87.94,89.17,72.97,98.29,0.0,"Very useful app, helped me a lot.",1
2311,29.27,3.42,10,1,24800,533.27,186.77,277.93,70.6,6.39,196.08,274.96,214.08,146.39,5.95,64.98,92.27,111.64,94.5,40.02,31.12,399.91,57.23,102.87,503.67,55.57,29.92,50.63,19.07,11.87,164.75,94.02,12.01,48.24,74.02,39.81,18.7,115.41,21.99,77.66,182.05,117.72,54.95,324.67,78.34,33.95,105.97,94.75,15.57,138.5,126.11,119.82,23.33,85.11,60.67,111.32,269.22,23.6,85.33,32.48,62.53,94.93,94.76,9.75,14.22,28.23,192.42,73.45,4.07,58.78,9.03,177.47,88.34,397.3,250.89,33.44,306.63,137.52,58.01,116.46,5.22,54.05,514.24,123.16,57.22,163.74,0.49,180.1,13.75,23.82,0.26,197.53,44.58,87.44,117.09,0,85,112.43,114.9,132.36,117.16,15.2,"Fantastic app, highly recommend!",1
2312,40.79,335.86,10,8,16651,67.73,14.47,0.4,50.6,44.22,62.92,148.32,8.68,57.0,166.29,61.6,193.49,19.09,65.53,82.49,169.77,46.34,37.56,238.76,61.2,238.01,97.63,60.83,23.58,43.44,25.86,172.04,156.91,171.57,15.57,45.97,11.61,0.4,38.89,15.83,55.11,64.58,211.35,0.78,120.12,72.55,25.37,148.26,99.99,0.7,21.3,74.66,90.47,20.76,95.02,80.75,367.21,244.95,79.5,266.31,292.49,110.49,229.77,17.61,195.22,10.66,50.04,40.95,135.97,13.5,15.13,74.9,115.93,116.45,109.07,205.45,0.73,228.21,163.21,88.16,29.85,145.42,89.46,113.73,42.19,134.61,74.72,149.58,158.5,58.29,314.49,109.57,397.63,50.97,40.9,0,22,99.76,85.75,86.73,109.28,0.0,"Excellent design, works smoothly.",1
2313,59.41,717.38,7,4,8808,40.23,114.3,96.85,1.35,284.95,8.61,158.19,51.53,19.95,33.78,145.1,23.15,92.48,288.45,20.22,10.95,34.45,39.84,8.53,197.28,125.41,64.56,123.96,76.02,48.42,182.74,307.85,52.89,297.22,127.74,146.21,40.61,21.21,87.17,165.16,128.17,192.57,20.74,16.28,42.05,31.25,38.69,19.69,11.56,4.61,43.47,85.1,44.75,83.43,209.83,59.58,81.64,276.07,80.99,125.4,54.96,234.77,172.11,263.55,73.7,178.83,37.68,10.59,257.28,198.55,35.79,144.49,123.25,203.4,139.57,43.5,118.04,17.08,113.91,90.87,14.4,18.15,0.86,144.04,155.45,210.22,71.16,168.58,52.7,106.56,25.51,248.09,81.4,180.61,75.38,0,52,102.2,81.58,102.57,108.86,0.0,"Very useful app, helped me a lot.",1
2314,17.15,289.25,4,7,9252,76.35,170.96,4.01,41.14,54.31,24.41,27.46,32.78,544.16,339.08,14.48,368.32,12.11,77.76,43.39,91.24,4.24,63.49,303.43,99.75,231.47,15.84,187.17,137.12,22.56,112.99,193.8,482.78,63.58,254.59,38.76,66.63,84.99,263.02,79.23,102.3,5.68,6.45,62.5,269.61,78.38,135.31,30.21,104.78,449.91,84.49,0.81,48.17,93.71,477.82,128.39,43.62,182.66,92.08,29.14,53.22,25.57,327.5,40.64,71.4,2.24,0.65,254.59,33.36,252.28,186.29,230.66,237.2,99.49,3.45,206.23,10.18,29.53,64.7,159.25,20.93,108.02,456.52,92.51,255.11,27.87,107.05,90.79,8.26,377.89,1.95,182.68,195.73,43.9,33.36,1,27,126.05,127.83,136.49,125.76,10.74,"Too many crashes, needs urgent updates.",1
2315,24.34,345.94,8,8,26614,63.03,19.13,275.18,77.46,63.2,67.76,37.43,182.63,304.04,72.65,8.14,48.67,20.8,73.42,5.7,38.11,100.16,59.33,464.98,133.56,309.43,2.96,59.78,649.28,33.95,53.07,66.65,35.52,130.94,131.04,120.35,82.53,109.48,117.8,64.16,72.23,2.23,321.23,151.41,141.06,2.09,63.21,14.09,97.78,110.89,242.93,51.16,29.59,10.45,51.53,120.31,601.87,126.28,110.25,22.54,174.92,49.25,171.04,66.37,6.75,35.79,363.84,92.31,54.49,18.31,8.22,65.57,0.34,114.88,168.83,27.45,116.53,1.66,212.71,6.83,62.12,62.37,42.83,18.79,58.95,4.1,430.87,19.19,25.1,50.22,14.49,13.48,118.11,13.52,41.96,0,25,101.75,122.63,119.6,75.46,44.14,Great customer support and easy to use.,1
2316,60.33,601.85,3,9,17469,72.37,106.18,94.86,14.52,85.28,10.73,128.6,168.9,137.79,578.41,61.64,28.44,38.61,102.85,96.78,56.42,32.95,222.43,160.59,102.12,9.98,138.13,239.92,92.04,357.21,19.82,19.82,60.44,131.79,22.47,55.99,71.49,9.6,28.35,172.1,168.13,53.81,165.95,8.06,85.98,373.09,28.44,75.85,100.89,77.16,134.82,33.07,118.09,196.93,118.74,39.85,5.7,73.15,90.85,19.16,166.42,43.92,362.87,94.89,172.65,8.79,69.55,168.21,123.95,47.13,42.57,254.4,195.68,45.82,154.9,35.61,464.54,483.92,111.99,98.31,110.16,78.25,89.02,23.15,1.71,247.47,206.32,124.39,11.2,58.95,25.89,46.12,2.0,169.26,128.0,0,59,112.95,108.32,113.07,120.91,0.0,"Not satisfied with performance, too many bugs.",1
2317,25.72,466.54,3,6,20776,114.81,49.65,37.29,19.8,92.63,210.53,91.84,15.48,72.77,10.31,275.06,328.6,104.65,200.89,210.07,10.64,157.52,397.64,68.77,140.39,17.82,66.85,10.1,24.56,133.16,75.81,64.0,8.5,156.64,87.77,125.09,121.59,2.95,290.66,49.59,51.96,128.74,230.47,144.44,25.31,122.21,116.9,8.76,11.82,188.95,262.43,26.99,56.96,156.76,122.87,11.25,19.22,70.92,49.18,69.74,64.19,74.36,99.98,101.07,365.48,65.4,33.12,54.1,88.48,58.16,22.97,266.84,80.12,63.52,231.89,217.84,138.48,271.31,255.5,28.18,78.27,175.78,83.95,131.99,143.9,258.77,39.71,318.59,22.76,416.77,41.3,283.98,50.48,51.38,28.84,0,16,115.86,98.28,108.48,133.41,0.0,"Excellent design, works smoothly.",1
2318,42.62,646.5,5,2,4542,86.86,98.77,54.94,98.37,7.66,125.99,161.84,34.63,234.22,134.08,306.93,5.83,63.91,30.49,41.12,78.46,136.33,138.74,209.53,42.35,61.76,37.46,50.2,329.14,39.33,148.34,2.12,107.52,132.78,1.09,196.53,81.71,3.64,132.17,134.06,3.73,337.47,45.4,49.11,2.96,55.27,30.42,10.46,75.05,29.23,83.09,2.93,58.04,15.31,267.61,8.12,138.31,37.43,104.96,86.88,135.44,197.69,79.06,190.61,58.98,92.15,88.45,7.57,2.22,71.93,337.85,282.25,250.78,31.44,211.64,125.05,100.68,18.36,101.54,79.42,74.58,56.98,393.68,57.91,25.41,64.47,29.66,135.23,20.85,298.31,31.07,321.86,87.73,164.24,148.45,0,32,104.05,92.76,100.03,123.73,0.0,"Affordable and reliable, worth it.",1
2319,41.16,984.17,1,5,26163,9.4,10.62,13.69,30.43,134.83,105.24,48.65,163.32,29.88,38.55,108.94,266.82,156.51,61.81,147.81,24.04,27.21,77.22,215.69,38.12,227.45,73.98,218.62,180.32,100.97,3.1,243.36,324.62,304.53,234.25,5.26,80.82,28.02,78.24,362.1,59.62,91.02,343.04,72.01,7.64,37.7,205.92,107.52,116.12,25.07,125.15,28.85,179.3,60.27,9.44,290.89,280.67,145.61,191.38,59.26,38.16,148.59,28.09,3.82,13.77,155.36,133.63,27.67,620.0,2.34,82.62,197.04,214.67,61.38,34.17,215.58,100.18,158.26,25.9,85.44,6.03,206.22,50.56,3.48,217.3,44.85,59.85,49.72,80.08,23.08,343.35,12.43,47.0,15.14,6.46,0,83,112.48,108.7,120.67,109.33,11.34,Did not meet my expectations.,1
2320,21.02,352.19,8,4,4399,53.43,223.02,117.2,8.16,156.82,55.64,33.91,133.04,59.88,24.25,89.98,81.95,82.07,476.68,46.96,32.23,72.52,68.43,20.13,58.2,94.04,43.77,20.39,217.9,227.56,103.13,124.61,39.4,151.88,114.57,191.44,44.06,71.51,42.71,58.66,34.65,226.34,118.8,172.7,29.76,76.67,125.77,143.58,22.08,182.71,11.86,66.06,44.12,28.93,158.93,9.49,19.81,63.21,24.77,43.46,91.32,5.9,173.96,14.75,34.75,23.0,21.09,0.58,193.88,34.52,150.56,281.53,14.55,38.29,79.89,94.86,49.12,82.48,80.78,191.11,95.8,183.86,62.57,3.56,97.31,51.07,85.44,4.47,67.11,115.06,307.49,32.99,40.7,42.18,17.18,0,88,87.86,78.8,101.06,84.77,16.29,"Too many crashes, needs urgent updates.",1
2321,69.43,520.62,1,4,13535,90.13,11.88,61.0,140.35,67.55,51.82,65.38,40.43,158.39,237.1,215.14,26.47,90.58,279.22,154.95,88.69,43.68,9.32,447.93,31.48,86.75,78.77,165.21,101.91,107.37,176.76,69.53,300.54,104.05,111.11,194.28,27.13,378.41,35.82,38.13,174.57,41.21,130.62,35.14,186.57,72.45,117.3,225.01,70.95,96.04,5.7,123.73,218.3,79.93,40.15,59.58,206.18,138.11,350.75,1.65,119.39,118.48,68.62,64.67,96.09,13.45,142.93,57.07,118.07,18.29,34.97,147.62,12.99,250.13,20.36,17.94,220.28,195.22,208.05,46.04,8.78,119.5,255.29,71.63,41.52,51.52,227.47,282.65,14.39,405.23,80.98,114.53,303.58,73.12,48.28,0,44,119.23,97.09,120.45,120.06,0.39,"Too many crashes, needs urgent updates.",1
2322,38.1,448.52,3,3,12831,127.1,5.66,22.7,54.4,298.38,19.64,71.17,76.83,222.83,1.11,125.32,201.56,64.92,19.16,190.7,21.53,149.49,76.04,267.76,60.02,38.61,362.78,78.55,252.82,52.05,15.39,61.36,43.83,3.54,77.83,43.03,21.68,59.63,75.77,52.8,116.74,48.69,28.59,138.66,40.85,19.93,87.63,45.57,37.51,34.25,67.65,58.88,64.42,90.25,99.23,74.75,152.91,54.68,29.85,37.21,177.62,3.64,18.22,280.17,218.03,102.95,63.95,242.71,6.47,147.99,16.12,133.25,143.8,110.75,10.14,17.56,43.9,89.03,78.72,101.81,33.81,106.6,21.26,200.77,35.65,9.78,157.45,53.7,34.31,75.06,22.3,298.76,47.6,111.65,30.01,0,62,87.66,78.33,102.1,84.93,17.17,Great customer support and easy to use.,1
2323,0.0,303.11,3,7,21553,130.75,95.61,58.11,26.58,6.46,105.97,31.8,1.31,6.75,2.65,51.86,16.04,23.35,175.35,10.71,210.05,90.2,34.62,5.24,346.18,106.16,13.32,15.13,45.32,83.97,20.85,133.77,9.53,135.13,19.71,19.74,11.92,348.84,36.75,91.63,76.05,164.0,104.24,71.96,10.34,38.55,56.5,32.91,636.55,23.61,56.1,187.67,86.22,307.88,80.11,15.16,375.32,226.81,27.23,158.5,5.52,51.42,73.35,7.84,14.28,213.26,10.08,2.25,10.99,26.08,46.47,217.33,1.15,29.22,27.98,2.83,19.5,132.02,70.04,233.3,63.19,94.96,188.65,7.23,77.36,32.82,29.94,28.8,109.83,14.05,90.97,57.12,20.84,143.78,295.93,1,28,85.64,104.28,67.08,76.6,0.0,"Good experience overall, but UI can improve.",1
2324,26.09,117.14,5,4,17732,205.84,132.89,53.88,73.62,85.4,68.91,119.93,37.18,24.26,75.45,117.2,186.26,363.47,75.43,26.77,1.18,8.75,6.79,63.92,45.82,149.66,95.95,95.65,36.84,101.67,56.67,30.58,16.84,19.85,39.51,168.07,123.92,171.5,15.19,0.93,155.04,252.88,243.15,6.06,321.64,69.89,36.02,177.25,71.7,80.59,84.56,13.45,179.86,425.44,17.81,74.26,263.08,86.86,148.5,51.7,23.2,107.31,12.69,65.47,193.87,207.11,1.71,101.05,15.9,82.54,32.74,143.14,45.41,50.54,71.58,20.3,117.3,133.54,18.25,64.02,100.66,77.08,172.15,114.69,172.77,391.49,88.78,80.34,5.83,10.64,123.9,269.52,6.5,21.44,7.7,0,50,97.85,89.5,80.54,91.62,0.0,"Good experience overall, but UI can improve.",1
2325,25.59,150.38,7,6,6970,43.54,73.83,132.41,6.66,20.79,48.14,45.74,146.42,90.15,215.87,284.2,5.96,26.78,20.78,220.25,42.66,4.35,2.96,34.88,17.34,47.46,58.13,49.95,12.73,40.33,47.7,47.03,63.59,50.61,97.47,239.1,51.12,89.34,67.48,68.28,35.87,114.45,124.51,79.15,35.05,77.43,41.82,112.18,6.12,99.72,32.87,323.12,2.12,63.24,297.01,176.83,119.2,82.41,36.84,100.63,480.72,312.53,59.29,190.05,43.25,19.04,112.18,123.24,81.88,112.04,2.02,238.01,20.3,17.04,87.67,4.56,58.53,146.29,59.91,10.12,36.36,290.25,188.2,51.47,21.13,50.15,39.63,215.5,83.46,114.63,4.91,293.95,5.41,268.08,37.74,0,17,92.82,92.29,66.62,93.12,0.0,"Average app, could use more features.",1
2326,19.32,621.19,2,1,2476,33.4,91.89,98.54,9.11,216.95,94.1,37.21,5.09,91.88,247.56,350.7,45.31,103.92,505.76,57.66,39.58,1.2,122.3,34.94,41.99,103.59,109.35,39.25,255.7,123.78,278.37,52.21,28.46,102.74,115.19,94.97,10.54,125.83,235.7,14.41,12.86,201.69,48.61,28.08,55.15,72.23,45.98,110.12,48.97,4.54,208.46,66.35,189.42,132.21,340.05,96.6,92.96,75.7,62.3,38.44,55.29,8.88,106.71,16.41,45.99,2.53,31.02,21.62,131.35,57.72,256.05,8.12,137.83,135.76,343.2,44.11,47.75,99.51,127.91,34.59,35.85,9.11,89.7,220.46,309.22,427.94,45.03,36.22,11.54,39.87,204.83,73.33,19.25,112.96,21.02,1,54,102.43,100.89,114.59,104.51,10.08,"Good experience overall, but UI can improve.",1
2327,41.96,649.53,7,2,20327,29.66,163.76,49.45,14.09,254.9,72.08,26.56,41.43,23.1,78.3,192.71,231.39,222.56,124.8,0.72,117.35,56.74,300.3,12.73,72.49,37.11,72.2,127.21,205.26,33.1,439.34,44.16,35.22,95.81,24.79,86.17,50.94,78.89,91.35,294.93,162.53,55.24,17.47,16.69,459.53,188.83,57.24,29.3,0.01,209.35,78.82,20.79,87.81,108.57,376.31,157.28,111.61,29.73,27.86,30.36,69.68,26.11,25.02,3.29,17.81,12.22,1.97,43.9,204.12,34.13,11.01,72.07,77.6,32.88,47.62,145.52,87.2,288.3,214.54,65.57,0.0,67.36,0.95,533.92,54.66,38.27,120.06,25.08,7.3,37.83,66.92,7.75,6.88,51.89,18.66,0,52,94.94,106.93,106.64,79.21,27.44,Did not meet my expectations.,1
2328,19.1,962.22,7,6,11756,63.33,245.97,35.38,109.64,35.84,41.48,5.04,117.43,37.7,269.36,63.96,24.87,69.6,100.53,56.61,108.84,47.72,10.18,269.54,54.57,203.51,23.8,115.66,30.11,223.54,11.12,424.2,24.89,204.89,5.29,173.69,68.62,32.87,73.17,35.62,127.19,96.99,76.22,156.55,51.6,185.47,112.39,10.31,22.51,43.61,81.96,115.29,147.02,182.36,196.15,78.48,97.2,38.84,30.47,104.49,55.78,447.58,15.12,142.38,4.33,153.0,80.73,14.82,41.07,62.51,40.23,28.79,76.6,107.66,53.12,135.36,58.71,38.68,4.73,1.1,4.33,1.76,135.45,106.82,537.24,0.41,305.3,50.95,152.91,20.09,91.08,56.74,190.56,103.23,37.31,1,32,97.0,97.75,101.15,89.71,11.44,Great customer support and easy to use.,1
2329,36.88,586.37,2,9,28586,106.59,240.85,36.69,30.39,95.84,197.94,10.54,139.07,506.33,19.98,45.02,84.99,133.84,132.76,131.41,89.85,36.78,175.47,34.45,45.6,123.13,149.78,93.79,264.91,11.95,36.9,61.83,56.26,169.26,355.08,37.37,107.67,3.89,16.79,1.35,79.18,65.36,9.11,7.02,37.28,33.33,170.92,4.1,242.62,171.89,12.83,81.5,87.38,29.21,119.65,99.07,117.88,224.47,135.87,14.29,13.56,126.89,68.8,363.62,38.41,183.76,69.82,362.33,87.38,117.01,179.39,138.23,241.85,139.5,271.81,40.66,136.86,166.56,227.89,133.85,138.46,36.45,127.69,207.05,169.03,134.06,166.44,73.91,67.99,35.46,236.44,143.77,181.98,27.84,22.79,0,37,115.61,93.6,120.58,142.21,0.0,"Fantastic app, highly recommend!",1
2330,67.85,822.95,6,4,27512,33.14,44.53,86.35,143.82,167.35,41.13,53.97,84.08,9.4,127.76,47.98,17.22,234.47,133.19,150.07,46.67,364.73,18.45,138.49,158.84,325.56,9.98,31.82,38.17,66.75,194.03,110.64,180.47,42.32,56.4,205.51,0.41,11.59,29.53,124.99,24.08,1.85,20.55,129.42,28.52,38.4,77.08,51.78,56.34,231.45,112.01,28.09,5.47,234.89,94.63,30.68,97.25,15.43,135.02,9.93,18.85,59.17,348.02,73.87,83.58,111.36,12.04,146.53,130.59,20.74,102.77,38.06,145.63,625.64,17.21,145.51,41.64,75.41,83.55,17.75,59.98,33.53,14.44,206.55,269.83,28.22,66.1,13.02,70.95,0.16,162.36,109.33,175.38,68.81,125.86,1,59,96.17,97.42,105.26,103.97,1.29,"Very useful app, helped me a lot.",1
2331,62.78,220.59,1,1,27069,29.45,33.16,128.01,183.8,14.01,16.11,16.58,68.48,12.25,48.57,45.23,51.28,61.54,76.0,84.79,11.94,8.16,189.99,70.68,19.05,205.11,49.76,56.65,24.84,53.73,437.65,5.97,25.6,4.1,15.38,104.82,144.22,180.88,150.79,91.53,4.07,57.53,55.57,117.78,33.48,77.7,16.17,180.29,7.78,269.33,238.52,207.7,156.85,236.13,32.31,70.64,244.26,207.63,11.74,67.64,379.5,134.68,7.56,90.64,57.59,26.39,170.46,90.78,78.98,67.47,3.64,68.77,12.78,398.46,56.71,65.35,50.08,58.91,85.23,224.98,126.22,25.41,140.76,118.84,71.46,27.41,43.9,41.24,49.4,107.37,51.95,134.57,47.21,90.88,56.58,0,31,91.95,87.84,68.26,86.41,0.0,"Excellent design, works smoothly.",1
2332,26.63,575.12,5,2,28738,21.33,3.04,92.0,43.04,7.63,127.94,66.34,126.71,46.1,79.3,15.79,257.57,53.14,259.7,67.29,118.75,489.92,45.61,15.06,85.79,14.58,95.3,114.55,3.76,251.64,239.61,9.53,365.56,133.44,295.45,96.12,14.0,46.92,112.91,114.63,483.99,69.41,102.68,64.86,174.07,58.31,148.51,116.88,47.28,150.23,292.77,58.61,39.58,192.81,28.87,214.47,60.75,114.97,27.59,28.52,8.84,48.72,153.76,88.81,35.54,22.24,122.86,57.67,46.42,160.63,12.37,58.26,30.82,174.04,48.17,354.46,60.55,270.71,86.55,12.98,63.6,29.53,78.72,119.64,101.24,252.02,23.86,26.64,111.79,40.35,33.33,1.31,174.43,134.43,337.33,0,79,108.75,103.55,118.18,101.56,16.62,"Not satisfied with performance, too many bugs.",1
2333,29.48,565.18,4,3,10114,12.73,189.39,29.88,56.12,129.76,24.86,13.33,17.48,341.25,107.41,145.15,10.37,84.84,45.34,37.5,284.36,441.76,473.28,149.29,114.79,39.21,95.64,468.91,259.19,114.86,122.78,129.91,98.42,0.87,72.52,1.51,38.73,84.79,52.02,159.42,9.16,6.18,53.08,45.55,99.33,67.06,63.45,43.15,16.54,99.19,76.05,187.19,78.94,52.55,19.02,30.76,31.59,102.48,34.08,14.92,192.02,12.38,252.73,281.02,36.56,19.65,47.83,137.05,32.36,164.26,88.28,54.17,42.04,173.69,34.13,122.87,20.73,5.36,150.52,49.93,6.01,221.27,57.52,32.34,225.28,84.88,38.29,73.94,35.48,102.94,175.18,32.71,40.02,182.85,83.5,1,44,98.75,99.37,137.04,84.5,52.54,"Fantastic app, highly recommend!",1
2334,30.24,760.46,3,6,29143,12.93,66.11,27.05,76.1,121.79,76.47,711.58,28.45,71.51,43.57,150.93,132.52,279.44,74.69,32.93,58.84,136.53,77.8,64.46,164.64,67.26,0.46,98.01,346.32,60.21,195.69,1.18,81.13,161.48,40.66,318.8,20.53,144.51,63.46,2.87,77.47,40.7,201.78,3.37,45.8,82.43,79.46,46.42,260.21,84.24,257.49,56.46,130.67,103.75,46.0,35.68,9.47,1.88,24.98,30.87,109.18,47.95,61.46,76.53,113.74,68.59,7.32,15.21,46.11,13.37,32.42,4.95,8.57,106.95,52.54,36.9,14.15,35.3,4.83,3.01,188.07,134.48,46.9,301.92,31.83,83.88,140.82,24.96,24.13,49.14,138.83,12.61,3.82,171.82,60.76,1,70,87.81,100.55,115.36,62.14,53.22,Great customer support and easy to use.,1
2335,39.78,449.34,7,8,7381,36.47,43.16,67.94,4.16,126.85,127.2,26.37,6.38,129.85,30.51,99.94,31.58,4.85,402.53,63.64,14.41,17.6,12.92,87.11,16.79,110.61,129.79,97.55,14.89,275.55,46.86,175.56,121.24,105.35,154.96,10.69,34.89,19.46,38.32,55.35,1.38,19.93,9.82,1.44,242.37,75.92,11.54,162.0,71.75,14.63,150.28,140.3,244.86,125.65,39.19,168.52,16.54,61.03,1.22,286.73,129.08,50.85,13.75,108.0,48.81,156.46,140.95,63.05,9.01,202.27,80.38,76.97,95.83,267.23,171.91,23.58,8.61,90.28,82.87,99.19,109.05,220.05,305.22,24.32,13.68,23.7,20.66,102.8,68.24,28.68,94.37,87.45,59.29,191.99,7.12,0,39,87.36,81.05,86.09,97.51,0.0,"Very useful app, helped me a lot.",1
2336,26.09,513.22,9,3,26051,1.56,36.41,88.99,30.87,276.38,157.79,65.15,9.02,19.0,13.71,34.6,174.4,127.4,111.33,14.97,56.15,153.35,49.08,416.35,0.62,128.4,37.59,56.77,242.55,42.84,4.99,246.24,113.71,8.32,349.93,196.84,91.74,315.45,3.45,30.57,2.9,28.34,87.2,116.4,173.07,192.01,105.39,57.75,131.42,35.06,57.73,23.42,39.46,193.58,78.77,69.09,129.86,124.06,375.2,10.71,14.81,274.64,41.41,61.82,32.97,314.23,122.82,76.31,63.08,97.55,24.23,191.7,244.86,10.83,193.88,118.12,9.99,58.77,34.27,18.9,66.3,158.34,39.75,107.11,22.72,107.71,62.75,280.27,105.23,95.38,34.66,26.86,8.48,257.23,25.4,0,26,101.57,95.49,102.28,99.26,3.02,"Average app, could use more features.",1
2337,5.11,511.32,4,4,2312,4.31,0.01,15.67,3.26,516.63,54.48,75.31,39.74,18.91,79.23,43.46,4.42,63.54,25.35,159.68,103.39,141.26,483.64,14.69,114.34,74.13,332.99,97.68,95.53,179.45,27.4,3.05,96.4,232.71,227.97,120.85,8.33,21.65,86.26,12.98,173.51,14.28,323.73,45.14,47.22,23.14,58.67,39.83,146.92,41.16,315.4,41.75,289.01,184.17,113.32,283.84,17.78,48.92,71.04,40.34,37.91,141.54,51.41,132.05,136.05,148.27,104.13,22.39,119.21,79.28,92.48,63.38,103.96,147.9,142.62,0.3,32.62,21.08,202.69,3.33,15.3,20.3,22.95,335.59,128.74,14.34,156.79,36.22,135.6,155.28,32.35,84.61,166.66,127.66,1.16,1,65,101.27,102.21,110.95,90.57,20.38,"Too many crashes, needs urgent updates.",1
2338,21.02,949.06,8,9,26543,203.82,63.12,141.59,42.2,38.06,80.56,120.14,34.61,1.54,88.92,239.84,88.7,50.46,9.06,349.39,44.98,216.78,16.66,376.34,321.38,150.04,199.75,75.27,123.11,44.94,76.82,160.89,313.34,1.45,19.73,35.13,41.59,54.88,59.4,2.74,26.19,379.6,29.53,118.35,179.28,199.95,68.81,23.83,69.64,29.16,108.65,4.2,98.8,28.25,39.52,4.59,225.41,40.39,42.68,348.44,39.98,152.26,104.91,29.18,41.33,3.51,246.16,451.41,171.32,50.64,133.36,84.21,85.64,118.11,91.58,46.49,65.72,75.51,37.58,47.81,79.86,24.12,268.09,101.51,21.95,141.88,107.36,77.31,2.78,216.86,221.41,54.58,44.02,135.36,114.64,0,50,107.12,99.03,123.12,110.69,12.42,"Affordable and reliable, worth it.",1
2339,66.45,0.0,5,5,17293,96.2,310.73,209.66,431.09,32.5,390.71,0.16,154.37,135.78,224.47,10.1,2.39,317.03,15.22,98.29,58.17,27.36,35.65,143.67,121.58,212.89,62.02,75.96,58.27,126.69,25.77,153.28,108.98,43.03,7.58,20.9,236.36,59.07,30.96,86.91,25.57,3.46,12.02,54.65,47.16,320.37,29.94,113.05,15.8,107.43,366.77,50.35,75.14,39.83,54.32,39.5,18.53,50.01,116.57,281.51,84.02,25.84,207.52,242.98,18.36,33.24,8.84,54.11,10.95,91.51,62.7,28.67,41.57,106.27,45.53,107.88,4.17,232.85,6.77,118.16,31.93,138.48,58.56,212.73,22.41,42.37,147.72,39.32,25.0,74.7,1.57,70.37,263.08,280.6,26.69,1,47,99.04,99.26,122.99,79.63,43.36,Great customer support and easy to use.,1
2340,45.33,106.09,9,4,458,3.65,146.93,32.0,146.86,102.34,15.65,123.84,109.78,168.05,28.95,117.4,103.73,112.04,149.08,14.32,124.32,8.75,55.47,353.17,173.49,98.14,94.65,56.8,29.54,9.64,6.79,52.59,71.64,81.78,182.84,251.14,259.86,106.9,36.79,36.37,27.37,53.76,43.91,71.83,137.69,20.26,107.12,183.79,37.25,37.92,10.99,106.56,86.68,745.81,18.89,61.82,50.77,28.89,125.36,26.64,14.2,109.33,203.12,8.06,6.63,87.96,67.14,150.53,25.23,66.71,37.31,141.67,25.26,12.15,21.94,167.82,64.77,15.08,60.59,149.14,27.33,45.66,15.91,279.0,60.49,102.14,35.11,18.91,167.87,82.94,281.58,0.03,66.0,81.23,38.52,0,14,90.95,99.49,92.47,79.87,12.61,Great customer support and easy to use.,1
2341,44.69,623.58,10,0,26469,2.89,6.85,48.35,18.25,39.4,19.52,242.54,222.06,471.37,49.12,46.01,271.43,12.43,63.97,160.95,368.26,214.9,50.95,17.18,96.3,66.2,543.53,124.18,1.78,90.64,284.88,31.59,199.76,30.04,18.17,87.78,29.64,23.46,45.0,92.79,126.28,76.05,36.89,238.76,4.43,272.03,25.88,34.13,215.0,40.53,165.25,91.09,42.04,16.8,33.43,31.35,19.28,15.05,19.29,170.97,32.51,48.91,59.76,1.42,589.54,46.25,304.62,22.15,0.92,183.97,35.74,104.17,36.06,38.4,51.21,55.33,143.66,125.76,168.39,100.21,158.33,101.86,114.96,51.11,5.98,96.74,1.21,43.34,171.62,283.95,8.16,272.06,207.51,105.93,171.1,0,41,107.88,117.36,127.12,107.02,20.09,"Too many crashes, needs urgent updates.",1
2342,15.1,472.39,1,0,10750,63.16,97.22,259.99,3.9,12.58,58.78,61.28,74.71,19.02,32.76,74.7,5.1,96.17,233.96,258.57,236.06,96.28,73.6,51.61,5.83,203.08,5.13,73.56,14.87,121.49,216.14,16.96,231.93,437.0,74.75,13.45,18.07,170.27,11.31,33.87,21.22,368.61,27.62,6.26,45.22,2.68,117.33,17.31,119.43,37.03,12.16,20.17,61.38,233.32,86.42,29.05,68.16,226.41,366.63,2.23,19.46,11.47,184.99,218.79,6.78,64.18,4.62,32.76,35.48,112.31,170.26,34.32,63.0,141.42,10.35,19.68,28.36,94.21,19.75,260.01,120.29,68.12,10.54,53.87,56.46,139.19,390.3,29.49,17.78,77.3,257.79,0.97,210.58,9.47,42.48,0,57,92.7,99.93,107.01,85.85,21.16,Great customer support and easy to use.,1
2343,28.92,771.76,7,9,7938,76.74,101.81,42.71,93.77,18.57,94.28,305.8,8.62,111.35,13.06,53.16,0.65,60.25,10.78,124.34,117.73,92.38,149.28,30.48,183.79,37.82,138.3,680.81,117.91,216.94,86.37,6.92,82.3,52.54,271.66,9.05,153.69,138.9,198.84,84.57,17.96,34.98,4.89,255.27,87.33,8.75,95.58,30.69,14.05,137.29,18.24,144.61,104.15,63.57,164.47,0.08,107.11,256.98,4.8,117.72,35.67,262.77,40.38,83.45,19.87,311.36,116.72,150.89,71.87,15.52,493.28,94.21,6.81,78.87,27.62,128.57,30.25,85.19,24.79,38.62,70.11,163.46,10.75,116.79,136.46,8.7,12.84,74.0,88.86,146.93,139.71,96.94,143.34,33.31,75.15,1,89,100.76,103.98,112.7,99.73,12.97,Did not meet my expectations.,1
2344,53.79,281.69,7,0,12530,31.33,12.17,254.17,177.93,41.61,290.5,63.97,187.55,171.86,237.89,104.24,68.2,212.96,138.48,46.08,42.29,47.87,58.9,109.78,238.86,140.82,232.15,138.73,214.89,50.15,136.92,92.25,64.11,69.78,54.97,39.0,161.36,96.5,323.34,51.22,361.0,56.95,51.65,21.81,24.02,26.78,40.84,30.24,166.28,34.49,189.73,36.53,3.03,324.23,18.81,11.28,111.12,41.63,2.04,99.38,115.5,144.04,50.06,58.06,4.51,25.61,83.32,165.35,3.42,7.79,398.73,53.96,36.51,44.79,43.24,87.22,94.33,42.51,7.88,523.79,122.82,30.77,101.41,18.93,164.43,129.85,46.69,29.57,152.88,61.56,238.04,67.02,265.58,34.36,143.47,1,57,107.25,99.04,124.38,107.53,16.85,"Affordable and reliable, worth it.",1
2345,15.2,443.55,10,8,12550,50.32,120.06,79.8,84.07,109.97,234.88,195.23,57.56,20.56,135.74,18.9,110.72,88.9,195.55,36.53,62.25,74.02,65.09,57.6,18.72,22.84,12.55,52.46,52.47,27.89,23.17,141.55,40.14,53.58,80.46,27.98,116.38,226.62,4.22,241.93,130.26,9.75,66.78,69.5,242.26,204.25,70.83,14.3,37.01,3.95,15.85,127.24,147.37,101.03,12.94,148.81,302.3,55.29,174.13,108.7,34.33,30.07,120.55,56.78,0.89,71.26,71.81,150.63,94.23,61.3,37.52,12.84,62.37,180.54,119.08,38.68,46.8,0.93,19.89,37.85,12.7,166.09,88.58,11.95,121.12,9.81,58.39,36.16,31.48,37.34,171.18,9.44,358.97,6.33,335.07,0,74,85.4,76.99,77.45,82.01,0.0,"Average app, could use more features.",1
2346,19.02,126.92,2,6,5390,273.08,43.28,87.96,473.4,36.64,51.63,147.24,109.42,45.76,96.98,21.83,45.95,29.29,32.67,153.96,17.08,81.84,128.6,333.25,52.87,16.93,64.43,15.93,24.88,78.22,263.77,43.66,166.63,92.29,266.65,149.02,25.72,53.82,75.95,204.81,107.48,104.43,18.84,118.21,41.53,19.12,268.42,66.77,326.44,112.11,115.36,191.36,87.82,277.25,15.81,26.03,33.7,80.17,40.89,543.18,56.27,144.44,0.19,1.7,64.51,110.84,447.59,26.37,4.65,3.69,66.47,36.98,214.34,201.9,38.27,136.09,0.36,30.85,62.04,243.58,43.77,94.56,30.59,41.58,270.79,15.63,53.46,215.44,243.11,317.5,88.55,106.2,144.75,84.6,146.48,1,35,113.21,110.09,109.87,117.37,0.0,"Very useful app, helped me a lot.",1
2347,31.31,144.23,1,9,23067,78.43,415.91,106.95,18.18,80.3,93.41,155.76,1.6,104.51,31.25,185.65,105.73,37.23,15.18,52.29,46.53,165.07,56.24,147.74,20.54,61.28,571.82,41.8,152.14,94.28,106.12,95.88,176.77,97.35,159.35,132.98,221.72,27.84,36.96,52.47,11.4,51.41,26.87,14.45,354.41,4.75,9.34,358.16,86.06,162.95,137.46,7.39,245.2,17.96,66.34,112.3,86.72,33.03,26.16,81.86,27.93,26.51,108.89,96.63,8.95,61.27,119.79,10.41,4.5,31.22,78.39,27.12,17.41,3.53,167.19,51.47,111.38,251.75,12.32,7.33,183.49,31.76,335.77,131.31,156.63,26.73,320.74,69.4,148.81,66.42,310.99,9.42,139.65,72.97,40.0,0,32,101.22,103.01,115.84,99.97,15.87,"Affordable and reliable, worth it.",1
2348,17.53,259.9,6,9,19897,63.73,75.92,110.2,15.21,129.36,144.21,47.84,26.08,27.71,65.42,23.92,117.64,49.09,152.22,38.62,160.21,209.84,112.43,74.03,4.66,154.09,41.27,107.49,98.79,163.57,23.09,34.23,71.93,92.32,64.08,34.91,291.05,2.39,541.99,38.46,25.66,76.88,230.6,112.38,64.61,203.98,98.91,27.62,201.26,55.55,15.42,334.6,132.78,31.55,99.47,140.46,127.12,105.11,193.96,14.64,25.34,150.65,169.22,211.0,57.81,241.75,69.03,41.23,107.41,58.45,715.74,97.29,106.56,89.98,46.61,21.53,60.56,100.3,351.3,135.71,337.51,84.63,101.3,8.35,99.75,122.08,124.64,10.4,9.74,198.5,263.37,154.93,86.12,175.43,9.16,1,23,114.93,110.67,83.31,134.31,0.0,"Good experience overall, but UI can improve.",1
2349,38.55,330.58,1,4,17104,27.76,89.92,137.51,14.62,186.8,77.67,5.1,15.76,52.03,46.66,75.77,18.73,54.24,216.09,90.07,63.17,11.41,109.24,12.32,34.36,99.16,46.93,97.16,217.9,166.05,155.97,167.66,24.61,22.75,150.58,272.99,341.66,32.78,171.31,43.1,247.02,14.66,95.17,334.68,16.01,256.55,185.81,109.98,21.77,52.51,114.29,12.5,114.58,233.9,56.31,63.91,97.54,11.18,35.57,25.64,24.55,223.0,166.05,146.19,89.27,214.93,52.39,129.44,121.82,178.01,70.39,204.22,105.4,193.36,19.39,19.29,106.62,6.41,29.23,112.3,45.43,4.51,124.86,28.18,17.43,49.61,4.04,36.33,73.71,3.14,207.88,148.61,305.12,35.74,179.29,0,22,99.17,83.31,82.93,94.24,0.0,"Not satisfied with performance, too many bugs.",1
2350,35.06,558.15,1,3,28415,181.46,11.75,142.01,69.15,53.67,89.46,25.03,65.5,6.36,201.91,313.82,76.14,13.12,84.06,18.03,133.39,186.47,131.3,153.03,6.73,92.55,155.52,49.82,32.98,2.42,105.61,58.24,9.68,22.58,0.9,6.58,0.1,65.39,74.98,104.85,165.88,36.35,7.61,64.09,25.71,3.66,113.61,194.67,45.27,38.44,175.37,54.05,59.7,25.83,29.91,37.29,71.15,35.48,54.06,67.31,24.9,24.41,62.81,39.59,128.88,101.81,102.76,159.72,105.89,17.34,483.98,126.41,83.18,309.86,73.26,77.51,63.98,41.62,57.96,45.9,119.89,19.39,496.46,345.53,76.18,178.68,44.13,102.29,167.52,106.77,167.52,71.84,277.13,98.66,190.62,0,19,96.05,93.53,83.09,143.79,0.0,"Fantastic app, highly recommend!",1
2351,46.5,766.76,4,9,8033,7.02,110.08,172.46,38.33,42.44,15.01,40.57,16.68,33.35,29.65,250.74,11.84,58.26,13.83,115.51,4.82,51.71,76.81,197.65,9.42,74.77,25.49,56.42,138.34,90.3,54.61,159.37,33.46,108.26,4.76,55.36,135.85,71.06,141.96,100.72,60.35,6.99,27.98,469.96,34.79,26.89,100.55,22.05,293.93,155.83,248.43,52.15,10.11,124.13,7.6,69.73,143.63,23.39,7.98,12.19,206.24,83.87,132.51,55.79,45.84,163.47,105.9,275.4,208.57,70.75,199.79,2.51,63.34,207.61,261.53,17.03,35.46,131.59,74.13,113.48,117.16,215.78,8.41,138.87,140.92,38.88,62.13,293.68,209.02,91.38,221.28,10.49,26.01,12.36,140.35,0,38,95.86,86.91,68.06,121.91,0.0,"Excellent design, works smoothly.",1
2352,40.33,759.4,2,2,9615,69.64,224.45,86.13,157.55,53.12,58.38,104.42,35.0,142.15,286.75,81.77,166.46,40.99,103.71,90.49,271.27,123.95,10.67,8.62,95.53,3.44,65.08,116.5,49.74,60.02,49.73,57.37,46.52,20.29,48.75,51.07,200.37,35.72,150.23,26.63,75.69,54.99,11.38,194.76,10.48,70.83,204.8,62.34,3.91,203.96,179.79,48.68,206.18,3.86,583.75,98.75,77.47,32.0,13.82,68.33,29.68,67.82,32.27,125.43,293.96,156.51,242.63,9.02,70.02,90.24,77.7,124.15,69.12,85.25,95.45,9.88,140.71,47.94,285.92,57.94,37.66,141.74,88.41,28.17,537.03,457.1,132.91,11.07,109.03,124.5,85.07,30.51,88.99,215.27,541.45,0,53,112.65,114.68,90.95,139.71,0.0,"Very useful app, helped me a lot.",1
2353,13.95,743.67,7,3,8133,63.85,26.08,96.52,103.53,69.58,53.9,146.0,79.52,26.57,300.78,81.77,270.92,6.03,56.03,70.03,29.26,114.84,4.01,21.64,341.33,234.29,61.8,126.49,59.2,42.52,238.75,21.61,35.06,7.53,155.43,28.22,31.45,1.25,471.51,208.62,92.47,12.68,75.57,38.33,15.75,89.65,252.59,31.91,93.33,12.61,30.07,125.25,26.08,56.94,353.22,186.17,244.47,113.34,102.31,131.98,152.57,10.48,87.07,136.3,38.08,8.6,26.3,272.72,14.17,23.84,73.41,387.29,85.61,86.91,140.7,29.85,21.98,176.38,103.77,88.56,2.26,20.71,124.72,61.39,113.66,723.06,42.17,98.75,97.74,5.67,67.19,111.8,52.15,91.3,17.79,1,36,104.06,114.4,98.16,105.68,0.0,"Affordable and reliable, worth it.",1
2354,1.99,600.88,7,5,6983,282.78,6.55,22.08,100.74,128.72,172.75,31.38,176.89,127.35,29.19,207.11,107.15,7.66,3.8,87.65,44.41,1.81,15.54,50.51,11.28,2.75,9.64,38.27,94.01,17.79,224.38,85.42,86.08,146.06,74.04,161.02,35.34,66.68,166.33,59.97,0.06,328.24,6.22,8.67,55.79,296.6,81.98,60.85,111.06,22.27,28.28,30.61,146.87,312.29,37.45,50.47,39.78,85.4,185.1,174.24,183.03,16.64,142.49,85.23,190.43,20.43,14.61,156.86,32.59,1.91,188.37,36.14,43.32,0.25,29.68,115.63,92.68,33.12,85.43,107.75,67.95,273.72,111.81,34.29,113.92,63.35,61.49,17.32,6.69,175.44,30.9,41.19,3.93,26.42,60.21,0,55,84.56,78.41,79.79,68.25,11.55,Did not meet my expectations.,1
2355,33.83,446.2,6,8,24215,110.93,116.99,37.77,45.96,193.65,60.75,16.44,36.67,57.07,43.62,109.4,156.99,64.6,23.92,33.21,175.34,181.34,101.74,66.44,235.69,24.91,67.97,40.17,124.03,109.27,115.16,61.59,133.49,37.81,128.85,86.38,50.05,64.24,25.74,30.23,36.85,3.03,14.43,27.8,136.73,119.13,8.7,49.12,69.69,117.98,5.96,102.42,49.02,110.87,21.79,60.31,90.81,218.44,47.37,206.48,106.03,112.26,189.0,46.95,95.12,27.61,6.42,21.28,325.53,114.75,82.21,20.94,232.07,18.78,126.45,247.31,168.94,7.51,29.98,310.5,156.63,10.16,136.51,145.34,889.28,56.63,8.8,217.08,46.24,82.46,35.9,25.38,21.04,16.43,76.45,1,15,96.44,109.8,90.39,122.15,0.0,"Average app, could use more features.",1
2356,24.4,451.16,1,2,631,74.05,202.36,200.76,164.59,69.13,112.31,32.41,94.76,4.67,89.42,211.32,13.58,15.09,127.27,44.33,37.63,324.3,146.2,4.25,95.92,154.07,206.69,2.76,219.37,2.06,162.25,233.16,12.1,9.46,140.42,81.73,15.32,44.07,108.08,46.16,28.17,109.15,164.03,32.59,42.41,21.88,69.91,19.38,8.66,58.82,7.34,90.08,59.7,42.52,43.69,98.6,167.19,335.03,186.58,105.87,37.93,30.96,15.21,55.07,171.46,58.98,105.01,48.99,18.45,81.96,16.59,155.74,31.01,17.66,340.99,70.35,41.13,111.58,110.92,14.27,134.47,163.97,133.16,7.95,18.67,33.43,136.98,17.58,44.85,16.33,63.21,44.76,184.45,172.74,23.88,0,11,88.05,77.58,106.89,80.67,26.22,"Very useful app, helped me a lot.",1
2357,26.87,340.21,10,7,27489,205.93,37.77,250.55,96.01,2.95,167.85,89.22,49.27,111.29,65.63,52.0,191.85,22.4,50.45,113.35,6.85,50.6,51.91,196.37,28.74,311.43,581.38,68.67,423.72,38.31,393.18,45.99,78.67,137.98,88.02,28.51,8.36,195.5,10.7,98.79,257.27,93.58,123.19,31.16,86.56,56.17,65.93,21.58,74.42,74.33,107.77,18.43,12.76,129.76,325.36,251.43,451.13,50.55,9.34,131.28,3.53,3.51,14.19,68.59,40.34,85.4,45.03,30.94,2.65,139.29,111.08,58.77,237.7,12.2,87.32,12.2,93.45,25.06,116.46,48.77,85.75,100.63,27.25,312.94,7.64,251.33,209.64,91.0,125.42,22.01,66.7,24.12,163.86,0.5,30.42,0,68,105.31,110.25,133.61,87.52,46.09,"Too many crashes, needs urgent updates.",1
2358,21.23,684.1,5,8,3924,81.57,137.64,11.33,15.08,12.77,42.94,44.22,39.37,2.08,37.36,66.0,12.29,156.03,195.5,189.68,208.24,8.64,11.01,26.18,51.73,8.15,59.81,22.95,79.96,122.51,59.76,33.61,211.28,98.36,126.04,30.15,62.37,40.28,13.95,1.3,53.16,238.46,160.75,52.9,21.59,109.98,60.71,141.18,364.71,24.0,228.47,3.12,264.38,123.07,144.16,62.06,54.51,123.6,38.91,142.98,11.44,203.38,211.47,72.17,268.35,91.98,23.14,102.15,295.77,130.98,69.64,17.39,112.92,94.9,36.72,4.81,110.88,266.43,31.24,26.07,61.15,79.5,70.66,7.31,39.04,39.98,9.36,35.15,142.66,53.63,72.95,232.96,30.02,91.52,49.59,0,29,88.11,79.32,72.4,81.02,0.0,"Not satisfied with performance, too many bugs.",1
2359,28.65,696.4,9,3,8528,358.25,187.69,26.91,74.62,6.64,182.25,52.76,159.42,105.04,4.5,236.54,211.98,17.87,26.38,78.8,200.66,15.09,41.15,73.48,1.58,15.7,353.15,334.72,114.4,26.83,42.71,34.28,75.37,74.05,26.36,13.95,153.48,44.37,14.17,204.56,56.71,41.44,144.35,135.62,65.18,37.63,73.05,205.39,98.29,64.42,92.82,3.11,40.39,74.11,159.85,240.75,4.42,0.52,47.19,3.19,38.31,100.5,96.24,5.41,84.2,59.85,76.17,205.24,37.77,96.51,88.5,21.09,158.67,410.25,91.45,10.15,301.46,247.02,5.41,5.7,112.21,49.07,473.77,122.68,28.08,14.71,15.96,74.72,171.49,277.41,292.32,149.92,51.5,106.53,13.69,0,32,103.02,101.72,105.31,125.64,0.0,"Good experience overall, but UI can improve.",1
2360,49.52,615.3,5,4,14130,64.73,34.4,27.55,27.56,224.56,260.23,211.55,11.44,146.35,101.9,110.64,399.31,137.59,8.27,33.48,141.32,60.2,21.18,51.21,25.18,125.77,238.99,57.19,59.93,62.24,194.02,31.69,23.73,7.94,107.1,62.02,161.4,61.19,36.09,52.35,81.36,40.32,154.14,111.24,18.2,16.51,81.15,110.5,200.76,25.03,6.61,81.29,46.29,9.99,163.05,19.84,57.82,22.7,216.48,4.76,157.78,5.16,201.04,82.51,535.71,215.07,374.98,155.4,60.96,40.31,18.07,36.15,112.45,16.32,58.05,37.37,63.05,148.46,9.38,169.82,50.82,40.2,95.92,23.16,55.2,5.71,42.65,188.83,87.79,185.58,297.24,75.37,101.66,193.45,206.18,0,85,99.96,95.2,100.24,105.52,0.0,"Good experience overall, but UI can improve.",1
2361,15.7,292.69,7,2,24302,64.65,180.07,196.07,125.2,4.12,83.5,120.17,40.22,6.59,104.7,58.71,54.26,47.51,272.23,137.91,106.31,60.33,61.37,50.04,4.37,85.61,59.52,82.74,79.81,151.25,36.78,70.98,154.7,44.25,0.95,26.15,95.94,115.19,6.19,41.33,137.95,82.51,143.9,260.09,40.77,64.91,64.98,220.98,57.96,204.41,1.65,50.1,46.51,85.69,42.3,2.22,156.82,34.69,74.07,101.26,278.89,15.33,24.22,40.53,152.07,111.24,65.81,2.41,149.08,107.68,3.28,84.28,47.88,60.02,157.66,11.65,2.83,30.8,38.18,65.88,37.09,51.58,130.65,47.53,71.17,33.48,29.77,260.53,276.64,13.39,103.1,58.35,37.97,12.52,172.61,0,78,83.22,68.43,84.83,75.84,9.0,Did not meet my expectations.,1
2362,18.37,800.96,1,8,3213,214.03,189.83,6.59,103.88,177.89,72.92,23.77,32.69,222.51,14.75,217.17,262.9,73.0,59.72,26.2,55.91,38.42,379.7,4.95,21.99,29.5,6.11,83.47,45.1,2.56,205.48,28.96,13.12,130.94,100.83,249.34,20.26,52.98,72.22,2.12,32.79,89.01,191.1,18.99,176.3,71.25,88.26,68.63,15.0,102.2,0.99,9.5,102.23,18.66,4.17,53.95,241.69,173.89,48.54,37.64,92.8,33.29,16.33,172.06,56.62,34.32,51.75,167.53,188.12,24.49,189.47,44.0,143.44,16.69,17.81,45.75,111.33,68.69,72.79,557.88,26.6,28.4,107.53,95.73,7.09,91.94,203.54,76.11,152.34,2.52,237.84,36.24,135.77,35.01,23.89,0,54,90.58,92.19,94.83,99.82,0.0,"Good experience overall, but UI can improve.",1
2363,38.46,686.41,2,3,18182,189.27,200.91,46.11,70.89,161.46,48.28,113.88,100.34,280.23,23.19,70.02,316.33,36.43,9.1,22.54,22.14,145.67,23.66,5.33,2.59,52.51,331.74,32.01,6.37,113.97,178.6,77.01,158.84,89.81,77.48,315.16,113.25,260.71,44.48,59.0,98.9,56.56,130.75,56.02,31.83,145.46,113.61,42.38,39.35,37.85,110.74,60.1,27.88,59.28,44.4,65.33,245.37,28.58,40.97,9.67,72.15,97.45,85.86,9.08,58.39,49.64,76.81,172.42,144.7,228.16,162.25,43.09,38.11,129.33,9.16,155.13,30.01,41.19,4.17,245.84,72.07,248.51,92.63,113.4,116.67,241.82,80.07,58.29,20.43,8.08,41.21,23.14,270.19,51.56,158.47,1,18,96.6,81.59,100.22,104.22,0.0,"Excellent design, works smoothly.",1
2364,16.11,516.76,9,1,23736,168.1,29.58,14.35,781.15,43.89,53.71,186.99,312.41,38.49,136.76,75.56,7.01,72.13,126.82,38.95,138.54,175.75,318.09,73.46,161.46,158.36,145.2,169.75,38.28,222.03,125.14,241.5,11.8,61.33,206.14,22.28,158.31,188.96,226.69,68.69,16.46,39.7,190.8,86.16,7.95,380.45,230.92,133.96,160.62,45.44,93.13,245.46,23.81,150.17,34.81,6.12,7.33,453.57,12.46,146.19,24.02,207.72,41.61,48.0,41.32,52.57,19.42,20.64,241.48,214.85,9.82,66.18,152.17,15.62,14.98,137.83,36.25,49.0,81.53,76.62,261.93,14.03,59.96,34.34,148.65,6.53,65.34,56.79,22.47,1.63,15.74,105.68,8.11,75.69,5.38,0,40,109.97,117.17,144.43,69.04,75.38,Did not meet my expectations.,1
2365,26.0,593.62,9,4,11868,6.44,71.03,102.82,115.93,120.64,170.66,11.02,0.82,42.54,40.9,19.11,103.49,91.22,133.35,280.34,127.73,120.43,42.88,84.63,15.01,1.35,96.89,61.31,47.42,197.28,32.64,129.1,217.17,56.6,152.6,63.57,261.77,391.28,42.82,126.67,202.2,60.95,93.47,4.45,124.12,48.6,4.91,4.23,67.95,19.04,107.1,10.32,33.81,38.01,48.18,52.67,164.56,22.16,131.8,11.32,107.75,58.39,73.92,174.2,65.14,92.98,94.34,11.69,1.38,87.39,8.71,500.83,210.38,14.82,17.1,67.92,26.23,360.25,33.78,70.84,154.39,26.62,69.96,50.63,175.95,183.8,59.2,12.41,226.29,9.33,90.27,297.81,31.91,35.12,101.06,0,79,93.69,91.3,89.78,104.11,0.0,Great customer support and easy to use.,1
2366,19.53,640.36,4,9,7886,129.88,235.97,51.4,2.91,50.33,38.33,291.16,113.48,215.84,85.81,29.13,226.39,43.58,222.24,204.64,180.61,68.81,22.38,26.74,15.9,42.99,214.34,6.74,213.6,36.27,36.81,56.21,48.11,16.77,255.53,150.21,77.99,103.48,117.3,95.24,83.91,39.8,81.7,31.64,36.71,82.28,127.57,190.85,114.09,161.76,216.27,76.37,153.32,72.05,248.96,255.55,278.02,40.93,118.28,139.02,41.72,0.77,187.53,126.83,188.13,9.34,48.68,73.1,22.89,171.17,66.98,58.11,168.12,43.13,49.07,72.91,25.47,3.19,40.25,15.68,72.51,12.56,44.02,52.02,9.72,190.33,21.25,36.07,7.07,21.88,128.55,72.47,5.46,79.37,150.33,0,60,95.48,77.07,106.1,59.06,47.04,Did not meet my expectations.,1
2367,29.29,491.76,5,5,28956,33.74,7.4,52.38,90.09,73.41,271.79,84.7,13.55,37.18,59.58,142.91,150.16,69.46,32.51,70.23,50.07,50.12,77.43,91.46,7.53,274.08,17.32,223.99,95.64,158.14,2.32,239.7,81.88,84.66,35.85,203.53,14.78,152.53,52.69,2.41,96.54,250.47,97.35,53.64,23.04,60.37,0.07,29.7,150.1,68.76,27.9,209.96,8.87,310.52,4.57,73.02,259.44,224.05,31.68,26.37,146.4,95.52,2.74,2.24,41.8,135.1,42.93,19.65,49.18,52.31,21.68,67.26,125.73,51.52,105.24,57.73,77.51,115.83,88.73,74.73,27.6,85.08,46.66,164.96,12.72,3.99,388.43,182.38,64.16,61.54,109.52,190.15,8.08,15.06,142.95,0,39,88.76,80.11,89.31,86.28,3.03,"Average app, could use more features.",1
2368,24.79,233.7,5,2,3661,102.91,98.34,1.22,224.99,89.55,76.64,23.94,12.97,312.11,74.54,238.45,16.85,120.58,149.48,9.12,160.8,64.91,92.66,54.01,44.24,262.68,14.26,87.84,78.76,12.1,1.19,19.6,120.88,85.1,86.81,124.91,80.02,16.46,23.64,109.29,103.77,8.74,146.65,44.7,43.49,1.07,288.23,261.91,272.66,116.35,66.63,93.34,0.91,216.15,113.36,81.19,105.18,125.03,79.02,331.55,60.51,160.27,220.86,148.47,170.81,46.0,59.74,93.86,42.63,37.91,181.94,159.19,321.1,46.11,43.1,109.88,146.47,58.5,76.94,120.76,273.74,11.86,73.05,189.45,72.29,152.42,203.65,251.24,13.81,2.08,115.14,100.96,206.45,78.65,11.15,0,70,107.25,83.58,91.25,110.0,0.0,"Very useful app, helped me a lot.",1
2369,17.46,460.67,3,3,1924,122.55,121.3,2.53,144.41,27.74,17.56,165.31,1.42,15.97,11.13,88.04,55.21,66.87,85.05,19.5,137.15,225.3,27.36,239.24,23.36,27.2,163.88,236.52,144.36,235.55,59.11,7.33,125.43,41.71,8.17,49.72,228.64,101.8,58.85,86.58,75.63,92.54,93.41,326.76,145.74,123.81,91.37,9.87,14.61,51.59,47.11,121.43,37.8,41.18,113.1,107.96,158.98,175.46,175.08,256.26,9.04,189.55,26.53,41.01,444.47,156.63,22.58,28.38,787.46,43.2,58.11,70.79,48.0,1.26,34.6,71.67,151.13,11.63,151.48,61.29,287.63,104.53,97.98,94.77,35.1,60.89,63.76,279.04,166.33,41.94,114.79,178.68,226.23,63.19,50.68,0,41,107.84,110.41,88.21,118.79,0.0,"Fantastic app, highly recommend!",1
2370,35.45,0.0,6,5,20400,27.39,87.63,11.31,70.91,84.06,87.84,44.77,56.27,210.66,417.84,337.09,95.21,102.77,2.84,159.24,0.94,158.23,40.65,123.86,1.3,19.25,355.3,96.15,253.92,163.82,66.14,95.18,10.27,7.87,271.08,66.28,41.38,280.43,9.54,78.66,149.97,110.25,176.95,361.03,99.79,39.91,345.06,63.13,156.36,6.58,136.84,100.88,19.67,30.23,49.14,70.12,3.79,196.27,152.23,159.27,5.56,43.29,11.44,66.76,311.17,57.27,93.87,148.91,19.81,1.63,115.0,36.46,135.27,106.36,12.0,35.16,174.2,113.24,0.46,91.76,17.17,15.12,211.22,49.25,216.3,30.8,53.87,96.83,152.31,55.22,33.02,82.72,436.81,36.62,145.7,0,79,106.4,100.54,115.33,92.48,22.85,"Fantastic app, highly recommend!",1
2371,42.94,855.75,10,2,11127,131.4,286.57,160.73,34.57,34.15,39.48,46.03,8.55,29.83,41.21,1.2,56.64,32.57,251.11,106.22,16.81,225.44,37.47,91.51,5.52,8.15,98.31,8.84,235.93,276.33,47.1,30.04,152.58,170.25,334.28,409.7,68.2,190.69,42.31,300.04,100.03,33.48,7.95,6.42,110.3,122.77,104.54,63.81,45.15,41.48,24.19,122.63,21.14,26.49,43.28,28.53,9.3,249.6,50.32,40.2,57.84,100.12,4.36,25.37,30.72,74.91,177.42,25.73,19.27,77.01,15.53,43.9,16.27,56.54,27.07,89.79,15.96,214.51,26.72,160.74,6.97,21.1,64.43,397.26,56.07,284.86,95.71,238.04,244.61,81.87,225.97,7.84,121.85,157.85,2.22,0,59,94.75,96.3,99.96,101.6,0.0,"Fantastic app, highly recommend!",1
2372,20.9,546.34,10,4,26530,99.45,154.03,27.26,48.2,133.74,18.26,109.32,44.49,47.79,275.92,64.53,26.67,177.18,31.14,69.79,23.6,58.68,109.5,85.7,209.49,8.86,8.78,437.86,21.72,179.06,12.16,36.34,36.56,161.49,35.83,17.2,9.05,248.12,93.03,183.27,43.82,62.63,66.99,180.08,8.71,48.38,13.58,30.7,41.01,16.09,85.05,10.84,177.1,57.28,19.34,36.16,117.84,107.27,92.79,192.23,212.01,152.51,10.57,111.45,78.14,57.23,3.07,17.07,58.9,53.41,197.8,210.73,303.45,36.75,230.87,45.76,40.28,2.29,70.87,201.33,19.0,16.96,22.75,33.72,143.8,60.33,143.9,383.64,2.88,280.48,8.89,221.0,226.71,27.17,140.62,1,81,94.87,90.58,91.78,108.72,0.0,Did not meet my expectations.,1
2373,40.62,358.77,9,3,1535,78.05,22.87,107.24,61.65,5.64,111.26,512.17,173.8,105.83,50.53,104.79,17.33,90.39,4.07,34.78,106.94,138.58,139.47,1.1,47.91,28.37,93.78,38.71,148.81,83.96,177.41,5.07,132.93,40.12,80.7,146.71,58.92,115.36,52.84,84.98,31.68,25.1,4.95,2.39,60.58,53.67,6.44,15.26,58.38,319.49,16.67,77.96,76.58,196.46,190.29,65.24,44.63,326.39,73.26,134.59,75.54,361.59,42.34,95.6,34.64,190.66,94.79,69.99,235.88,64.93,49.54,130.02,49.42,151.06,115.32,121.12,4.18,30.97,173.55,60.05,107.22,16.2,89.57,19.81,89.8,61.34,81.0,306.36,31.49,227.11,98.03,134.05,615.04,67.62,21.15,0,19,101.11,102.12,91.48,116.91,0.0,"Fantastic app, highly recommend!",1
2374,20.36,641.78,2,7,24327,140.02,44.19,168.71,7.23,185.16,14.19,4.29,80.57,97.59,53.23,99.37,9.97,63.41,211.79,174.23,18.94,143.77,184.04,182.68,220.84,196.6,9.87,103.64,266.54,315.07,191.5,305.49,10.29,3.51,4.63,27.08,61.94,247.65,5.29,5.45,179.7,76.56,42.15,369.27,130.69,116.43,31.06,73.0,24.25,24.38,9.51,40.72,281.41,27.08,22.87,70.84,80.19,68.39,146.85,14.49,109.76,19.22,13.5,12.11,7.45,36.61,83.92,207.73,210.09,82.35,95.42,19.03,38.32,115.84,20.24,3.34,133.31,25.24,86.44,13.47,9.95,65.89,13.63,71.3,122.13,106.93,121.01,33.93,45.25,114.57,246.02,19.81,251.51,107.4,70.41,1,32,93.57,86.01,117.05,85.7,31.34,"Good experience overall, but UI can improve.",1
2375,18.18,583.39,6,5,21377,183.61,204.72,121.96,141.34,422.17,18.15,52.86,84.64,81.51,8.77,13.57,111.37,7.97,353.27,20.66,49.79,172.69,42.96,148.78,121.91,235.38,116.6,465.23,107.25,73.5,170.26,120.75,19.49,50.37,2.12,158.27,47.29,47.44,5.2,22.14,13.47,94.72,133.09,28.84,39.04,76.28,0.14,52.56,49.98,277.5,152.1,142.21,86.45,569.92,85.06,205.69,166.67,87.41,121.1,5.36,13.73,137.69,158.69,73.07,80.89,257.82,228.19,107.8,171.54,127.59,64.24,94.85,97.88,65.54,36.44,16.39,0.47,171.7,7.76,33.2,33.72,113.13,33.55,520.26,238.54,129.0,25.74,1.22,46.16,70.95,113.88,15.98,82.05,32.11,81.11,1,25,109.72,109.99,124.12,100.63,23.49,Great customer support and easy to use.,1
2376,15.24,498.35,6,2,3828,6.91,11.72,132.16,23.43,90.43,2.84,11.04,31.47,8.22,37.71,80.26,28.07,130.22,56.22,109.58,92.1,66.9,215.42,59.94,185.22,115.73,64.27,115.73,42.76,107.67,195.02,38.68,205.05,167.37,49.36,20.98,72.84,267.31,166.83,34.05,26.43,387.62,182.8,324.56,107.63,50.26,52.45,29.47,182.26,58.52,193.73,25.69,149.47,3.8,20.58,64.83,21.21,163.68,27.72,54.14,157.1,25.48,41.54,69.4,75.1,14.54,84.81,11.79,75.79,2.3,60.75,95.23,25.37,320.46,41.58,103.21,100.31,85.14,226.47,7.09,205.11,92.54,172.88,45.14,71.32,270.81,23.85,82.9,131.22,204.3,41.11,32.42,80.74,94.5,97.88,0,33,93.78,80.27,82.72,96.72,0.0,"Excellent design, works smoothly.",1
2377,35.6,33.08,6,3,26132,126.77,242.02,116.97,29.83,43.1,21.84,136.16,40.96,88.73,65.79,82.16,40.38,88.48,3.02,68.94,59.79,18.86,1.26,28.22,115.38,8.85,26.3,66.34,180.64,14.22,1.19,61.4,70.37,200.82,209.36,4.59,58.35,191.81,25.27,74.67,31.61,108.31,263.22,194.67,125.91,17.17,72.0,28.3,65.53,99.85,257.79,162.86,98.03,138.21,42.21,51.13,279.24,347.5,404.35,52.36,112.17,75.17,77.72,18.01,130.49,34.86,151.71,51.61,18.23,110.99,85.49,44.93,84.07,30.8,9.19,6.42,37.41,65.15,232.58,18.41,87.98,53.87,12.78,20.97,79.87,69.38,44.38,212.52,97.01,1.34,23.4,186.15,155.01,186.8,45.14,0,70,90.28,80.83,75.27,75.28,0.0,"Very useful app, helped me a lot.",1
2378,26.43,0.0,7,8,5761,24.3,642.83,5.09,66.7,39.58,14.45,16.36,123.02,2.55,243.61,66.92,43.06,160.68,74.46,40.89,108.02,1.78,85.74,99.47,47.81,11.21,11.21,18.69,30.29,19.19,415.39,4.02,17.54,97.24,1.33,41.35,11.19,99.51,164.47,1.07,214.42,221.64,100.39,98.01,36.12,0.6,37.34,41.06,104.43,148.04,177.4,128.23,120.24,152.44,65.13,54.62,40.86,80.46,51.93,335.64,30.79,183.05,107.31,58.99,226.17,36.47,8.64,27.21,138.85,81.21,33.95,37.7,120.7,157.56,5.86,171.56,9.78,10.84,2.36,51.42,93.57,18.96,32.79,66.73,44.24,29.12,52.71,51.54,49.9,72.55,41.83,5.69,19.91,226.33,40.99,0,80,82.3,96.36,84.45,58.03,26.41,"Very useful app, helped me a lot.",1
2379,33.99,530.94,8,0,163,54.06,115.64,220.62,159.7,236.37,108.75,335.38,393.95,52.14,246.94,182.14,126.5,148.44,131.56,177.97,80.01,14.04,240.51,131.13,234.16,26.33,15.4,22.92,109.06,105.94,49.89,84.89,7.2,131.85,150.99,130.09,52.64,164.56,95.94,101.86,13.56,181.26,93.58,95.8,134.29,191.66,11.44,23.27,61.97,23.59,321.12,22.01,5.67,23.9,671.23,123.43,60.04,144.67,3.06,180.26,234.45,59.24,403.77,62.48,309.25,67.32,93.13,133.79,70.93,3.03,5.41,13.17,70.91,15.39,116.99,133.99,3.56,2.22,267.22,100.46,367.12,23.51,27.86,221.28,56.9,682.48,130.3,56.47,2.08,146.06,78.96,9.73,2.09,238.11,338.36,0,60,128.59,128.48,136.48,115.96,20.52,"Good experience overall, but UI can improve.",1
2380,17.61,653.24,6,5,22011,52.43,63.92,92.65,132.47,87.53,77.51,68.05,67.72,127.34,82.01,18.88,45.29,43.89,134.62,626.69,7.7,2.6,94.21,47.79,34.67,67.75,96.04,35.63,105.07,33.41,120.01,73.17,3.85,133.95,104.61,51.33,256.25,357.19,2.17,83.93,275.15,2.28,126.73,75.61,94.76,374.48,111.27,46.69,31.97,108.15,118.92,21.77,95.79,54.13,46.18,66.99,427.57,92.71,82.68,119.23,270.22,41.17,134.58,36.07,115.41,36.53,66.56,143.02,105.18,33.14,107.4,242.98,252.56,36.21,186.58,291.32,414.35,104.16,162.01,183.65,34.49,14.15,147.95,37.95,83.05,76.3,42.15,174.86,167.46,77.76,34.97,101.97,16.19,219.87,176.97,0,37,113.05,105.09,89.38,125.72,0.0,,0
2381,54.54,145.94,1,6,17146,27.72,137.81,44.33,11.5,39.61,9.69,40.01,0.11,31.34,2.76,3.18,65.92,11.51,14.3,23.17,50.25,11.62,80.97,83.79,53.26,81.28,1.59,776.08,74.72,20.23,168.08,33.68,9.24,28.63,178.94,38.22,2.1,339.06,7.95,24.15,65.58,361.88,10.0,13.62,12.83,137.74,71.05,53.68,1.14,43.42,138.19,64.69,0.33,74.33,207.4,105.42,312.93,149.29,160.3,85.32,167.23,92.92,15.84,27.21,55.68,320.35,109.33,137.24,17.13,145.08,14.61,35.59,42.6,25.7,74.86,21.2,116.83,18.24,122.47,48.04,243.83,222.97,172.58,26.97,286.69,3.89,45.54,75.56,116.9,316.65,18.53,39.45,174.73,74.5,68.67,0,47,89.91,112.59,70.51,104.56,0.0,,0
2382,48.84,321.07,10,1,28830,5.84,212.68,38.35,41.11,146.61,118.46,93.94,129.06,63.89,69.55,94.87,289.52,97.79,41.06,32.43,71.89,42.24,245.79,164.58,0.75,11.9,150.38,44.29,21.37,16.31,240.41,58.98,158.25,20.78,9.06,385.99,5.94,148.34,12.42,134.89,25.39,96.32,61.18,65.75,125.52,65.76,11.97,123.39,103.37,341.77,20.7,204.23,95.33,19.44,18.87,15.51,35.12,18.77,28.62,150.65,251.23,44.71,119.32,133.27,216.91,105.52,24.68,82.98,151.41,3.36,128.48,145.11,205.84,1.09,21.65,2.09,32.91,78.19,62.3,157.76,134.2,28.1,93.41,106.6,30.34,440.79,136.08,222.37,176.65,115.67,252.0,11.31,53.49,32.02,92.26,0,61,99.35,89.09,91.07,104.29,0.0,,0
2383,5.12,402.56,5,2,20779,89.74,305.88,135.71,17.82,138.27,522.15,147.16,30.15,219.45,113.24,0.75,143.22,81.44,29.73,50.26,17.56,115.67,87.12,498.55,90.51,88.53,207.87,132.2,302.93,45.5,50.46,4.93,44.78,78.25,53.51,223.96,49.31,27.0,77.91,85.2,33.46,27.47,249.31,48.14,346.47,38.54,275.37,400.6,108.47,15.14,18.38,83.29,2.11,143.75,17.76,65.0,141.93,5.83,80.1,141.2,134.27,438.77,83.89,68.64,3.93,263.88,29.21,103.26,77.26,75.68,20.8,90.96,10.61,44.41,181.29,137.31,40.29,432.43,317.73,1.91,248.46,21.38,70.42,169.2,68.49,2.69,266.51,49.47,14.03,76.51,91.1,79.36,41.85,17.36,90.13,0,82,115.69,116.87,128.11,104.47,23.65,,0
2384,39.26,563.49,2,5,17357,83.71,17.26,13.41,62.05,10.6,180.7,58.01,0.78,137.1,5.18,2.2,164.11,100.92,9.27,322.72,39.01,44.2,347.42,105.53,28.38,63.15,33.31,151.7,117.18,123.21,337.22,10.65,19.92,141.67,0.04,103.94,64.19,60.15,33.95,77.62,19.76,21.06,24.53,426.66,13.38,90.08,93.88,214.25,134.89,108.05,161.59,28.13,28.89,193.67,52.88,48.29,246.53,67.09,34.5,46.73,10.56,157.34,25.4,27.96,67.17,9.81,143.62,52.6,63.39,44.14,243.49,205.08,60.32,63.5,114.84,86.93,133.77,0.13,346.36,13.38,20.86,37.17,107.63,145.76,36.44,369.88,0.47,26.29,100.43,194.66,32.62,33.4,1.96,6.39,142.0,1,16,91.68,93.79,91.02,94.58,0.0,,0
2385,37.32,545.83,7,1,12706,144.82,66.47,15.22,178.14,4.76,22.59,28.91,57.97,65.01,17.9,104.5,156.21,49.09,18.55,154.3,414.02,331.32,16.23,76.84,107.37,25.39,70.6,10.22,175.51,117.7,219.01,286.21,139.55,546.25,8.16,2.44,166.76,41.05,58.89,246.98,139.27,80.88,20.53,43.68,94.53,31.3,5.04,239.54,19.48,31.34,158.17,51.8,84.55,23.29,215.79,151.03,77.39,90.8,15.8,267.28,155.34,56.89,90.31,120.91,1.99,26.7,73.43,123.28,66.03,68.43,107.36,70.92,236.95,0.08,94.98,143.88,14.62,561.77,41.92,531.72,35.12,126.81,171.69,333.64,13.41,212.03,36.47,60.97,72.91,6.73,336.48,120.25,17.04,73.73,124.26,0,77,114.62,118.82,120.96,130.12,0.0,,0
2386,46.05,634.15,6,0,2225,113.74,220.71,3.48,44.84,140.45,122.17,54.13,27.91,114.03,6.08,72.59,48.41,203.92,99.33,3.14,33.97,9.9,19.47,306.98,21.68,42.62,131.87,4.25,144.96,69.32,79.21,25.44,179.72,12.05,35.76,263.71,51.61,32.66,32.19,46.23,109.22,350.24,49.35,154.6,35.47,347.01,6.91,97.64,15.3,42.12,482.27,32.2,11.35,19.74,60.85,163.98,70.76,94.93,74.86,156.38,206.59,29.87,48.47,363.42,178.98,83.51,432.49,26.95,22.3,12.25,59.39,214.38,60.54,78.31,10.28,125.52,210.44,41.52,3.0,29.71,19.13,120.31,81.62,0.86,11.28,50.45,111.21,222.15,16.99,28.11,150.13,30.42,43.75,30.09,187.11,0,34,94.84,100.11,79.74,83.81,0.0,,0
2387,30.12,710.99,8,0,18748,14.87,34.68,62.39,76.17,233.63,31.86,76.12,264.43,54.39,31.45,3.55,34.12,48.39,201.87,82.78,10.99,33.25,57.48,172.18,2.17,310.47,24.07,18.03,118.57,60.3,42.47,150.89,208.78,393.69,12.33,241.41,57.46,20.83,69.98,194.86,9.08,167.31,25.51,1.36,120.4,340.38,44.01,2.52,76.05,427.14,162.74,42.53,78.93,32.66,32.46,156.08,17.19,224.45,242.81,87.94,156.58,94.26,196.59,70.69,9.72,17.74,39.2,55.54,83.11,24.2,124.66,68.95,8.15,185.75,157.67,100.81,212.45,46.35,6.48,16.68,166.62,25.11,48.33,100.23,178.81,150.21,132.59,181.83,20.75,72.69,327.58,54.31,103.51,36.51,140.95,1,76,101.76,93.78,95.54,96.26,0.0,,0
2388,31.64,669.55,9,3,13134,99.69,2.76,57.56,235.52,175.09,90.46,60.96,9.1,22.24,15.71,196.85,45.63,57.08,42.81,149.11,338.94,199.61,35.47,209.48,175.85,205.56,28.7,40.58,25.04,60.36,67.82,82.05,80.89,163.27,18.81,54.53,19.62,33.04,209.88,14.54,61.32,8.82,52.99,156.78,62.85,62.78,58.92,26.35,29.35,27.46,1.58,212.35,63.05,238.46,214.29,81.1,63.47,117.18,114.64,33.68,14.27,19.08,125.41,120.38,70.02,4.66,75.45,100.36,75.22,43.62,69.12,740.24,217.0,0.68,37.73,32.76,164.53,79.08,19.75,165.14,27.6,297.4,195.46,37.83,52.81,4.17,9.04,177.52,39.25,62.23,69.11,157.81,0.95,112.92,79.5,0,84,94.56,101.33,99.77,104.96,0.0,,0
2389,27.26,484.64,2,9,26558,31.48,93.53,42.08,33.17,15.65,108.82,41.13,149.68,39.56,175.79,100.08,135.78,29.58,8.89,64.41,4.56,109.13,47.35,42.45,45.39,100.49,19.22,49.65,9.77,19.85,5.46,66.39,178.15,13.69,27.07,59.09,52.3,111.96,149.24,75.57,46.1,183.47,252.25,83.55,11.98,44.94,76.1,77.3,33.04,4.83,307.98,234.65,200.71,111.6,20.33,87.02,8.36,28.35,66.33,45.84,20.71,10.5,22.41,56.27,88.14,17.28,148.68,33.41,48.31,76.81,168.63,2.09,106.88,238.83,5.23,295.43,253.68,36.07,179.38,12.1,22.29,223.99,89.48,23.35,69.32,230.73,77.53,67.1,36.82,58.64,129.13,33.16,77.92,317.45,41.96,0,39,83.34,76.69,60.27,104.06,0.0,,0
2390,22.85,415.03,10,9,15033,6.62,147.52,31.53,14.14,155.52,37.75,249.75,107.07,51.44,17.16,53.35,89.96,383.19,31.02,110.54,101.56,66.94,194.29,277.78,103.3,57.66,120.89,127.21,221.82,46.87,15.56,66.45,181.06,160.01,132.8,95.55,147.02,72.92,27.5,94.81,3.23,65.98,1.43,106.72,48.58,109.51,1.18,20.0,85.43,101.69,108.26,13.68,24.9,2.7,32.03,82.72,226.21,55.66,185.41,257.07,150.12,71.84,123.26,14.33,11.58,104.25,109.86,83.98,9.38,381.76,32.75,40.58,143.8,224.28,44.82,234.27,3.28,40.68,101.45,54.39,71.54,69.52,63.09,95.32,156.68,72.38,47.38,58.25,34.43,423.02,106.04,25.26,5.37,197.78,51.29,0,82,97.66,86.31,112.03,102.9,9.13,,0
2391,21.64,274.26,9,5,23683,126.09,53.27,52.41,22.55,40.53,227.95,11.75,358.98,7.52,17.38,79.78,28.67,56.34,58.36,54.64,77.24,7.75,77.12,13.61,414.4,64.34,14.61,2.66,17.29,57.78,77.16,131.84,155.7,51.48,168.64,16.35,46.46,21.96,22.62,165.32,73.24,46.31,31.68,249.58,66.95,205.15,145.38,174.8,127.76,71.86,163.55,33.7,26.67,80.01,60.33,94.21,21.59,152.76,11.07,44.5,29.73,8.33,114.34,89.6,178.74,83.54,267.78,41.3,80.17,336.18,32.36,78.53,124.81,29.15,0.83,47.71,60.78,71.72,7.79,148.61,376.26,78.84,103.6,57.26,73.36,468.68,259.82,20.41,211.0,284.66,18.56,34.84,32.34,29.39,194.9,1,34,97.31,98.17,84.26,121.84,0.0,,0
2392,34.78,437.12,1,9,24763,219.5,50.51,9.67,0.83,29.46,209.21,72.97,167.65,70.56,2.2,73.37,1.82,81.69,28.71,62.95,88.53,9.76,63.42,277.99,13.65,35.49,58.65,30.33,37.83,217.61,108.28,5.64,244.26,165.15,137.25,9.24,7.23,13.05,275.05,117.11,7.9,56.71,246.16,598.38,210.67,1.18,12.24,126.17,111.81,6.93,161.4,42.74,256.73,19.95,106.43,244.59,4.02,47.22,18.11,266.68,46.18,185.53,5.75,48.87,92.83,10.05,42.71,252.11,12.57,183.71,108.42,44.59,126.48,98.75,85.08,239.01,237.83,7.5,257.06,75.62,87.43,136.86,95.29,95.66,8.32,172.88,55.48,192.25,61.22,222.99,9.73,48.61,15.16,35.42,86.33,0,60,100.3,99.39,85.83,103.5,0.0,,0
2393,7.86,900.05,10,9,13971,47.45,101.07,83.78,55.2,9.06,231.11,43.14,18.26,149.86,170.07,17.67,35.77,67.9,39.18,469.22,61.83,22.37,20.98,119.66,146.0,58.27,59.39,32.97,101.28,36.36,3.21,79.65,35.73,94.58,29.07,204.51,48.59,325.39,7.14,134.79,211.92,45.2,40.71,25.22,17.14,151.01,5.32,443.74,5.93,161.56,17.47,64.37,132.18,24.2,15.34,38.32,40.47,369.68,25.88,28.92,14.15,245.32,40.79,252.14,19.33,109.7,60.22,92.13,15.29,92.69,158.6,176.97,11.84,38.77,148.4,17.91,8.91,56.43,29.25,15.68,272.76,31.71,2.15,101.49,24.78,277.41,333.84,50.42,13.87,19.93,41.89,275.87,22.38,74.42,58.03,0,46,91.45,101.04,81.34,87.79,0.0,,0
2394,50.91,532.07,3,2,29310,345.69,225.61,32.39,134.64,0.25,3.2,80.92,43.42,399.28,5.27,50.42,41.42,81.42,52.21,75.46,36.42,77.68,81.48,123.97,34.38,12.3,77.34,187.64,14.72,23.39,56.15,58.67,6.04,309.39,238.72,314.53,0.34,48.08,134.22,55.23,6.95,29.99,8.29,28.63,256.98,126.34,32.87,27.88,16.17,128.95,8.89,22.67,93.65,2.79,62.64,101.78,333.89,37.65,63.1,136.85,101.53,141.06,20.6,17.55,179.32,200.15,275.38,21.41,97.54,69.2,107.45,79.19,46.13,4.73,33.34,13.15,43.92,228.96,101.65,208.46,209.14,16.68,53.9,116.98,41.95,65.02,84.71,67.59,40.63,86.29,133.39,340.39,130.42,71.12,21.7,0,77,94.0,92.16,97.0,100.35,0.0,,0
2395,14.28,280.73,8,1,15338,2.49,68.1,149.6,136.56,64.86,24.27,100.32,37.11,159.26,65.07,124.05,221.21,104.37,55.0,195.53,157.45,1.86,27.99,66.84,205.4,18.83,32.81,36.68,33.82,47.76,179.97,43.33,9.01,8.08,85.59,39.41,110.04,9.47,39.02,6.46,26.44,109.38,162.03,159.79,183.2,131.78,42.96,9.85,40.23,178.39,174.93,115.64,142.78,9.59,45.75,6.21,14.69,12.04,68.71,17.6,126.85,21.91,31.44,313.61,38.2,347.07,243.65,208.96,73.27,33.38,97.07,68.33,224.69,65.24,10.63,0.98,200.89,12.53,53.5,69.78,75.22,2.58,33.82,51.09,46.56,161.06,52.03,89.19,23.62,6.47,167.17,22.02,19.66,162.67,59.04,1,50,83.71,75.1,82.11,89.41,0.0,,0
2396,32.4,613.06,3,0,1537,68.43,454.72,122.26,121.61,61.84,187.67,40.99,6.06,253.03,175.34,34.08,23.12,6.08,207.98,273.43,14.53,52.7,21.14,269.14,50.82,25.28,49.09,471.52,29.39,176.65,88.64,4.88,279.08,213.62,144.26,20.27,227.83,203.58,149.43,4.03,233.3,388.36,188.89,145.51,97.6,106.83,328.17,211.16,9.08,160.81,197.02,258.12,47.93,49.78,290.56,121.0,11.89,188.96,65.55,225.09,43.12,11.78,24.19,2.1,165.0,69.09,4.45,86.72,51.51,28.06,348.59,90.84,580.07,31.5,20.22,197.65,288.67,104.33,19.29,25.06,239.31,133.25,64.71,20.51,213.07,89.14,174.26,56.28,17.53,149.12,12.52,40.71,63.79,42.26,16.3,0,57,126.48,118.64,130.91,109.29,21.62,,0
2397,21.5,543.61,7,0,25927,30.91,30.72,50.58,57.97,8.18,88.7,279.7,32.39,70.51,79.55,114.47,3.73,13.25,206.77,187.46,6.11,47.39,20.98,14.18,43.06,26.36,30.68,117.28,40.66,55.07,113.19,183.05,35.72,170.87,255.34,170.07,24.88,101.14,81.39,40.35,177.2,80.87,248.75,99.06,9.74,40.22,52.64,54.7,211.48,50.75,229.41,2.06,23.87,160.61,67.75,85.26,6.32,197.52,261.47,98.78,184.53,136.84,159.36,295.36,8.06,9.23,32.39,92.99,44.51,42.19,0.34,168.95,12.43,144.14,82.39,105.73,111.75,117.41,73.54,3.09,11.26,2.1,47.5,40.16,89.85,132.63,16.92,156.51,277.91,303.7,60.79,93.4,14.08,65.16,213.25,1,66,92.68,80.01,80.49,85.54,0.0,,0
2398,28.94,777.78,6,8,5788,126.26,221.06,71.31,17.14,258.36,57.34,31.52,14.24,32.26,46.13,110.32,80.02,157.17,14.87,43.35,16.24,19.67,106.52,276.3,6.57,25.17,146.74,79.47,136.74,153.01,126.04,90.85,249.86,0.64,93.93,8.47,44.9,60.7,11.15,48.63,110.94,127.56,81.65,518.76,153.27,24.51,175.9,33.21,46.21,84.41,421.14,166.78,104.58,123.46,5.95,20.84,95.47,69.55,14.49,15.69,123.54,95.81,173.03,146.98,49.66,219.88,111.89,18.53,89.21,54.68,8.51,13.4,15.99,19.42,84.51,219.0,6.07,35.06,19.31,7.97,139.75,165.01,183.78,92.69,3.8,328.66,74.09,80.1,36.24,31.48,186.78,28.71,66.93,10.22,28.37,0,46,92.74,91.61,93.64,79.33,14.3,,0
2399,32.6,338.37,7,4,6318,98.79,8.22,73.68,10.03,124.46,50.15,424.58,28.04,65.96,52.42,10.75,46.7,115.2,53.56,126.95,11.67,124.72,127.26,43.57,272.94,14.39,31.36,28.78,94.47,2.29,29.9,37.48,198.76,28.81,370.47,45.8,28.84,30.39,6.53,283.93,100.3,212.52,27.2,81.14,143.03,8.15,50.59,140.03,74.29,34.74,92.39,83.02,83.6,82.78,153.38,122.16,1.35,104.47,16.41,52.46,171.88,46.72,18.07,34.49,22.52,116.25,123.16,28.11,99.61,121.88,80.5,19.2,47.39,145.5,60.11,10.8,554.2,200.76,124.5,38.44,32.55,33.27,80.34,70.79,53.09,530.28,53.92,169.31,58.49,68.97,15.54,165.14,45.35,269.98,144.64,0,59,95.8,102.99,90.21,118.74,0.0,,0
2400,12.9,333.39,1,5,509,174.97,6.33,366.9,47.03,125.92,155.03,44.88,25.02,27.46,6.57,24.08,50.82,41.72,52.66,171.97,55.48,85.59,9.35,6.37,267.76,183.8,6.43,78.12,54.12,275.46,43.09,326.87,55.74,182.17,3.23,54.62,106.39,206.67,0.71,2.05,89.56,28.61,46.59,2.73,174.43,82.27,285.38,33.19,92.37,9.27,246.97,52.69,95.86,79.49,156.23,92.88,21.69,89.27,105.66,255.99,64.07,157.46,24.33,134.02,81.85,7.57,31.53,82.43,2.32,5.47,92.56,33.31,40.75,39.12,5.07,2.32,194.22,14.38,7.27,75.55,119.09,99.94,102.05,68.56,69.98,50.36,105.63,14.21,31.4,364.01,69.66,157.88,115.5,208.47,1.97,0,76,89.34,86.04,98.5,73.75,24.75,,0
2401,41.7,423.95,7,0,25750,109.71,66.96,208.76,16.66,10.1,180.29,8.99,10.01,59.22,4.12,20.44,185.85,54.35,59.78,104.0,233.47,17.91,35.51,283.93,178.83,259.88,77.25,42.99,60.47,253.36,43.79,117.04,97.86,370.07,134.56,294.96,152.53,6.92,12.22,93.77,255.37,408.9,64.51,8.66,13.47,6.34,107.05,78.88,72.38,99.74,6.06,251.51,64.12,39.76,66.65,67.63,50.6,76.41,62.61,520.86,40.93,101.36,18.7,258.27,73.94,13.06,199.38,34.1,10.12,10.86,158.79,402.22,28.92,167.73,4.47,49.46,22.16,2.9,35.42,144.97,19.25,38.58,16.29,137.33,275.94,77.08,82.37,157.37,122.4,72.3,38.34,69.16,64.48,36.33,1.21,0,56,101.94,104.89,110.21,83.1,27.1,,0
2402,11.28,950.92,2,4,21318,131.88,62.39,181.17,56.72,9.9,219.8,47.15,166.92,170.34,227.52,170.72,37.88,100.82,77.2,61.47,42.1,243.44,41.28,179.65,16.84,58.07,7.07,81.32,25.13,44.39,0.44,3.79,163.74,106.56,75.81,114.71,343.2,15.85,5.53,30.44,42.34,184.58,39.26,107.4,158.7,85.37,47.97,17.89,249.77,85.35,311.32,121.97,169.26,268.7,206.93,192.5,112.67,39.89,18.07,16.23,0.32,49.36,65.6,61.19,100.57,97.86,45.78,99.79,26.01,41.75,70.77,6.61,64.64,0.62,136.89,12.44,33.36,380.14,204.14,163.72,56.66,154.68,33.37,112.78,281.39,16.46,174.02,8.25,111.0,93.35,71.86,125.97,5.69,75.61,38.63,0,65,97.99,84.0,93.72,91.47,2.24,,0
2403,38.82,509.4,7,9,12251,14.38,180.06,300.73,15.32,107.04,429.47,4.57,299.91,133.03,17.72,135.53,23.63,372.59,63.0,179.5,115.22,1.33,133.41,91.17,96.23,252.29,149.66,47.75,37.06,54.74,12.74,57.84,315.9,25.18,75.18,44.04,16.89,3.02,327.57,81.95,31.14,110.21,72.37,125.41,90.07,60.59,115.81,71.09,62.43,81.31,11.24,72.91,443.88,17.88,248.38,171.96,27.37,3.52,9.04,434.13,60.2,9.04,160.63,229.94,13.38,27.22,59.86,66.63,120.02,162.2,67.48,9.14,158.54,136.54,221.2,88.46,11.36,53.97,594.11,12.85,53.11,63.94,203.83,5.63,68.44,113.95,164.48,77.46,262.71,201.62,222.45,70.9,4.25,169.59,91.39,0,87,116.81,116.06,124.74,118.78,5.96,,0
2404,19.38,431.03,1,6,16758,25.31,57.51,30.85,121.35,91.22,11.92,9.78,51.21,17.92,39.89,33.54,71.68,148.37,47.74,20.74,31.95,43.17,74.81,423.67,198.75,104.18,63.51,63.72,10.62,23.54,50.25,167.22,94.39,22.01,201.23,110.34,116.25,60.35,185.71,15.65,4.42,86.33,90.98,9.23,62.31,12.03,10.18,38.77,143.03,392.13,19.25,50.96,7.42,172.74,54.62,366.02,99.98,79.51,33.29,8.54,1.96,35.25,95.61,18.23,45.96,47.62,257.43,5.41,99.18,8.65,37.12,98.73,177.44,6.17,28.49,95.99,15.03,28.64,172.97,17.7,9.82,32.48,11.3,125.48,22.79,36.21,131.63,386.2,11.99,19.81,107.27,159.87,242.96,35.84,78.28,0,23,80.97,88.99,78.4,83.62,0.0,,0
2405,57.26,502.72,9,2,2772,88.26,141.83,38.08,15.43,238.8,109.76,21.25,5.29,16.22,45.13,22.48,52.32,106.7,182.91,112.09,134.53,35.69,31.55,0.51,16.48,27.07,2.33,89.68,237.52,18.8,22.37,5.48,148.44,16.52,52.42,138.7,233.41,66.31,8.75,367.32,34.54,99.44,146.59,38.89,114.59,67.53,7.15,121.93,142.04,19.58,133.27,334.96,1.16,62.19,125.74,4.27,81.4,94.0,106.64,258.85,5.47,70.4,95.46,35.6,1.36,17.77,150.32,21.89,49.85,150.17,24.48,5.69,356.35,21.75,62.59,89.73,662.1,66.85,41.03,10.61,4.15,314.3,240.98,255.21,26.02,202.81,98.18,27.87,18.2,50.12,266.95,86.67,92.88,158.47,196.85,1,37,98.05,106.94,67.87,125.69,0.0,,0
2406,34.9,484.69,6,7,17646,9.73,224.56,170.12,1.11,248.88,2.5,32.05,261.17,67.35,50.26,21.94,40.17,25.04,115.98,59.9,132.5,52.23,232.21,24.22,3.18,2.47,162.85,10.0,44.25,12.82,189.21,44.6,230.41,16.51,64.51,51.41,1.87,38.88,32.2,27.47,94.07,78.58,67.43,118.1,17.99,180.36,151.58,53.25,95.84,16.5,9.91,256.53,63.69,7.42,105.42,144.93,3.66,10.31,73.21,87.57,145.52,101.89,12.59,51.88,215.62,134.24,51.91,169.62,81.87,150.01,33.97,75.61,29.13,199.41,136.29,13.7,62.55,9.88,162.54,17.6,7.89,106.84,120.95,104.09,88.43,37.9,35.72,87.52,16.22,233.71,169.02,314.76,21.36,40.1,78.57,0,60,85.11,75.26,85.09,93.05,0.0,,0
2407,61.88,397.98,7,8,14314,82.69,0.16,112.07,121.45,0.77,79.0,50.85,24.47,340.37,30.51,29.88,4.36,134.1,94.32,73.81,120.17,93.17,23.9,206.56,59.18,5.18,16.55,29.08,29.74,227.19,40.21,41.35,1.26,194.84,70.58,22.29,48.71,6.36,55.98,119.52,77.56,320.29,88.05,56.53,8.48,98.22,65.59,73.66,18.99,10.49,30.76,98.02,157.49,164.1,25.44,105.67,1.36,13.06,17.43,233.64,111.4,54.0,15.14,43.59,4.98,180.21,82.15,271.63,151.69,368.54,31.98,1.57,236.65,42.2,21.56,320.24,158.12,78.5,77.98,5.06,305.31,93.76,228.1,8.97,273.0,69.4,36.18,57.83,151.18,24.25,206.05,90.54,92.39,4.83,150.75,1,50,92.28,89.31,77.93,127.36,0.0,,0
2408,68.72,152.24,5,9,6822,18.14,39.01,9.41,95.78,13.56,108.65,60.28,55.39,116.21,11.25,65.7,313.33,4.27,1.89,22.56,142.4,13.33,37.25,1.41,73.92,41.28,6.66,87.73,19.69,80.26,502.89,20.59,4.74,26.22,15.23,9.51,50.77,324.32,46.89,149.05,311.35,146.28,30.9,110.77,39.99,165.59,11.54,305.36,31.83,135.39,5.86,12.07,194.04,150.89,75.54,170.49,238.86,101.97,255.53,27.1,253.7,68.55,148.07,134.47,77.81,31.58,113.21,4.8,11.39,10.27,94.78,127.37,39.15,88.99,96.2,105.85,208.67,24.47,90.21,10.99,54.47,25.07,106.1,40.09,5.51,24.67,17.39,89.87,110.25,14.01,148.63,59.6,1.55,41.57,76.16,0,89,85.18,90.27,66.97,62.43,4.54,,0
2409,6.72,858.02,5,6,5951,47.01,458.74,3.72,136.3,16.69,70.23,11.46,56.67,226.33,117.7,113.1,120.15,50.22,20.28,156.29,255.4,50.44,0.25,10.5,125.76,30.21,9.78,22.58,44.97,18.05,35.17,23.95,9.38,142.36,21.46,41.94,35.02,11.7,128.36,63.56,117.97,64.47,85.28,22.23,146.7,92.93,37.46,371.23,5.89,161.72,114.31,79.03,140.3,99.62,139.12,153.19,37.11,11.01,77.95,21.29,4.25,148.69,109.72,455.73,267.81,30.61,87.05,74.13,6.78,101.84,110.95,36.56,57.42,169.1,2.53,132.83,70.16,6.06,451.84,64.71,218.45,113.84,53.36,191.54,82.8,66.58,11.89,280.97,49.79,68.56,175.98,38.31,76.21,100.59,61.89,1,73,96.05,97.11,80.17,99.78,0.0,,0
2410,31.0,502.18,7,0,950,138.29,50.21,27.18,9.15,223.71,128.05,65.42,114.07,80.88,73.21,66.31,9.38,165.53,276.54,129.26,97.06,55.84,176.6,244.44,101.38,150.09,130.45,445.11,4.38,177.42,73.07,40.59,56.8,2.99,1.36,93.75,115.56,98.62,22.2,325.49,38.09,118.88,14.51,15.49,75.09,76.65,58.26,335.86,69.01,13.34,49.77,11.98,27.16,248.77,82.68,101.55,29.87,1.95,224.42,7.66,113.74,25.56,103.46,133.15,33.58,45.79,30.63,8.13,43.41,129.63,41.83,48.42,99.82,120.26,109.28,73.95,68.37,60.08,136.2,4.35,34.29,1.1,21.28,31.09,12.95,70.18,25.89,319.24,92.29,4.85,160.38,47.7,28.11,242.63,257.96,1,85,92.79,87.74,110.49,79.0,31.49,,0
2411,18.34,335.03,2,7,20209,130.15,87.39,43.02,38.63,95.66,184.31,0.1,175.5,274.42,35.38,12.03,272.37,74.06,74.62,7.46,69.74,4.32,32.68,49.01,24.45,217.6,62.24,63.64,53.47,6.37,2.37,120.54,37.5,184.76,354.63,42.64,95.48,26.32,108.78,198.18,80.73,199.97,152.58,140.1,147.88,78.81,85.31,118.53,91.88,76.01,95.93,24.31,54.92,49.69,25.65,117.91,17.88,112.05,80.7,49.11,51.16,236.07,15.82,62.7,15.97,10.88,113.65,108.4,76.44,41.79,139.77,278.87,201.71,193.91,13.51,278.44,37.28,62.9,160.13,19.75,109.07,144.63,197.54,23.38,112.23,376.17,329.85,29.76,134.35,144.51,46.92,192.1,53.69,1.8,273.88,1,76,103.88,86.61,92.95,130.24,0.0,,0
2412,38.13,305.07,8,3,2572,31.94,69.49,129.09,87.44,71.69,160.1,54.44,4.43,24.36,48.04,109.23,198.21,87.05,60.39,485.92,1.63,41.16,136.5,112.71,135.89,51.92,73.48,13.49,191.74,8.26,37.29,74.71,326.08,38.28,250.47,4.22,101.44,48.72,43.14,72.77,339.7,181.32,16.65,137.99,503.41,99.11,236.35,119.92,89.69,152.13,5.9,8.04,71.42,157.68,184.04,519.72,346.2,330.55,13.94,92.57,87.72,41.4,80.19,154.59,241.93,117.19,84.15,34.67,43.14,35.23,92.3,10.27,8.76,90.14,204.18,86.21,192.43,178.09,281.89,27.91,72.36,153.7,94.45,13.16,311.81,40.87,24.12,97.17,80.71,196.27,99.32,82.97,60.43,27.62,3.53,0,85,116.03,110.71,103.85,94.83,9.01,,0
2413,27.61,733.36,9,5,8294,1.74,0.7,89.83,148.03,43.05,193.85,50.19,253.14,15.84,29.62,122.54,199.63,4.36,75.9,178.95,148.76,125.81,51.71,56.36,130.76,33.83,85.08,141.97,210.5,14.46,479.65,240.11,139.67,10.4,81.33,76.57,262.15,95.2,86.49,29.97,9.37,39.56,46.64,38.33,21.49,21.84,228.07,45.9,8.54,54.1,88.46,68.92,214.65,137.01,22.14,61.63,6.2,152.76,48.45,426.04,58.03,66.2,210.21,149.76,48.53,69.96,24.56,183.95,113.52,45.05,59.81,45.68,35.56,129.77,255.31,41.04,86.05,35.51,8.96,48.8,38.99,75.03,43.04,10.07,35.74,101.48,54.4,40.8,90.92,182.31,37.05,15.91,38.47,20.17,113.86,1,80,91.81,86.89,111.93,69.39,42.53,,0
2414,4.59,512.11,3,3,18858,16.65,41.48,143.2,193.93,6.48,65.62,26.56,0.03,146.26,40.25,31.24,26.45,37.43,73.88,6.4,11.58,169.31,23.96,321.06,529.54,155.32,36.15,20.55,18.41,148.64,153.81,83.56,40.79,210.08,233.27,43.17,39.58,18.53,215.18,317.97,8.46,15.43,95.58,109.27,381.58,7.82,3.82,82.95,219.08,79.03,164.39,5.82,325.94,57.88,336.0,29.56,66.63,66.96,42.6,221.89,84.21,28.32,13.72,58.42,33.72,3.41,131.02,128.25,32.76,194.42,123.0,162.25,27.08,23.84,1.48,80.3,22.91,7.75,56.24,31.95,43.23,6.47,163.76,61.27,16.36,87.86,327.13,115.28,14.22,7.63,15.41,231.8,36.77,6.92,176.59,0,63,94.7,103.18,100.4,77.91,22.48,,0
2415,24.58,103.09,7,4,6744,554.59,383.58,32.2,86.66,32.22,109.97,41.39,23.11,36.59,95.78,64.41,9.41,18.73,47.39,96.65,10.47,136.92,519.8,28.72,180.58,82.41,32.03,26.11,24.23,15.65,182.21,80.05,66.42,3.56,49.08,1.22,113.08,87.87,18.92,200.32,63.53,0.97,6.32,37.25,15.58,9.17,66.64,66.09,27.61,62.14,149.99,8.41,167.62,62.75,80.92,139.12,209.86,56.69,73.03,90.54,149.47,115.26,50.87,145.64,0.35,38.52,51.48,61.53,25.42,304.57,7.95,95.29,8.08,308.2,82.67,10.21,56.2,23.5,121.54,76.18,38.23,30.2,69.92,33.45,55.69,7.74,57.15,181.1,155.82,71.46,56.02,314.25,204.31,100.3,248.65,1,77,91.6,102.12,102.36,96.52,5.84,,0
2416,52.73,265.79,6,7,14179,131.28,19.3,340.23,4.3,4.14,75.62,322.22,74.63,4.54,148.17,200.41,273.72,110.84,178.71,163.75,105.24,103.74,214.93,54.02,57.16,43.58,80.45,10.03,6.05,19.26,203.23,244.84,95.02,96.62,336.18,262.23,38.07,72.06,48.08,2.33,21.69,76.0,45.79,38.36,13.77,15.29,75.39,137.93,153.8,53.31,46.57,1.96,113.5,163.99,84.53,37.77,266.35,52.89,86.94,26.52,139.11,89.1,173.93,18.67,151.74,47.64,163.1,7.7,345.82,225.44,25.2,56.05,44.63,81.71,45.18,43.75,19.18,12.77,89.41,121.9,31.08,0.48,66.67,133.39,29.84,12.39,65.8,38.62,289.97,36.17,28.77,250.25,96.47,51.02,184.46,0,18,98.61,89.06,124.07,88.16,35.91,,0
2417,14.07,864.41,8,0,4926,43.77,109.24,17.18,50.53,216.11,44.99,333.63,272.81,64.94,20.2,29.35,17.12,219.07,2.63,46.69,227.62,70.67,29.0,65.29,104.64,36.63,20.68,152.7,120.07,447.23,194.92,128.33,39.84,104.77,193.04,119.47,6.44,51.86,162.83,94.75,40.17,21.46,172.91,260.77,18.72,133.87,11.16,4.46,163.7,318.94,76.87,438.94,69.36,62.91,185.31,84.2,131.57,188.91,27.98,4.8,80.29,159.31,4.11,40.76,185.99,96.11,253.53,89.44,22.06,29.29,126.73,0.8,113.48,38.87,143.35,91.66,74.29,88.76,14.65,40.05,134.94,44.74,172.23,182.01,49.73,52.18,59.97,13.3,10.38,37.59,59.34,22.22,109.22,35.04,66.96,0,25,100.22,92.05,114.12,75.76,38.36,,0
2418,37.12,515.04,2,0,24389,41.03,17.23,6.9,82.84,96.85,77.29,89.88,173.16,156.24,514.96,75.19,99.43,39.31,9.4,139.6,10.43,99.36,68.37,57.03,28.61,36.36,68.77,101.1,289.12,47.57,275.29,141.88,170.81,141.81,116.22,147.31,243.68,78.61,184.56,157.51,28.83,23.96,165.11,38.34,33.65,155.81,36.05,65.17,16.92,3.75,24.3,184.5,18.08,74.98,24.01,94.47,61.25,44.39,42.01,220.65,19.81,111.28,1.74,80.66,73.88,9.6,66.8,16.25,118.02,11.91,232.12,77.07,122.37,173.48,50.03,31.22,35.36,18.78,104.14,58.26,107.41,51.1,167.42,31.5,283.38,103.66,9.11,47.42,27.94,6.95,165.99,199.17,161.4,28.42,56.31,1,58,92.22,82.93,109.07,85.75,23.32,,0
2419,43.33,803.51,8,0,20919,18.53,303.08,16.7,178.91,141.54,374.63,64.46,218.78,6.36,3.34,13.61,34.66,166.04,146.71,132.07,29.61,401.59,49.54,109.05,71.57,5.82,62.22,43.7,67.92,18.84,160.58,145.15,36.57,259.1,425.29,92.69,78.91,6.78,7.44,59.28,51.5,53.45,202.78,20.74,215.06,55.36,12.27,104.49,32.12,2.64,252.49,31.97,228.65,186.1,64.99,40.94,122.78,223.93,55.16,5.67,40.63,77.03,98.13,160.54,219.92,198.32,34.65,59.73,150.89,134.84,6.77,0.71,126.02,106.17,73.59,75.2,11.95,56.57,156.39,21.09,110.15,68.6,55.87,81.47,100.45,162.25,317.62,37.22,439.54,32.45,136.67,152.03,19.63,151.1,37.82,0,53,106.96,99.19,123.53,103.86,19.67,,0
2420,12.44,460.62,7,6,26433,15.11,10.53,57.48,30.66,217.87,9.2,81.65,249.82,247.12,21.64,58.34,46.05,34.52,53.73,123.33,8.75,237.05,54.63,11.39,139.05,85.29,46.66,150.49,78.42,123.23,141.82,215.6,55.45,21.23,233.65,37.96,177.94,123.86,138.94,225.47,212.64,172.59,38.05,4.03,25.75,33.86,208.12,98.24,27.82,159.28,202.16,128.5,11.26,19.22,1.51,25.19,23.15,114.94,22.63,49.21,299.17,31.3,63.54,451.89,39.57,22.5,400.55,37.53,26.22,55.07,160.14,152.56,35.24,69.67,208.6,128.98,63.04,192.14,134.53,87.12,76.87,215.24,24.92,37.14,95.62,61.97,49.5,154.8,22.62,195.0,60.31,10.34,0.41,51.61,64.8,0,89,99.14,89.56,95.33,96.5,0.0,,0
2421,18.06,721.08,7,3,7531,294.19,189.11,228.1,3.65,38.64,77.41,82.57,28.96,33.54,2.69,45.61,183.0,33.19,74.14,160.51,4.16,33.78,119.68,73.3,30.64,35.55,40.81,1.39,24.26,126.58,3.23,93.78,69.75,98.73,196.27,388.99,40.36,63.49,195.06,70.27,46.15,186.76,188.57,159.27,21.11,45.52,209.5,81.67,23.73,34.38,62.57,77.06,24.61,314.67,130.77,70.12,126.34,61.32,22.68,2.38,214.96,47.4,172.94,81.72,7.87,87.71,311.81,44.63,46.4,188.58,12.72,28.78,91.16,48.34,122.91,37.29,22.81,81.26,100.26,70.58,88.84,68.04,48.32,318.83,42.11,29.74,6.91,24.78,20.96,18.29,67.63,250.55,127.84,46.08,61.08,0,86,90.16,83.32,80.91,83.84,0.0,,0
2422,32.78,108.12,3,1,1769,34.38,40.34,3.0,423.76,240.03,24.08,75.78,14.26,211.86,5.72,144.87,113.91,163.77,123.58,32.7,11.71,138.45,60.23,68.05,171.17,58.62,204.94,16.93,33.95,8.0,59.0,55.54,36.48,42.79,55.42,215.97,287.26,9.53,41.85,13.03,10.65,150.32,23.25,63.35,16.23,19.89,209.99,88.7,171.75,237.03,174.15,67.1,123.93,87.16,36.18,238.19,39.77,192.6,67.08,77.94,18.98,5.62,136.68,2.9,10.23,38.56,78.86,253.01,349.03,98.73,180.27,8.24,172.35,73.74,26.79,62.34,120.18,45.97,170.94,201.26,290.02,350.93,137.7,485.63,67.73,22.26,7.43,63.72,8.74,25.54,337.86,2.27,5.89,40.45,85.23,0,84,103.58,103.15,89.11,127.06,0.0,,0
2423,17.65,661.69,3,8,27555,160.78,199.82,6.43,0.25,92.31,6.23,228.66,69.16,92.03,6.25,2.83,50.0,32.47,149.41,52.86,174.16,31.61,35.61,127.05,129.13,24.41,172.23,299.82,3.52,144.16,0.07,106.3,8.03,52.15,163.65,38.33,59.15,54.46,25.76,23.36,10.3,31.28,9.23,234.52,6.9,20.28,40.05,300.23,14.2,322.29,175.33,17.96,0.47,91.45,171.22,39.81,57.76,313.63,35.18,158.98,324.48,86.48,92.94,20.96,65.87,19.33,101.01,44.39,173.34,309.28,26.37,122.4,103.61,285.49,64.92,170.33,74.06,104.78,69.1,86.91,155.83,113.58,280.49,97.67,81.72,157.12,3.82,98.98,98.27,38.94,43.1,24.03,91.8,101.98,114.17,1,11,96.9,86.75,87.38,108.56,0.0,,0
2424,21.17,739.9,2,2,22505,50.58,92.59,69.73,61.54,38.43,61.76,10.43,138.1,400.25,149.51,115.46,39.68,32.52,79.62,8.0,261.56,1.81,111.47,27.06,7.68,72.31,21.25,96.42,205.49,102.15,5.19,286.12,83.63,97.97,50.13,220.67,156.72,3.01,101.71,100.87,79.8,40.52,87.01,55.36,63.12,351.78,142.12,92.66,276.12,18.21,89.6,34.29,146.85,60.59,34.36,166.77,91.07,5.11,152.49,36.66,21.25,158.92,14.28,231.75,28.74,73.98,121.29,119.72,135.21,180.6,341.27,89.15,294.96,106.86,169.66,113.74,53.76,150.4,0.32,189.98,67.29,17.44,37.07,159.32,29.92,42.94,10.49,145.9,12.6,11.77,125.76,214.27,105.83,137.26,37.89,0,75,101.53,85.3,92.62,109.89,0.0,,0
2425,20.21,444.64,8,9,5073,7.0,31.95,115.83,117.47,157.33,34.17,74.07,124.24,39.66,3.53,40.07,86.7,224.21,288.23,63.5,72.43,210.6,228.48,404.52,5.99,53.69,58.46,383.29,224.93,7.77,43.26,28.35,144.01,50.27,34.25,31.31,111.08,108.92,167.64,95.05,287.04,4.88,33.43,76.76,12.6,43.36,53.63,1.75,66.34,229.46,30.19,51.47,127.84,14.03,72.79,41.15,117.25,65.94,179.33,1.38,29.84,19.26,52.11,164.85,101.22,102.68,99.31,198.63,47.53,165.86,37.7,41.47,223.21,55.57,61.15,404.27,124.02,5.8,65.23,45.48,215.52,96.41,121.69,225.49,65.79,22.1,539.21,52.89,108.76,85.97,46.41,186.81,133.83,25.57,173.76,0,22,105.87,100.15,111.94,125.94,0.0,,0
2426,0.0,712.21,2,5,6324,74.76,344.08,106.23,277.69,62.14,241.7,251.85,9.77,171.61,74.4,53.35,64.14,65.27,65.25,47.36,43.36,0.03,43.64,132.23,75.6,63.89,7.5,17.86,113.85,110.27,13.53,175.62,77.81,60.15,116.42,39.59,16.12,104.45,154.69,13.68,10.12,35.99,87.51,28.07,32.84,6.36,583.58,173.09,1.16,51.07,89.2,38.41,186.53,3.1,13.81,273.68,186.36,119.79,34.68,11.07,192.35,41.75,72.58,70.17,31.83,43.24,45.16,39.86,13.23,185.08,99.14,8.5,174.34,66.22,43.99,227.33,10.69,106.46,43.86,95.01,146.72,125.98,364.13,37.57,88.52,195.15,92.97,182.28,48.47,109.39,4.77,27.83,188.98,56.34,182.29,0,43,96.87,94.56,98.71,101.78,0.0,,0
2427,21.04,198.35,2,4,7453,165.59,61.02,46.48,67.3,37.33,3.33,294.25,5.66,60.57,26.45,128.45,15.8,245.05,360.11,69.13,140.64,40.91,149.45,55.79,15.32,17.01,137.97,15.06,44.55,36.16,25.98,33.24,360.32,26.98,76.32,89.09,1.4,105.99,6.48,172.48,38.85,50.67,256.63,14.9,122.8,20.27,87.52,4.19,31.0,43.49,357.26,17.81,77.18,39.85,343.28,32.52,110.39,48.79,48.8,28.71,69.69,48.64,143.14,438.73,90.81,109.79,114.13,52.11,132.87,107.73,136.45,62.68,15.0,255.62,129.53,125.97,27.16,37.39,3.33,97.6,41.74,23.05,27.6,21.95,16.15,79.95,210.07,326.09,133.22,246.96,8.62,42.12,232.33,28.12,224.78,0,25,97.49,98.66,92.07,102.34,0.0,,0
2428,17.12,433.67,4,4,16985,40.91,73.52,307.8,15.06,164.31,66.17,37.16,207.75,88.36,63.47,99.25,80.53,23.22,159.21,1.17,67.44,275.31,41.02,17.52,63.45,19.5,138.15,46.4,95.41,47.96,81.49,14.18,7.89,34.71,408.6,17.08,28.03,177.75,70.33,147.61,137.69,5.62,75.61,108.43,55.09,119.56,2.73,307.13,198.01,9.9,16.38,5.35,70.83,63.67,93.81,65.98,58.87,35.8,80.77,159.89,33.27,101.28,68.57,33.18,197.18,46.36,28.23,30.56,0.4,49.97,39.44,235.8,5.09,23.56,45.72,227.24,144.53,72.58,104.63,177.34,127.12,44.37,48.09,78.99,214.92,15.66,26.25,78.93,177.22,130.44,302.29,155.82,76.14,22.68,73.53,0,57,90.4,81.34,92.9,93.46,0.0,,0
2429,28.7,462.0,10,5,21937,173.63,88.29,349.71,110.09,31.72,427.08,15.34,22.11,24.86,217.36,119.07,3.47,20.1,198.32,59.51,139.3,7.07,180.21,24.95,41.8,78.84,44.77,571.97,109.56,10.95,16.55,29.14,21.43,44.61,285.04,45.82,117.32,500.25,39.04,13.67,37.21,202.77,40.27,112.9,83.84,87.76,307.17,10.26,206.32,86.62,59.72,119.91,22.3,271.41,17.72,47.15,83.67,6.57,128.46,155.61,26.49,153.44,169.83,61.78,158.38,269.13,96.69,466.48,9.0,12.46,13.07,39.62,22.15,16.66,18.95,75.81,225.38,113.83,66.45,192.34,120.11,64.45,43.73,307.84,182.84,77.85,74.71,6.25,68.24,35.42,12.07,45.51,59.9,282.12,43.56,0,10,110.04,117.1,115.56,102.09,13.47,,0
2430,54.8,258.91,5,7,10520,115.59,28.26,37.78,41.53,50.07,112.96,270.79,26.07,24.14,73.08,23.03,204.87,74.38,136.11,434.01,52.19,52.72,229.69,72.48,89.05,101.4,4.19,112.06,4.25,90.53,146.01,75.26,181.72,15.64,283.67,73.67,49.72,5.13,18.5,90.67,273.26,5.92,19.11,11.15,138.15,124.25,3.75,160.49,49.0,9.01,43.99,46.09,440.88,88.01,32.56,255.64,54.18,80.36,56.51,41.95,19.23,3.88,22.08,71.94,50.76,231.29,88.7,45.67,133.15,6.65,95.12,153.38,16.91,137.09,60.14,24.8,316.68,41.9,113.67,73.62,28.31,133.22,396.9,69.13,68.4,46.39,23.27,2.51,167.44,73.9,36.41,106.04,2.24,33.03,671.81,1,52,98.9,111.78,105.45,113.26,0.0,,0
2431,45.87,367.7,5,6,19715,235.78,17.83,108.5,185.69,61.0,9.63,34.01,154.87,23.74,113.16,388.24,37.91,231.62,44.77,30.12,106.71,137.92,18.09,56.31,199.92,1.64,51.95,10.87,65.03,45.4,45.74,5.48,100.41,3.72,24.78,86.28,35.22,133.36,2.71,0.52,11.13,70.73,109.06,20.13,124.9,171.17,63.71,108.29,13.7,98.85,45.1,84.73,11.28,44.88,80.34,50.69,4.0,198.58,60.93,148.6,83.97,154.07,63.37,47.09,103.36,198.36,236.75,17.29,22.3,23.29,103.63,31.11,50.59,34.88,175.58,42.21,258.13,96.13,80.74,302.55,14.37,69.82,50.63,328.87,115.14,310.99,57.16,30.17,102.97,19.54,0.03,66.75,131.12,38.83,72.25,0,18,87.38,81.5,85.03,102.74,0.0,,0
2432,4.41,517.77,8,1,9993,83.77,67.87,43.56,69.12,339.55,223.01,96.56,25.66,58.65,44.58,43.31,140.66,141.52,24.54,16.27,34.89,22.79,77.21,191.94,6.98,83.97,33.82,11.17,46.27,27.24,1.65,51.62,61.04,275.93,497.06,270.26,38.0,39.27,69.02,21.37,41.97,89.6,58.44,22.34,36.17,59.01,217.04,114.19,98.72,1.54,18.49,32.37,221.1,125.85,20.88,228.36,47.39,73.99,115.8,2.15,34.21,89.47,155.31,59.53,60.97,268.93,68.61,88.48,309.52,76.6,185.13,39.37,136.37,52.95,342.32,187.34,2.16,110.7,58.25,7.96,146.4,95.02,91.71,48.99,17.01,53.1,1.99,6.82,36.95,20.66,69.44,46.38,32.09,16.01,17.87,0,29,88.22,90.84,94.74,87.84,6.9,,0
2433,0.0,769.39,6,9,29816,63.36,30.5,47.03,146.2,37.2,26.59,396.06,19.52,111.43,25.65,48.44,19.45,63.96,27.59,26.65,551.39,83.16,216.2,99.73,28.04,21.24,7.77,62.28,300.46,24.98,5.62,120.37,343.03,211.27,2.8,57.55,311.65,125.8,100.87,31.88,119.95,32.11,59.92,35.48,59.41,35.76,114.63,31.2,241.07,35.7,129.19,44.79,89.82,83.14,73.66,10.87,172.04,161.33,104.16,634.0,145.16,387.03,154.27,28.38,43.72,52.81,21.41,27.28,122.64,2.31,15.61,288.15,223.33,29.91,38.02,43.65,12.63,94.31,53.74,116.43,136.91,103.17,0.65,112.6,32.08,83.4,455.02,60.44,37.77,16.72,24.11,78.81,176.46,47.7,55.62,1,63,104.29,119.7,105.6,85.46,20.14,,0
2434,36.29,701.15,6,6,98,223.68,140.16,12.9,23.89,106.75,51.2,376.48,445.96,3.98,47.42,40.96,0.35,142.0,11.27,30.48,57.65,82.85,122.43,388.68,25.89,113.52,122.57,85.95,97.93,30.15,54.42,175.86,2.96,81.43,2.64,28.8,78.66,51.9,118.97,12.84,7.66,48.52,20.8,91.97,107.68,18.15,69.46,197.07,96.69,131.04,109.3,21.74,74.12,100.16,10.53,12.71,61.38,29.95,110.05,28.03,209.05,27.68,157.76,16.44,234.84,35.09,296.07,157.5,9.51,190.8,175.22,357.68,110.49,39.78,79.0,251.26,23.77,86.29,19.78,182.13,67.72,104.18,195.93,40.13,24.4,169.16,10.09,40.08,100.95,336.75,94.79,162.61,28.69,17.73,106.34,0,72,98.89,95.02,103.41,117.13,0.0,,0
2435,38.71,472.66,3,4,9512,25.12,100.21,30.81,143.03,16.68,123.01,31.26,129.98,101.36,283.53,297.23,4.42,71.87,19.16,52.13,41.19,87.87,15.39,299.14,46.22,39.95,204.04,125.65,107.16,13.76,7.84,426.58,89.95,29.65,148.16,236.07,33.42,173.37,163.26,24.59,75.93,56.08,258.11,36.45,275.29,6.73,118.57,200.57,32.33,88.07,41.77,19.09,83.08,114.97,35.4,7.85,135.26,179.73,110.25,20.74,108.91,77.93,229.83,32.09,61.35,121.02,141.42,35.44,65.02,155.72,197.01,51.48,2.43,203.64,35.82,18.14,30.33,116.76,93.07,52.85,76.13,153.61,23.39,0.04,406.86,9.78,132.11,7.5,19.44,31.98,106.44,90.83,55.1,297.47,91.63,0,76,99.69,90.94,103.75,94.08,9.66,,0
2436,65.08,0.0,10,4,18073,586.28,98.23,10.83,53.78,66.97,421.22,85.02,49.19,91.09,262.96,558.06,15.87,52.03,76.56,23.0,83.03,21.21,17.6,272.4,518.0,14.23,199.39,13.05,49.16,77.05,25.87,154.38,37.67,23.12,7.18,159.26,79.04,274.81,42.41,38.31,71.49,79.62,333.49,658.17,260.58,16.59,25.69,676.6,17.13,57.64,236.79,5.14,63.47,70.51,19.68,184.07,42.84,31.97,103.85,19.0,13.94,31.01,86.53,293.04,138.88,35.72,22.98,179.87,340.91,6.52,86.57,138.0,34.8,58.71,12.38,188.07,345.59,161.58,5.09,154.11,103.96,21.66,4.0,61.66,53.08,23.28,9.33,23.2,119.15,268.68,77.0,18.36,293.03,31.52,81.8,0,62,122.85,150.13,132.15,98.69,33.46,,0
2437,44.35,835.4,3,4,108,85.56,37.08,326.65,36.89,354.74,7.43,58.38,83.93,79.59,45.29,72.31,111.19,21.21,116.71,58.59,33.19,183.93,100.72,151.48,57.04,24.38,301.66,66.44,234.66,9.57,25.69,64.44,16.9,20.5,24.22,5.31,9.41,141.44,29.86,129.98,50.62,77.04,11.86,62.74,9.49,14.88,104.56,5.44,253.38,145.53,76.68,206.22,69.81,49.74,10.45,20.8,98.28,66.88,31.32,23.94,23.74,80.46,467.36,157.61,32.44,22.08,70.13,421.3,57.29,114.97,6.93,43.97,276.42,16.44,77.99,35.0,66.75,2.67,53.04,72.61,112.62,79.05,466.03,135.49,329.4,79.49,392.05,109.77,13.47,69.48,60.85,150.56,22.11,17.95,17.18,0,37,96.34,106.76,93.68,113.1,0.0,,0
2438,18.96,555.61,2,9,15958,78.57,185.65,57.97,297.17,45.58,71.96,51.22,13.33,42.9,54.71,11.01,10.52,121.36,25.84,55.17,145.49,151.09,80.65,54.21,69.45,171.56,242.14,54.56,33.02,134.47,37.84,252.25,199.34,115.63,34.14,21.13,7.85,43.58,59.16,90.88,208.34,10.7,36.87,22.13,28.49,17.74,1.31,42.05,108.1,17.85,67.08,61.29,49.92,71.89,17.38,11.91,46.83,12.7,35.21,204.67,184.92,21.37,18.7,2.23,300.88,128.19,101.57,25.51,91.87,77.68,416.9,46.69,77.7,27.25,185.56,77.78,327.78,26.75,118.13,324.92,32.45,118.79,29.11,10.25,64.87,13.67,167.2,79.4,112.44,17.07,304.69,117.95,4.98,213.69,0.48,0,58,89.59,88.57,96.63,111.38,0.0,,0
2439,26.72,282.92,4,6,28184,2.68,69.3,24.61,37.21,70.32,157.44,97.61,105.52,149.18,75.28,116.26,446.38,48.97,19.06,47.89,60.57,2.67,140.92,71.06,7.1,70.18,47.74,192.73,55.1,56.2,1.97,247.7,5.0,90.76,2.67,53.55,88.71,75.12,71.74,3.89,124.7,9.03,73.63,5.69,304.16,107.12,43.71,170.93,65.65,37.18,130.11,123.84,68.05,0.13,201.84,47.94,10.72,155.5,110.79,162.57,125.06,83.42,163.55,1.13,45.11,3.74,49.61,143.97,11.46,93.33,74.38,15.06,1.83,12.77,19.42,94.9,172.75,136.28,24.45,147.71,85.57,211.69,142.54,15.74,22.2,155.83,4.78,88.61,101.96,58.67,183.92,112.37,55.5,7.86,10.18,1,21,82.71,74.6,84.0,75.3,8.7,,0
2440,30.13,184.85,2,8,9952,123.08,34.28,45.66,33.6,8.35,68.05,44.23,16.91,69.65,3.05,23.67,39.71,55.96,50.75,42.53,128.91,50.51,129.43,1.86,85.27,153.85,59.02,492.47,251.04,78.13,90.0,47.52,22.69,329.03,7.79,10.77,37.25,16.74,183.58,180.12,109.02,72.21,142.33,422.07,466.02,41.8,61.83,288.22,3.24,183.63,236.17,189.48,138.32,50.46,116.56,151.5,47.79,160.07,98.51,139.46,25.58,95.36,95.24,18.44,87.76,79.61,61.71,162.31,19.05,186.67,145.61,45.02,147.11,142.85,152.12,184.44,114.27,155.6,224.58,181.12,32.42,29.8,59.54,147.38,21.77,15.62,66.19,86.27,465.34,186.96,25.47,102.19,128.11,112.49,442.31,0,35,115.34,107.67,86.23,130.8,0.0,,0
2441,39.02,7.21,7,1,18762,28.89,0.29,41.5,149.83,80.57,16.17,7.66,78.09,372.26,79.97,415.87,89.84,15.66,56.34,21.19,37.17,182.37,92.92,17.88,10.97,120.05,294.79,19.27,27.99,32.95,274.79,24.76,80.37,48.61,78.25,46.44,171.76,78.81,93.1,0.03,15.38,29.87,215.09,352.26,24.78,295.99,139.44,73.51,91.39,38.75,47.82,3.75,210.61,15.06,69.42,225.81,365.91,62.87,60.75,420.56,314.86,53.07,77.52,99.82,125.78,72.07,68.16,110.73,64.32,38.16,467.38,14.98,203.65,103.23,43.45,121.6,116.91,157.99,105.48,237.55,102.67,55.22,312.05,7.9,55.42,180.93,142.72,221.26,125.84,114.73,42.65,16.02,105.8,17.87,41.39,1,83,112.06,108.19,93.24,115.6,0.0,,0
2442,31.81,400.65,2,4,15511,16.67,266.27,11.29,36.31,138.89,87.24,11.04,4.86,315.49,19.14,43.99,56.06,83.38,39.13,11.56,94.12,417.5,67.84,130.87,43.17,41.03,40.36,128.76,15.5,340.33,77.42,57.69,63.31,438.59,67.02,222.94,156.44,4.99,17.99,47.03,9.83,138.58,23.3,264.68,147.0,211.53,67.83,8.24,40.35,15.02,249.94,7.06,22.35,147.31,121.43,106.01,50.34,139.64,7.43,28.7,18.63,4.39,83.4,336.05,43.08,17.3,108.83,22.4,182.38,19.13,73.05,20.71,80.24,18.37,441.75,152.87,60.46,71.92,272.74,155.4,164.21,122.56,35.42,205.1,134.56,144.43,45.27,24.53,22.8,239.68,55.16,5.34,6.69,23.73,93.93,0,36,99.19,103.17,105.49,100.7,4.79,,0
2443,67.05,229.95,5,6,20448,56.28,94.97,46.11,84.86,369.89,41.31,187.17,26.81,213.08,9.65,97.49,16.7,43.16,111.33,47.99,51.97,36.41,9.24,61.17,129.86,13.17,9.12,28.12,194.19,6.71,112.3,53.91,187.88,152.81,207.87,232.34,121.7,268.95,17.84,62.71,55.51,19.61,80.94,32.28,153.59,72.54,216.57,197.39,146.95,43.93,5.25,190.68,121.9,59.38,8.99,40.28,179.56,13.75,124.0,119.87,393.84,61.5,22.05,11.39,291.22,135.25,170.44,119.01,311.98,173.93,115.83,21.58,109.2,7.61,112.18,19.65,7.34,57.54,105.4,214.27,113.93,9.87,30.11,72.71,119.02,317.26,534.52,10.01,72.16,151.68,203.68,164.12,17.28,28.18,97.83,0,70,107.68,98.77,90.05,120.78,0.0,,0
2444,39.39,841.67,7,9,20154,78.3,262.41,286.66,32.08,10.52,121.36,69.48,217.4,59.04,105.56,103.68,34.98,31.17,32.33,21.75,14.67,748.34,57.64,99.48,38.37,76.66,3.23,121.75,88.93,9.42,99.56,109.85,138.66,106.99,165.23,68.74,56.63,148.85,12.06,66.0,18.79,32.48,35.01,83.89,10.76,114.62,70.63,239.53,35.24,118.9,42.7,135.16,305.98,87.35,42.66,66.56,51.73,40.25,118.22,148.54,13.55,31.43,82.36,33.81,87.21,2.68,93.76,19.53,112.95,26.26,325.57,133.15,16.4,5.25,37.97,225.16,21.47,207.71,17.3,66.85,327.26,61.51,95.98,134.76,47.31,33.99,105.16,92.09,54.84,39.05,42.42,151.0,23.51,181.28,4.02,1,48,93.9,101.93,111.52,90.21,21.31,,0
2445,17.67,877.03,7,5,8548,82.38,305.53,263.18,55.3,37.55,162.82,58.64,107.91,53.0,75.07,4.59,11.08,202.37,62.21,194.58,216.02,4.98,98.53,48.47,72.54,88.33,9.4,33.14,191.19,159.16,36.35,75.71,2.02,116.37,70.16,107.11,0.69,112.2,16.55,59.37,177.88,182.69,11.43,123.53,36.99,10.83,57.54,166.03,485.01,28.51,31.62,77.37,191.06,100.82,76.49,23.49,84.67,37.81,140.39,92.1,114.63,33.18,40.22,127.17,177.39,145.1,166.2,4.9,117.93,117.01,89.7,14.86,76.67,9.35,132.92,36.73,95.62,1.56,6.01,55.19,3.78,36.17,18.35,51.14,112.15,386.43,14.81,127.23,367.14,35.85,174.81,51.4,19.6,138.08,80.49,1,18,94.56,88.13,96.62,89.57,7.05,,0
2446,31.31,340.01,9,6,3653,181.9,28.63,263.76,162.33,133.45,136.0,147.5,43.05,70.72,111.06,55.98,120.44,134.59,85.68,81.98,58.21,88.74,72.39,33.22,218.57,217.61,70.46,219.58,132.32,198.22,47.91,144.14,119.89,7.63,411.17,318.23,2.77,29.1,196.61,38.6,156.88,31.53,7.79,285.62,53.05,10.57,141.15,9.92,64.27,43.08,139.08,42.42,45.25,185.23,43.34,134.24,59.28,15.14,54.63,156.05,1.82,2.0,148.94,25.85,76.7,4.08,52.69,178.46,39.54,101.14,95.33,161.79,61.47,0.81,104.11,32.65,174.31,91.41,20.14,174.15,215.72,116.66,223.16,142.32,21.47,134.73,8.6,149.07,4.37,25.79,55.92,69.51,12.85,13.56,73.69,0,21,98.62,80.2,126.57,85.32,41.25,,0
2447,31.24,408.6,9,5,29826,189.72,37.22,31.0,21.36,278.4,14.16,351.46,9.86,59.47,11.89,10.7,26.09,75.88,34.36,15.85,110.39,11.45,186.16,31.93,2.41,40.36,12.17,242.86,138.3,110.51,66.49,12.73,108.52,62.9,37.24,128.24,25.47,81.79,9.92,5.97,48.18,9.16,107.41,148.35,34.82,82.49,155.42,178.37,29.55,5.05,119.26,41.51,19.02,200.14,115.58,165.44,155.63,92.56,360.71,124.56,2.76,45.34,295.33,12.17,26.23,43.36,26.0,24.4,190.93,18.45,402.47,124.62,5.44,43.63,37.26,142.26,18.09,120.55,48.58,19.21,20.24,95.02,31.03,186.04,44.21,436.27,7.29,32.08,138.92,22.53,20.71,60.7,8.33,184.36,101.38,1,80,86.92,93.65,78.06,88.48,0.0,,0
2448,16.1,598.24,7,3,21349,323.04,270.77,15.83,49.52,93.45,37.59,261.36,94.02,38.96,17.88,119.21,631.38,18.26,45.08,130.5,10.65,59.05,108.66,39.04,21.31,187.06,317.07,101.79,133.38,195.59,116.38,74.78,78.19,119.86,98.1,35.84,48.06,45.95,61.28,50.13,0.45,97.2,48.11,141.99,78.25,98.25,11.0,88.82,23.46,4.97,104.18,18.97,8.13,19.68,74.08,11.47,334.58,142.93,146.47,2.32,163.31,218.23,27.41,46.13,90.37,143.52,116.66,271.22,3.96,88.37,114.1,0.1,394.26,345.93,60.69,100.02,32.01,327.61,353.48,133.52,43.25,48.2,51.74,12.48,172.18,58.34,50.96,118.21,1.15,105.38,16.99,45.81,88.2,0.43,41.95,0,40,104.34,108.7,126.93,111.36,15.57,,0
2449,21.62,491.89,3,2,14614,71.59,267.95,151.99,21.29,114.77,91.12,90.91,21.17,14.97,135.95,7.33,197.06,49.36,47.67,0.2,27.45,70.93,39.93,61.08,82.36,73.36,45.58,44.45,72.05,351.05,60.57,38.24,57.55,116.84,217.79,67.58,172.14,8.0,8.42,21.79,9.98,11.51,192.45,267.89,149.98,251.84,535.48,374.9,302.0,33.45,4.87,8.89,122.49,145.14,91.79,4.99,141.42,77.04,129.87,310.27,6.48,329.25,14.29,72.51,101.1,19.66,142.42,24.33,81.93,160.66,10.46,35.04,84.07,153.0,389.81,46.7,54.3,71.36,28.3,21.48,50.71,146.33,34.4,244.59,214.91,49.88,112.42,145.25,8.88,24.8,110.51,5.34,215.37,73.49,201.42,0,78,106.36,104.3,88.08,98.73,0.0,,0
2450,48.33,786.16,5,4,8923,17.95,63.14,215.1,195.01,539.63,79.85,87.63,95.15,37.2,56.01,149.6,114.31,3.55,5.03,33.56,146.5,226.42,93.75,11.2,140.05,47.79,167.4,105.34,19.8,90.63,127.73,19.27,159.41,118.74,15.03,4.66,242.33,97.81,42.39,159.29,74.31,59.49,8.81,272.52,21.27,120.59,43.56,165.95,20.85,224.07,109.89,66.09,43.54,163.59,94.95,80.09,200.47,22.65,306.48,152.22,148.53,34.86,20.4,128.0,94.27,97.93,31.69,45.72,6.39,130.92,28.3,30.47,27.5,10.08,77.28,350.0,99.88,176.06,138.26,18.39,30.86,12.88,80.86,39.44,85.36,156.97,65.34,115.82,85.89,7.22,19.8,134.18,11.76,70.59,227.4,0,87,97.99,87.67,106.06,80.44,25.62,,0
2451,36.27,610.45,8,3,19753,81.92,341.15,70.93,21.24,29.01,48.55,635.23,49.04,112.74,161.51,6.69,0.34,155.56,352.16,418.68,771.98,1.29,108.68,259.02,29.79,49.06,19.93,89.99,134.03,239.48,79.88,34.68,69.38,241.73,30.91,7.41,141.39,61.46,75.02,75.91,132.24,27.37,115.62,4.16,15.24,223.13,22.0,193.41,19.41,64.19,12.21,21.58,132.8,14.83,151.97,314.81,113.81,477.63,7.91,148.41,31.91,161.44,28.91,150.53,233.27,33.12,120.5,40.34,25.49,5.41,166.15,21.59,88.47,240.02,49.98,287.94,138.79,227.22,54.06,161.4,43.25,31.0,71.18,99.65,18.36,172.55,109.84,266.04,944.19,41.42,58.46,38.6,41.36,100.2,60.49,0,81,128.68,158.2,154.82,125.24,29.58,,0
2452,27.9,363.06,1,6,7224,248.7,63.98,21.59,44.96,42.21,80.19,39.6,65.86,72.57,23.6,2.11,184.13,99.12,48.31,38.62,103.55,331.92,17.4,189.43,53.18,230.36,115.42,582.03,8.68,217.47,14.27,108.65,111.55,72.55,128.93,148.14,131.18,20.69,523.77,139.16,1.87,195.59,283.71,115.74,162.23,65.05,48.64,64.79,82.03,13.22,88.6,2.64,10.82,92.73,17.36,83.24,31.44,157.1,174.92,64.01,51.99,45.06,189.8,52.51,144.41,318.55,54.33,8.05,81.87,5.71,307.14,8.45,214.64,8.23,69.28,148.61,34.01,91.6,170.26,17.1,156.98,56.55,132.78,52.1,132.22,9.31,8.1,43.19,28.9,4.39,167.71,11.26,4.42,70.55,1.93,0,37,99.8,104.12,112.03,80.61,31.42,,0
2453,33.94,511.3,5,4,21151,292.18,122.3,80.47,20.94,53.5,173.71,99.08,293.84,36.57,18.83,195.85,516.55,71.15,161.54,83.56,17.59,102.14,163.89,5.6,57.15,7.2,38.51,330.32,17.26,82.9,67.94,324.08,25.69,32.67,164.9,97.51,126.19,327.87,179.08,6.76,243.89,50.13,158.07,141.55,229.09,30.38,77.96,40.14,53.05,72.52,15.96,17.69,92.91,116.05,43.14,107.74,13.35,157.42,107.84,87.36,130.75,252.41,183.55,13.39,24.56,50.24,121.83,132.29,41.67,103.24,11.62,59.87,19.56,143.58,174.32,145.32,89.61,72.26,114.97,38.94,23.39,82.82,121.83,21.23,48.64,63.16,48.7,253.02,14.69,0.36,3.84,120.87,134.02,121.26,170.22,0,54,104.48,91.68,121.93,84.91,37.02,,0
2454,42.72,740.47,4,6,13155,99.57,12.81,1.01,69.74,78.65,177.16,28.76,24.9,120.64,302.29,351.61,208.42,225.41,73.33,198.8,164.68,480.99,109.24,210.33,801.17,36.91,39.36,76.33,3.61,113.56,100.04,90.6,320.61,30.9,48.08,176.7,167.86,64.81,109.43,352.29,6.72,33.98,52.53,553.09,89.71,10.29,63.4,243.78,124.83,2.97,6.92,96.35,4.14,140.49,6.44,20.84,163.58,47.15,84.08,140.13,175.01,47.18,2.42,24.65,39.3,32.26,327.02,284.21,107.07,19.95,10.31,218.44,5.86,321.34,118.07,11.58,38.72,170.28,120.16,12.62,88.47,237.55,15.43,1.63,77.49,52.35,33.78,178.93,178.71,43.2,84.99,179.37,41.23,17.56,97.75,0,19,119.74,131.39,153.32,104.21,49.11,,0
2455,26.7,538.72,2,4,6345,89.66,34.06,41.41,32.78,118.19,29.32,19.69,36.94,15.44,132.59,36.97,11.66,228.62,117.33,34.68,53.15,37.75,80.42,13.16,10.56,111.22,1.43,70.53,112.4,147.6,147.73,227.24,136.0,2.42,39.31,31.23,218.59,5.47,421.07,26.49,32.74,246.42,52.53,100.05,20.42,101.29,69.86,185.96,142.86,15.56,118.85,262.85,43.86,346.57,80.19,19.83,117.89,329.93,25.87,1.89,103.88,197.64,100.45,94.32,83.85,272.51,73.48,256.87,6.3,36.29,13.92,27.21,44.22,201.54,34.22,31.18,91.78,686.4,250.03,82.03,25.0,197.3,77.41,76.08,1.71,8.53,237.06,48.8,14.22,300.22,75.55,33.46,148.73,18.14,19.34,1,35,101.76,110.27,72.34,112.98,0.0,,0
2456,24.17,1077.28,1,2,14199,74.34,271.85,47.68,104.67,39.44,50.66,99.71,197.51,43.01,10.54,74.0,78.37,191.82,54.22,101.85,20.46,88.11,9.78,142.2,84.27,34.29,167.62,308.21,33.31,257.23,319.92,35.11,71.63,53.15,78.14,281.54,3.15,79.94,183.58,35.66,287.93,289.38,85.33,15.31,67.81,169.55,74.13,113.46,230.92,349.28,100.69,27.55,351.96,0.7,1.8,9.36,169.34,75.07,24.24,236.14,145.23,122.87,54.67,94.76,27.94,144.0,34.38,134.14,179.04,18.25,38.24,104.92,45.7,131.46,24.59,72.07,49.47,37.49,147.78,73.66,141.06,42.85,178.48,29.78,122.27,63.25,47.09,13.49,405.04,27.52,203.56,10.52,19.93,71.82,45.68,0,47,105.67,92.89,104.77,88.58,16.19,,0
2457,48.59,623.06,5,1,26688,9.48,13.58,92.21,130.1,46.6,96.08,132.85,93.84,51.04,10.84,34.64,12.33,75.82,76.46,361.39,42.93,1.26,35.34,72.38,45.84,42.84,97.65,172.57,10.89,181.14,225.94,77.44,79.02,9.04,161.88,90.61,132.36,14.04,44.54,293.73,56.44,65.2,64.81,245.39,17.27,46.19,146.55,69.13,39.61,42.4,130.48,61.93,76.54,42.1,156.77,94.16,75.7,179.53,27.8,31.75,45.51,7.34,1.11,40.9,8.66,42.89,114.05,0.78,46.75,242.96,65.2,38.84,51.48,69.99,30.04,4.3,40.9,138.41,2.65,36.03,102.96,230.85,30.92,3.82,301.08,192.41,14.0,37.02,12.53,142.8,151.05,20.83,30.64,103.61,92.27,0,13,80.38,74.28,83.11,79.73,3.38,,0
2458,26.48,564.39,3,2,7665,34.4,134.97,45.27,238.63,97.3,381.01,19.49,14.69,78.91,1.86,7.6,41.62,206.79,156.18,71.16,55.4,8.74,36.67,14.85,184.23,19.65,11.42,3.77,418.92,257.95,55.7,15.35,405.71,338.42,97.72,155.18,157.1,38.04,98.21,43.54,19.85,103.07,109.55,152.42,22.05,47.48,13.96,121.06,5.09,74.04,102.88,173.22,37.4,215.04,13.06,33.19,15.93,9.11,38.94,35.74,89.94,58.65,128.8,20.72,296.55,51.84,134.49,111.77,48.42,54.94,145.17,160.67,104.82,108.2,82.79,102.73,31.28,93.87,151.61,168.2,22.21,16.82,504.45,137.2,121.71,35.14,108.17,26.78,75.58,59.14,198.09,309.6,26.41,234.54,146.34,0,87,105.08,102.43,115.15,119.1,0.0,,0
2459,27.28,432.9,6,1,4809,33.18,98.54,24.12,5.95,33.78,226.56,140.92,109.42,16.71,33.7,93.3,56.45,244.09,13.6,73.33,13.83,23.73,151.75,23.87,9.19,25.01,34.22,86.77,73.14,22.74,5.59,148.87,256.74,193.62,79.57,105.95,291.11,105.99,50.93,5.94,55.14,64.27,268.63,51.83,27.75,7.43,67.96,21.52,59.28,317.51,128.6,67.59,42.38,5.47,2.48,42.02,16.29,131.58,15.55,319.23,74.17,369.93,96.6,61.12,104.78,41.48,107.76,28.89,64.61,70.92,236.84,547.57,16.16,3.57,204.61,9.24,53.82,60.54,21.9,154.64,118.14,58.86,7.4,115.81,56.7,27.02,56.21,61.06,7.72,54.92,115.86,7.32,26.61,195.84,30.38,0,16,87.71,95.28,78.41,85.41,0.0,,0
2460,48.47,516.3,9,0,20786,188.26,136.28,222.74,25.0,225.86,172.65,6.46,153.94,34.48,101.0,59.69,71.6,39.25,163.91,212.65,13.13,122.9,184.08,28.31,234.63,330.05,103.15,128.17,127.77,41.55,330.96,5.23,144.11,312.48,68.48,16.2,72.3,215.83,87.89,62.83,115.72,44.09,85.16,18.42,55.12,32.82,41.41,184.45,17.39,16.89,7.1,133.04,273.38,37.15,120.26,259.33,13.41,51.38,16.01,14.29,228.93,10.43,49.65,94.53,88.73,53.34,44.16,205.71,51.67,443.01,51.0,51.56,3.51,136.14,90.97,84.83,225.85,47.25,73.88,171.32,13.87,145.66,46.5,19.26,25.22,85.32,56.55,81.16,115.97,119.6,50.03,39.41,213.86,171.72,17.71,0,51,104.32,89.13,132.96,97.87,35.09,,0
2461,26.53,462.73,10,8,10713,58.02,150.35,44.87,56.46,105.58,16.53,55.2,186.24,80.64,31.23,61.4,48.86,37.42,132.03,65.6,88.01,123.09,24.83,281.82,148.95,93.46,106.47,261.01,20.49,74.76,6.3,267.67,217.48,129.7,96.29,3.79,25.2,49.48,0.57,53.27,56.1,58.96,10.05,6.51,119.13,328.66,415.5,24.19,522.03,533.07,20.84,83.82,10.11,140.43,326.54,644.72,38.59,11.69,101.76,34.7,74.08,141.5,30.8,46.4,16.73,77.97,234.29,84.72,119.17,516.37,67.18,74.92,156.73,220.39,142.47,62.21,18.36,59.38,10.16,124.11,292.83,52.71,401.36,65.22,83.83,13.72,148.71,228.61,46.67,148.86,35.52,215.31,61.28,8.36,77.08,0,67,120.54,130.1,102.36,128.28,0.0,,0
2462,28.14,184.06,4,1,518,107.48,141.46,23.8,123.62,25.84,41.5,22.81,48.5,34.26,134.11,116.66,289.59,162.18,82.39,192.58,38.94,27.87,64.75,253.09,416.83,77.22,4.43,182.39,94.77,245.87,34.89,11.9,33.17,50.01,69.37,61.56,30.77,68.76,33.63,30.75,296.15,84.98,181.34,17.13,263.66,62.95,23.8,47.45,45.91,125.61,167.79,243.19,170.1,9.2,78.4,49.53,67.05,243.33,30.56,160.34,31.11,166.32,33.01,22.84,86.23,11.47,24.57,104.89,34.78,74.69,67.71,180.31,28.12,447.09,18.25,84.7,40.54,378.85,17.7,25.58,37.9,561.74,23.62,109.17,241.87,49.53,21.76,193.27,8.5,57.94,75.61,91.02,45.2,27.88,205.48,0,52,104.17,106.09,105.08,109.66,0.0,,0
2463,0.0,454.68,9,1,1574,40.1,41.99,54.36,92.42,22.63,25.14,143.31,40.0,45.35,171.73,396.6,199.48,11.13,48.09,30.14,116.0,20.12,67.66,0.9,149.02,99.45,78.58,40.52,257.39,84.56,145.88,137.79,344.99,249.22,49.67,256.57,10.25,53.23,33.55,9.28,14.98,36.84,257.13,43.4,46.68,49.36,268.6,70.12,123.66,119.91,51.32,167.29,59.39,215.32,74.8,94.46,29.51,53.88,54.07,159.43,83.82,0.03,165.7,46.89,23.75,169.12,188.58,238.57,102.97,15.99,86.18,72.32,149.98,55.77,366.6,20.45,224.99,206.79,152.16,20.72,6.53,16.29,150.97,238.94,0.07,175.55,40.01,100.03,372.45,251.74,233.29,133.04,105.43,122.22,435.82,1,61,114.79,99.44,106.81,148.45,0.0,,0
2464,26.71,532.32,3,9,16483,34.67,167.33,7.63,60.83,53.17,1.15,318.57,68.9,23.62,325.0,178.13,96.34,19.16,6.58,79.73,35.93,64.57,75.64,54.13,83.12,325.44,5.68,243.75,9.86,147.34,52.11,67.32,24.1,131.37,173.55,161.37,270.8,11.56,6.66,77.46,91.06,234.13,103.3,17.68,22.76,41.56,59.32,375.07,675.27,237.36,29.74,52.98,194.6,316.67,275.74,45.72,277.83,222.67,230.06,12.9,87.2,8.24,1.83,10.98,3.79,95.56,209.7,38.4,29.24,97.18,18.92,103.8,121.31,94.2,19.13,24.02,13.68,33.82,52.45,44.9,85.69,46.5,23.97,101.69,224.07,14.06,183.5,77.57,11.25,4.91,162.17,46.55,13.66,16.68,78.21,0,87,101.98,111.65,97.82,69.56,28.26,,0
2465,6.22,455.45,2,3,21099,41.99,212.22,88.67,27.57,42.24,69.88,57.85,28.93,55.19,138.23,63.74,89.62,2.0,150.72,48.17,143.19,103.43,35.62,9.61,52.98,23.87,108.18,116.85,185.15,14.07,109.57,88.88,56.4,67.05,49.2,3.21,99.19,5.03,142.78,106.79,43.96,85.79,116.52,150.71,39.49,12.34,142.98,29.36,3.09,110.81,5.67,97.44,21.26,324.22,144.33,6.99,8.06,66.19,365.91,26.09,85.39,126.19,79.47,6.0,5.9,22.64,0.45,63.46,146.8,19.67,3.99,28.73,130.85,2.22,83.48,391.77,109.34,0.79,14.39,171.71,176.12,0.06,340.73,6.94,67.31,186.63,16.4,6.46,25.36,8.81,550.47,6.44,2.18,351.82,110.78,0,25,86.54,98.75,76.04,101.56,0.0,,0
2466,48.89,556.2,2,5,7778,133.56,32.32,102.35,32.31,16.56,308.68,362.54,2.66,36.36,12.14,6.33,245.53,36.39,14.72,162.32,111.61,101.88,87.62,0.18,87.61,8.71,25.57,120.73,7.93,1.73,4.01,111.8,53.79,69.94,16.74,208.59,37.53,419.37,8.51,74.98,15.94,161.55,83.19,23.04,3.45,92.13,33.69,155.05,53.65,5.86,33.82,106.73,16.18,82.85,7.07,39.39,47.16,121.21,19.55,67.73,58.8,38.12,140.87,34.94,27.26,18.18,126.05,71.11,50.75,118.1,34.35,127.9,220.66,50.72,35.55,48.82,58.05,69.48,70.17,122.98,2.68,227.73,14.51,5.59,4.25,76.08,91.27,5.17,54.25,124.29,42.9,7.98,34.81,79.35,0.66,1,37,72.52,77.97,77.15,66.48,10.67,,0
2467,27.17,845.65,5,5,7242,4.72,43.67,47.07,443.59,82.95,64.33,121.72,95.73,8.95,50.59,23.6,10.01,44.21,64.41,40.55,113.34,25.34,23.69,82.0,250.8,9.96,48.69,65.6,84.96,37.55,95.8,278.64,80.52,562.87,8.26,7.06,6.54,39.41,428.05,540.45,44.87,47.52,85.68,24.85,231.76,2.9,178.16,273.25,169.28,113.16,22.67,175.45,133.55,129.92,27.74,19.16,110.0,46.01,62.14,95.71,176.33,1.09,142.38,6.72,25.24,46.1,20.56,70.41,15.91,354.83,46.9,69.11,80.86,212.81,103.85,40.58,30.94,30.77,56.31,97.37,63.2,253.08,151.44,304.11,166.31,227.57,1.48,16.82,65.78,66.86,75.01,179.09,0.04,101.04,27.46,0,18,102.86,114.56,97.14,99.22,0.0,,0
2468,42.36,311.65,4,0,19056,26.62,37.58,15.98,196.86,400.7,25.62,345.75,175.91,6.93,29.27,326.45,39.55,63.86,15.07,3.81,70.04,0.8,19.35,231.33,113.44,241.21,87.65,21.42,75.53,452.71,122.63,80.03,153.25,16.5,26.42,219.39,20.16,51.86,30.71,35.47,193.02,44.71,213.92,93.52,316.57,51.82,37.1,108.95,152.33,1.67,173.36,7.46,56.45,102.08,39.11,200.86,237.11,380.17,123.29,9.6,3.66,6.9,15.7,72.31,87.5,78.18,14.29,118.69,26.76,11.71,98.8,406.95,124.66,349.65,176.41,99.41,58.41,191.92,54.42,102.56,75.52,213.0,76.05,177.19,458.6,26.2,336.17,2.16,33.11,12.79,13.36,28.53,30.06,89.31,12.72,1,37,111.19,115.58,114.08,116.59,0.0,,0
2469,41.83,521.12,5,4,5363,110.53,1.39,1.96,63.17,41.8,287.77,158.08,4.3,23.26,282.13,107.17,26.82,122.86,282.0,151.19,35.65,54.05,39.93,80.0,279.16,3.24,173.27,76.32,164.65,1.66,202.07,43.86,386.55,373.52,11.93,24.37,26.26,67.65,192.31,259.42,99.3,94.56,126.3,3.2,140.18,91.81,60.0,97.89,121.51,155.77,67.34,16.59,14.49,112.58,73.73,92.03,49.29,256.59,50.68,72.42,81.32,12.28,116.67,146.39,41.66,329.56,99.62,3.18,47.32,21.77,83.38,49.96,142.2,126.54,130.63,22.38,12.27,40.73,0.81,78.0,20.28,82.91,51.78,163.29,11.13,6.56,130.49,40.57,95.38,34.98,200.03,64.0,83.7,64.88,164.94,0,43,97.31,87.27,119.68,80.11,39.57,,0
2470,22.35,159.06,1,6,25806,62.13,348.43,47.52,217.63,101.71,71.45,23.01,188.31,31.7,10.46,163.9,107.74,6.99,77.45,70.37,228.23,50.04,14.3,29.48,171.81,14.52,188.7,25.28,158.28,24.95,62.3,0.04,14.94,60.79,90.94,78.83,76.33,515.29,221.24,106.39,105.02,137.47,373.53,50.73,149.39,37.7,58.09,25.68,105.04,53.82,122.14,99.04,354.57,168.19,12.66,40.52,529.33,30.93,74.22,218.21,89.56,65.92,190.31,45.8,84.47,14.75,53.99,7.06,165.4,23.06,279.91,72.11,31.1,160.87,25.78,180.31,87.55,208.18,78.58,43.27,81.05,0.31,27.84,64.87,84.2,171.25,14.36,89.75,185.68,65.69,48.01,87.07,35.7,3.97,179.48,1,73,105.05,102.38,88.78,85.71,3.08,,0
2471,32.94,412.44,6,2,25744,23.0,14.26,236.66,61.19,126.67,70.49,29.79,301.1,49.49,104.77,33.34,164.73,39.4,62.82,100.86,27.57,82.07,29.22,7.68,103.95,1.14,55.23,25.67,89.73,188.87,118.31,43.83,16.23,17.12,102.65,130.84,67.45,96.41,64.13,75.74,84.97,106.24,268.39,26.94,26.11,80.79,70.87,8.89,102.93,133.03,97.29,94.16,94.55,77.36,109.59,9.19,0.55,139.38,75.28,63.08,186.98,14.56,371.78,392.3,35.44,92.96,11.61,23.73,242.5,233.6,141.34,16.98,143.38,111.01,11.73,0.97,131.62,98.92,82.81,372.29,128.74,457.61,269.64,76.32,132.12,183.29,124.08,264.71,250.78,15.76,18.78,1.09,15.67,267.72,98.76,1,33,105.04,96.69,77.59,134.02,0.0,,0
2472,20.02,464.01,5,5,17211,19.14,51.7,8.94,98.38,174.8,111.94,15.13,80.86,7.98,126.21,23.48,56.97,24.46,57.97,240.57,44.14,255.22,70.45,241.62,70.6,86.52,92.86,24.23,96.23,161.62,30.71,14.5,30.44,10.82,46.14,77.88,8.33,65.48,8.56,72.3,25.0,299.23,64.37,143.0,23.16,54.56,53.15,11.0,92.33,1.79,68.95,31.97,100.22,0.66,75.99,90.39,0.51,236.31,228.61,15.07,10.36,166.18,6.86,116.95,102.42,168.11,194.05,80.24,68.21,325.82,85.29,124.1,23.14,106.44,78.56,41.02,76.59,11.61,19.16,58.94,5.91,12.65,56.67,142.57,199.2,275.42,172.91,9.64,67.27,68.49,164.78,220.49,138.38,18.19,59.63,0,33,85.55,76.42,79.15,102.45,0.0,,0
2473,28.38,293.79,3,2,6368,12.3,65.96,62.51,64.82,8.65,106.7,101.7,104.94,47.07,58.86,3.04,11.53,17.95,18.6,62.2,78.39,9.91,202.81,109.02,141.06,107.05,111.28,14.28,14.15,47.09,175.53,246.03,69.11,55.57,102.44,6.58,71.24,385.66,279.61,259.98,134.64,82.51,197.67,503.18,14.74,146.41,14.85,61.43,39.12,256.32,246.16,233.93,243.88,34.45,146.45,2.67,133.09,179.88,150.9,147.0,20.62,75.05,69.41,13.16,392.28,93.21,71.66,11.24,27.73,172.93,0.1,255.84,184.47,48.02,105.54,37.96,35.38,32.6,207.24,29.27,46.19,98.27,88.65,5.74,234.41,231.71,85.95,61.84,141.88,68.19,40.1,46.89,18.88,72.58,119.05,0,79,104.97,96.55,74.35,89.12,0.0,,0
2474,30.44,668.41,4,5,19237,39.81,54.71,127.33,8.66,225.5,24.61,151.7,50.24,10.24,30.99,51.54,239.71,82.48,11.18,65.94,113.71,130.95,2.36,39.27,32.0,3.29,99.13,183.27,286.93,214.56,415.1,85.15,29.55,285.75,196.44,70.38,105.64,180.64,14.37,29.29,221.08,129.16,261.98,173.21,214.03,254.47,88.98,202.5,123.8,7.8,73.56,17.45,96.15,38.54,22.65,29.87,91.8,75.5,51.0,14.05,0.49,1.8,14.62,293.85,12.84,77.44,33.3,165.2,60.82,158.26,5.2,54.29,10.41,26.33,83.94,114.5,40.43,10.93,8.73,57.35,22.1,149.33,85.9,118.5,19.03,272.21,126.88,322.02,6.87,120.06,9.61,6.06,66.81,17.73,144.17,0,50,95.53,90.38,109.74,79.81,29.92,,0
2475,2.9,264.99,10,3,29704,9.06,45.03,171.58,275.4,38.51,16.91,189.3,312.13,250.19,141.28,131.07,4.48,160.79,90.98,148.14,408.71,7.8,52.06,92.75,31.07,192.81,318.29,105.18,111.38,84.93,127.89,178.11,28.56,299.1,40.06,9.46,273.92,14.57,172.5,2.15,25.34,34.99,294.54,20.38,239.92,342.18,159.35,19.48,29.31,85.43,141.62,58.91,161.49,184.48,123.62,99.9,350.43,122.9,67.32,109.57,75.53,20.25,62.77,61.88,112.25,115.42,11.82,4.57,80.54,209.83,24.32,139.18,9.38,39.05,278.63,76.64,98.2,1.33,21.78,12.37,34.86,102.47,37.8,9.26,100.68,50.39,102.75,8.92,16.35,31.92,111.83,15.37,13.1,143.84,19.06,1,51,105.13,96.36,135.45,64.05,71.4,,0
2476,63.75,374.35,9,2,29967,104.01,103.15,8.36,26.89,161.45,156.35,44.46,18.01,350.24,72.16,124.12,55.79,155.35,52.47,178.96,260.44,11.38,51.16,43.04,153.88,1.24,90.29,5.4,44.54,1.17,23.31,87.39,148.88,155.67,72.2,112.2,137.69,27.69,145.79,14.01,16.95,62.67,110.69,121.14,4.58,0.0,26.62,120.74,14.2,59.58,131.67,160.72,236.44,262.68,100.13,455.47,48.41,65.07,214.05,4.8,192.41,113.55,17.09,241.23,208.06,16.38,175.02,334.01,108.39,27.07,101.62,126.03,310.36,133.39,59.92,46.85,163.0,80.92,129.18,8.11,42.95,50.77,21.42,9.06,69.17,50.12,2.45,150.12,9.49,92.0,44.52,1.58,290.25,83.41,115.86,0,47,100.46,90.22,92.06,95.11,0.0,,0
2477,24.78,585.87,4,7,4609,312.77,336.49,160.33,20.44,74.3,38.07,86.89,29.54,25.2,64.04,8.78,128.1,221.3,117.42,41.94,118.71,125.69,121.99,11.84,75.59,103.76,14.41,33.62,164.51,57.31,45.35,12.03,110.14,68.37,20.87,416.72,299.65,18.15,196.4,66.53,5.73,189.36,50.92,13.71,1.69,79.89,281.92,7.93,132.4,77.03,52.3,115.56,68.68,37.3,47.59,184.15,48.0,68.53,12.98,310.97,174.32,176.5,89.19,3.4,218.79,58.24,48.24,0.85,74.46,14.17,52.17,166.12,61.22,1.13,228.88,7.5,87.44,122.24,39.63,323.06,252.53,74.43,21.69,53.62,214.33,57.63,34.76,552.68,138.15,221.28,20.52,5.65,37.06,13.04,71.26,1,22,102.78,103.54,91.66,101.8,0.0,,0
2478,47.01,306.06,10,5,7999,26.93,25.14,36.13,185.21,0.96,65.68,23.82,47.9,20.73,94.07,21.42,46.01,245.71,209.9,44.58,57.49,86.87,97.99,320.48,38.98,128.62,2.34,801.49,28.61,13.11,22.15,15.49,254.14,49.39,46.63,37.04,15.51,70.37,46.3,158.21,26.44,148.26,82.31,62.45,3.54,20.88,188.47,1.01,9.37,62.53,124.5,3.82,27.62,7.09,8.66,26.26,8.56,11.74,136.64,277.0,25.72,33.66,8.41,55.1,135.38,34.18,59.48,187.27,57.16,102.37,27.17,96.36,487.94,101.49,28.72,20.01,66.86,81.49,174.14,68.68,286.64,39.73,60.48,607.63,73.7,8.4,9.17,32.07,14.98,118.82,119.25,322.04,89.52,596.96,45.6,0,86,98.88,137.49,101.93,133.94,0.0,,0
2479,0.0,723.09,5,4,2858,32.99,64.5,106.02,63.88,12.57,271.75,52.56,13.64,388.45,90.44,67.35,155.5,43.04,173.49,73.48,26.42,12.79,77.65,165.85,268.04,179.18,73.8,2.43,60.06,194.82,57.62,129.15,18.36,135.83,18.56,9.33,19.19,135.76,53.5,49.36,112.24,568.91,83.82,192.11,276.61,219.32,174.44,23.87,49.9,34.98,240.64,53.67,227.82,76.67,145.38,59.45,220.64,35.45,14.36,9.33,41.34,115.15,50.49,42.36,212.56,49.41,179.44,39.49,66.84,195.0,117.8,268.93,17.99,133.73,51.3,157.88,58.66,88.12,5.08,86.91,149.39,53.2,16.0,76.56,95.47,126.83,47.13,125.88,44.47,164.32,77.58,77.42,83.16,273.13,96.9,0,62,106.7,93.1,101.01,100.8,0.21,,0
2480,41.04,501.33,4,5,29430,15.53,57.11,85.65,110.66,61.95,40.44,20.54,55.17,149.82,8.3,378.33,41.59,26.87,77.19,282.15,103.99,2.83,36.34,118.57,9.39,304.47,94.3,35.69,56.67,20.66,63.65,262.73,99.22,199.33,580.61,178.72,314.45,93.91,16.04,100.55,67.98,87.07,5.92,42.9,144.81,119.53,58.87,54.42,104.28,97.29,61.59,39.59,28.56,3.94,29.69,40.78,76.28,120.16,156.33,152.8,180.78,3.54,141.37,205.88,16.99,32.57,40.55,256.52,13.11,173.8,11.26,38.81,4.86,28.29,9.22,14.26,48.31,79.6,42.04,37.65,118.69,1.97,92.86,38.04,39.62,56.81,18.58,146.44,129.62,46.04,3.93,35.41,110.95,232.76,42.08,0,69,89.88,94.4,113.33,64.82,48.5,,0
2481,25.58,508.11,2,4,18182,418.49,19.19,61.78,65.58,67.98,74.87,93.57,66.43,27.8,28.9,67.56,75.85,19.22,26.51,31.82,187.03,11.51,157.32,12.69,49.66,39.0,78.07,69.86,136.68,5.22,219.29,229.67,171.37,313.06,401.66,34.81,4.92,21.18,241.82,1.0,139.1,19.08,57.56,21.86,22.6,15.28,0.21,28.04,195.29,149.65,68.3,374.23,57.12,15.67,8.64,18.29,7.74,12.87,133.54,118.61,553.41,232.89,18.14,95.21,41.28,65.78,41.74,28.79,71.34,240.81,452.56,234.12,82.72,130.96,64.64,6.96,26.67,128.43,0.51,68.77,18.91,96.57,358.92,6.21,54.18,7.96,28.84,62.89,11.5,649.54,277.4,148.55,24.75,7.14,112.07,0,37,104.96,127.86,107.59,117.01,0.0,,0
2482,30.48,150.36,5,1,18466,8.22,123.11,76.74,45.43,9.19,12.36,203.36,54.94,143.11,158.42,33.67,197.07,17.6,79.86,303.32,51.93,6.22,174.12,1.9,182.33,231.7,27.31,32.2,31.46,37.47,36.22,16.96,20.93,45.8,405.61,295.82,106.55,151.14,29.24,37.87,22.33,158.08,118.0,76.17,14.42,39.33,61.26,131.47,77.47,51.67,66.61,29.01,217.02,427.67,153.88,44.14,14.98,358.97,112.63,120.33,52.22,2.81,51.71,120.87,106.75,196.02,57.25,179.99,4.69,107.45,106.92,603.08,50.31,117.2,392.63,29.95,117.66,85.7,48.17,8.63,91.81,93.13,18.06,23.59,35.89,170.74,32.21,72.53,15.77,59.36,17.02,41.4,144.34,165.54,88.22,0,37,102.16,106.83,92.28,105.84,0.0,,0
2483,43.69,673.33,2,3,7458,66.22,22.41,21.54,54.57,174.35,22.36,148.6,322.37,60.2,250.09,10.89,52.9,31.38,55.47,256.45,144.05,2.84,27.96,51.88,39.58,110.37,34.22,30.69,238.26,143.45,216.03,713.5,121.03,44.01,175.05,4.08,69.65,100.68,183.58,27.79,109.26,12.6,111.66,275.19,355.41,99.81,19.26,141.72,256.24,171.4,210.47,121.89,29.91,432.5,237.0,140.95,39.88,6.46,160.59,51.85,139.8,120.54,37.27,343.49,280.69,85.52,167.53,90.93,97.37,2.71,50.97,103.04,151.82,247.95,29.09,0.38,60.85,111.43,1.99,101.96,5.71,49.09,30.94,13.48,107.02,261.86,23.0,174.74,161.55,154.37,30.45,363.9,67.9,300.86,174.16,0,59,123.97,116.91,121.42,107.42,14.01,,0
2484,48.33,580.64,3,5,11401,109.38,0.73,186.27,97.18,60.65,10.34,140.26,50.96,146.41,191.45,10.46,3.2,10.94,3.08,29.92,16.21,54.04,91.72,3.58,23.6,209.61,13.29,9.79,86.92,403.27,429.97,21.68,85.18,92.2,177.23,23.43,360.36,190.15,17.22,22.31,64.12,82.11,69.74,16.33,123.57,26.01,68.04,30.73,201.55,0.8,20.57,37.62,202.31,50.03,400.03,37.7,30.22,2.06,235.37,71.06,75.58,5.74,45.31,43.74,21.97,5.12,135.88,25.81,189.81,206.15,60.73,19.09,108.36,109.19,133.82,156.17,140.47,24.83,13.25,45.45,131.08,74.93,131.8,147.38,284.95,148.66,35.09,103.95,59.95,69.29,547.32,133.94,2.09,93.17,82.21,0,58,97.39,104.32,92.32,114.0,0.0,,0
2485,31.45,607.83,8,7,18283,88.26,109.07,190.86,44.72,9.33,190.65,605.89,4.44,22.35,37.51,92.73,43.6,3.37,30.34,84.87,5.68,21.41,17.69,65.55,170.98,91.72,107.32,81.9,70.68,124.06,73.48,285.91,47.54,87.2,128.74,28.81,3.5,113.44,4.23,63.09,253.78,238.39,74.81,178.13,8.32,434.61,22.53,4.15,157.28,166.67,144.49,219.81,12.06,315.89,59.95,82.15,51.35,42.55,83.37,398.47,233.45,19.59,57.53,22.35,125.39,60.93,26.46,127.97,189.05,120.84,28.49,78.7,51.17,128.29,74.14,99.81,135.39,37.12,96.38,65.55,57.67,76.88,237.81,33.55,15.95,57.59,14.25,195.52,305.08,4.79,17.06,3.02,13.0,29.69,261.52,0,73,102.24,105.22,97.93,88.12,9.81,,0
2486,36.78,108.59,5,9,6908,118.32,26.99,4.17,67.19,79.06,190.91,33.59,47.31,99.54,2.41,291.74,18.04,97.0,34.2,30.99,40.43,470.2,33.5,75.03,180.96,78.08,196.88,31.21,204.2,15.84,143.65,75.17,31.95,37.23,24.91,19.47,20.54,33.05,139.21,230.92,63.55,9.67,117.54,161.12,33.83,56.71,323.82,164.55,13.67,47.24,67.53,158.87,46.67,30.83,20.73,106.15,132.13,47.69,227.82,80.36,26.67,136.32,16.54,218.4,18.34,223.28,480.73,14.82,136.56,77.09,18.36,21.07,147.58,125.52,62.42,23.11,73.33,118.85,74.61,97.8,87.76,65.23,117.03,89.46,40.05,47.99,6.45,365.69,52.76,10.45,48.5,19.05,23.89,2.68,122.32,0,78,92.72,94.33,92.69,93.15,0.0,,0
2487,54.43,397.33,8,8,11256,408.64,13.38,93.49,93.5,13.49,151.53,8.41,131.4,39.41,54.9,80.35,142.81,108.36,15.15,45.06,2.33,208.83,72.62,245.11,102.22,141.81,23.23,157.63,124.93,26.54,40.53,4.76,80.65,311.27,43.77,85.44,275.77,138.45,41.77,138.46,24.96,157.13,2.21,70.16,726.95,100.98,61.15,184.77,28.73,144.37,29.26,197.34,52.43,0.27,104.08,22.03,83.08,65.82,545.77,45.49,84.25,2.52,95.18,59.79,62.01,118.94,209.63,109.88,48.62,245.12,112.96,184.65,250.68,68.25,184.63,144.69,80.3,42.85,72.04,42.23,136.5,244.95,156.42,55.17,7.66,67.49,1.71,57.24,16.45,3.24,114.89,133.36,91.09,55.21,169.69,0,51,109.37,111.82,99.54,107.55,0.0,,0
2488,10.66,1034.77,10,9,541,85.33,75.5,187.8,0.22,353.93,7.9,113.86,209.34,14.39,30.71,146.72,35.86,10.88,16.95,189.7,24.71,1.15,80.9,51.87,56.77,16.89,123.56,61.79,118.6,365.97,33.74,67.29,130.45,11.45,39.74,287.33,182.12,75.01,68.16,12.33,49.78,15.8,35.22,60.12,117.35,59.73,76.95,6.38,32.5,213.81,120.25,40.94,12.39,333.72,190.82,326.56,63.34,361.43,296.55,11.58,16.33,79.67,68.03,30.04,33.4,17.63,58.8,85.24,41.82,43.56,99.63,91.04,80.1,30.93,72.7,47.14,81.31,160.42,119.55,103.84,126.15,11.41,2.45,27.78,63.35,33.71,301.09,28.87,172.13,87.09,124.33,152.54,208.83,37.07,26.13,0,51,94.2,91.14,88.8,84.56,4.24,,0
2489,45.02,414.85,10,7,399,178.68,187.27,51.28,62.35,215.49,153.34,25.85,368.42,17.94,136.99,29.08,218.48,22.78,6.43,138.35,104.1,131.81,11.63,27.41,287.43,337.39,72.22,25.42,48.0,66.7,52.7,5.33,57.11,152.97,171.98,120.74,310.58,12.9,102.83,237.08,86.35,70.35,12.35,6.87,10.71,74.7,28.1,22.78,105.01,38.24,76.06,50.06,112.48,25.45,8.81,4.46,26.88,105.26,46.58,28.64,88.21,465.74,29.55,60.93,35.42,30.6,42.43,329.69,63.0,161.07,258.95,51.8,130.85,56.91,52.75,112.3,218.49,73.49,184.14,97.85,70.83,49.96,15.98,112.93,250.0,166.49,3.83,222.05,37.69,156.53,308.29,78.92,23.31,103.01,19.44,0,71,102.81,96.18,112.16,116.12,0.0,,0
2490,26.08,516.77,5,8,23753,209.93,137.32,3.73,84.38,9.18,36.54,71.76,62.71,21.48,21.39,198.94,30.61,108.69,147.47,8.78,100.27,46.36,56.47,88.93,104.58,26.85,100.34,180.32,153.7,172.41,95.66,11.63,894.49,48.99,90.62,25.03,23.49,9.04,33.77,180.81,33.09,174.82,7.06,142.0,14.26,33.72,11.27,85.03,110.83,45.46,243.46,128.45,274.09,204.51,77.15,2.98,13.52,50.42,12.71,21.63,93.24,93.69,161.74,95.25,35.86,11.68,52.88,46.09,91.12,59.0,374.48,289.93,39.24,49.79,235.73,37.94,206.51,250.36,233.1,25.64,29.93,34.95,55.31,57.25,45.93,82.0,253.94,131.35,247.14,115.03,5.53,15.81,3.16,6.91,68.3,1,26,99.1,116.88,110.82,105.2,5.62,,0
2491,7.66,568.91,7,9,22729,380.53,20.45,30.9,1.21,140.59,117.94,88.12,110.61,164.32,76.33,306.18,104.82,65.05,116.13,48.05,209.57,14.64,10.48,19.88,109.57,19.78,85.02,11.52,106.55,103.65,14.87,72.82,77.33,33.51,150.25,86.88,60.27,64.59,73.1,177.86,56.92,219.44,34.59,4.4,74.3,39.11,67.54,45.1,300.01,26.64,34.14,90.28,74.5,163.26,34.38,2.93,168.85,36.9,1.48,11.03,32.02,97.66,24.36,59.59,440.04,189.53,44.72,96.05,18.2,111.22,33.26,246.98,119.33,26.85,115.28,30.31,20.67,256.46,207.61,28.08,19.63,233.82,23.58,23.54,152.17,7.96,48.69,81.98,256.86,150.88,36.85,209.14,119.57,47.26,266.52,0,48,95.95,88.94,93.69,107.43,0.0,,0
2492,27.57,525.27,4,3,3907,103.72,113.28,7.89,9.36,130.13,165.7,85.14,134.11,29.28,56.39,193.99,132.99,42.88,0.2,29.41,84.12,4.13,54.17,133.71,35.85,53.87,131.7,32.64,38.35,5.57,75.56,248.35,144.8,539.28,79.88,275.02,59.33,98.11,73.46,191.37,77.49,235.42,18.38,5.95,29.08,162.36,41.75,201.65,336.9,256.82,68.24,183.5,115.23,59.03,277.2,15.08,105.31,20.18,12.93,283.8,79.59,0.73,79.68,293.16,65.73,131.06,80.56,145.57,225.7,382.19,225.45,66.44,82.33,42.06,52.04,10.48,413.95,36.85,105.34,255.26,19.01,20.59,179.33,82.2,46.19,29.07,14.21,78.73,31.71,211.9,112.37,104.76,6.47,47.37,166.16,0,15,111.38,102.81,96.55,113.51,0.0,,0
2493,54.13,425.52,9,3,23638,7.19,22.21,59.68,74.16,39.82,1.35,203.17,503.07,226.04,51.95,18.98,12.02,2.76,304.52,154.68,467.41,51.45,163.15,79.12,74.0,70.71,51.04,0.0,67.68,6.16,44.25,78.46,158.87,49.4,138.96,115.38,18.92,203.54,3.79,27.05,92.88,222.14,42.77,189.05,74.26,152.58,16.58,36.17,19.84,127.05,1.74,281.27,22.68,77.73,20.98,52.31,86.56,193.17,22.97,435.57,173.12,136.71,53.3,1.49,58.45,161.03,220.17,213.88,51.26,61.65,127.29,58.96,29.72,54.37,34.07,52.78,53.55,77.81,17.54,29.63,55.81,49.94,224.11,18.71,1.79,25.09,33.56,24.11,9.17,123.71,199.92,116.53,63.0,48.3,77.35,1,40,93.97,99.42,106.08,77.16,28.91,,0
2494,26.01,652.26,8,0,28678,142.32,211.88,147.16,191.42,141.12,64.11,27.48,140.31,38.48,125.99,16.4,93.62,58.45,132.86,69.2,348.82,78.91,97.43,144.51,231.08,220.63,79.48,8.63,11.68,144.07,99.39,50.02,52.99,8.37,16.37,21.2,67.83,135.58,283.39,136.53,184.3,5.71,74.16,3.51,4.63,30.56,28.44,92.79,18.88,3.7,254.87,180.85,294.11,30.61,48.44,21.93,3.09,12.74,185.92,13.87,228.65,40.05,64.32,48.3,69.74,184.44,122.49,37.69,136.82,34.5,117.5,195.94,8.16,103.52,99.05,36.21,132.53,61.09,51.43,37.72,29.31,134.83,119.61,148.47,245.82,3.26,284.22,12.85,54.3,110.24,53.22,71.92,71.86,185.58,18.63,0,16,96.5,79.97,106.44,96.77,9.67,,0
2495,25.19,408.24,3,6,583,94.97,29.13,82.58,139.06,49.86,9.66,75.91,564.08,64.58,171.14,13.49,110.75,60.19,15.68,47.25,6.33,9.08,127.22,43.46,85.25,2.95,17.33,35.6,318.3,5.06,55.58,384.32,120.51,31.03,57.14,93.95,159.87,110.33,178.41,45.24,197.6,7.45,126.19,52.83,46.97,7.78,364.02,15.12,89.67,36.94,46.28,22.98,37.73,244.01,28.76,261.74,334.41,45.73,63.22,162.28,19.4,24.65,270.29,96.1,159.68,95.98,35.64,201.17,4.62,35.72,57.52,30.36,44.57,39.08,81.36,3.91,237.75,25.79,290.18,488.14,38.94,7.43,21.58,121.53,47.69,186.48,23.93,16.04,223.33,156.65,7.61,27.02,22.95,75.61,27.75,0,55,98.37,110.22,94.25,89.21,5.04,,0
2496,34.77,563.06,7,4,19375,34.08,9.79,93.38,5.78,163.29,88.37,31.04,104.25,182.43,179.04,226.4,216.26,145.55,192.94,112.87,104.96,50.69,33.74,98.12,12.02,111.37,23.38,19.48,46.93,98.37,34.33,56.08,2.06,2.81,14.95,34.46,14.19,12.83,98.56,208.46,126.7,110.54,22.53,88.27,39.82,409.25,12.05,370.9,266.59,79.12,47.33,75.45,228.98,117.05,42.49,127.05,62.8,55.62,0.9,44.25,223.31,203.16,166.25,137.05,74.4,21.79,7.07,57.7,83.08,82.97,122.51,4.06,0.64,105.3,14.23,59.62,2.01,5.37,12.29,110.77,194.15,46.0,95.66,27.62,41.17,83.57,25.78,44.47,169.13,12.01,63.72,131.07,124.32,135.09,44.99,0,47,88.04,79.85,83.16,64.27,18.89,,0
2497,32.53,539.53,5,1,10694,157.41,142.24,169.98,107.11,18.83,11.76,51.67,71.54,5.5,52.58,7.69,65.55,224.24,31.93,101.6,56.98,16.01,4.87,99.04,140.57,8.43,41.43,26.2,159.11,43.69,81.28,146.58,215.54,17.76,13.58,28.23,56.58,153.29,136.4,55.52,287.69,100.17,30.21,185.62,133.39,15.93,24.45,61.44,46.53,84.43,42.18,327.64,202.95,150.14,163.95,43.45,84.92,22.68,52.97,0.04,61.58,230.27,40.44,140.2,34.87,25.12,230.6,113.94,108.73,3.29,78.33,45.81,306.9,95.67,3.94,186.69,8.49,37.76,46.29,72.69,272.58,125.1,347.27,34.11,244.14,7.53,183.21,16.88,77.26,52.87,16.72,116.16,438.98,88.61,3.93,0,85,96.43,89.83,76.36,112.99,0.0,,0
2498,46.18,0.0,2,4,25738,31.57,132.05,271.74,84.96,16.45,134.35,87.94,114.58,47.8,105.56,106.39,92.12,55.46,183.64,149.7,51.53,61.83,38.74,198.35,381.47,90.6,128.82,17.04,27.4,76.36,54.11,203.76,229.22,152.87,140.8,134.54,19.79,27.68,3.82,41.07,65.75,28.72,49.16,19.16,199.17,45.11,41.03,269.47,30.42,194.98,26.15,44.82,134.12,247.57,156.66,28.19,77.63,235.54,206.95,181.27,36.73,3.89,420.45,99.4,133.48,63.48,298.71,88.76,57.29,256.18,148.14,233.69,18.11,172.74,237.87,2.02,44.97,221.02,123.77,122.86,219.93,187.51,347.32,170.04,3.48,3.33,112.0,52.8,14.86,95.12,66.89,8.06,26.26,175.94,26.4,0,26,114.11,92.34,115.57,119.99,0.0,,0
2499,31.49,244.92,1,7,16464,292.13,61.98,30.17,77.75,60.66,106.95,28.99,38.85,18.22,119.26,194.81,130.6,235.2,105.21,150.77,49.74,46.17,232.2,295.49,50.72,27.17,184.25,8.18,114.11,22.65,72.61,94.34,105.89,701.23,4.5,211.58,78.86,42.83,106.55,54.5,143.83,99.32,220.85,141.02,31.18,166.32,47.74,37.33,122.82,3.6,124.76,590.69,95.91,93.65,298.28,250.02,160.79,61.6,3.17,30.22,21.41,2.77,9.39,364.94,15.41,62.67,144.8,7.22,207.1,272.35,76.83,126.38,3.41,45.96,5.36,11.66,116.6,34.87,102.86,109.11,25.22,239.43,172.05,83.9,17.61,108.97,202.79,4.2,109.3,99.53,71.6,106.51,2.68,321.92,263.36,1,44,116.09,117.76,122.03,105.21,16.82,,0
2500,40.86,475.9,10,4,18226,46.32,27.23,293.88,5.68,143.28,128.61,88.86,75.19,9.62,6.53,121.0,0.33,200.39,353.43,107.61,122.95,23.66,128.27,58.34,53.98,64.29,44.72,239.09,25.62,20.23,2.21,323.27,260.89,72.29,119.12,3.38,259.61,135.07,91.83,33.62,23.13,22.1,102.51,2.91,192.86,13.4,333.81,310.81,49.12,66.13,90.37,106.61,168.57,70.75,254.44,123.78,108.22,7.02,165.96,65.23,52.48,108.23,112.51,122.22,133.1,154.59,71.45,34.61,138.03,106.41,112.89,12.47,1.9,206.78,97.24,135.71,3.75,100.4,173.82,80.77,394.4,78.0,491.7,109.08,82.16,80.42,26.09,152.15,28.53,44.81,62.16,465.95,103.77,23.44,296.68,0,68,115.19,105.08,105.56,129.01,0.0,,0
2501,43.79,616.67,7,8,4895,111.12,25.32,76.65,57.45,176.16,124.07,14.19,5.83,51.1,69.04,146.68,16.3,48.68,55.25,44.41,6.48,95.57,93.98,23.8,315.62,75.44,122.88,46.3,71.8,25.04,31.42,160.05,68.09,94.7,323.15,25.59,13.08,78.26,1.92,26.68,182.29,178.53,9.29,88.13,2.15,16.77,34.88,70.85,121.75,103.44,477.34,6.61,2.59,259.19,15.62,7.86,11.51,26.72,33.07,43.57,282.16,12.4,67.46,73.36,47.57,97.52,26.02,69.93,12.53,80.04,15.29,90.93,59.21,152.15,20.89,19.51,49.83,271.84,290.17,36.88,35.37,86.49,182.36,72.46,79.92,29.11,185.18,216.71,263.55,18.01,59.5,13.32,55.22,0.02,205.8,0,49,85.48,89.28,85.89,93.19,0.0,,0
2502,27.59,435.96,6,0,14334,159.01,58.24,108.68,42.44,9.2,157.16,113.8,222.29,31.13,130.44,107.19,176.21,54.36,26.23,117.52,0.8,3.34,43.21,26.89,32.07,31.26,87.0,20.7,74.5,19.17,10.35,388.63,13.53,73.02,204.16,18.3,72.35,63.53,105.31,3.18,87.29,110.66,7.14,318.01,163.55,40.61,107.73,37.03,165.93,63.52,148.97,69.3,28.89,114.18,24.91,160.45,147.76,20.16,105.27,125.36,252.42,109.77,56.12,183.42,277.91,9.93,5.87,8.12,64.71,89.71,52.49,17.03,39.52,13.28,20.39,100.03,27.66,31.11,43.0,160.79,3.58,104.15,11.88,17.75,24.02,175.85,66.46,309.68,185.23,51.3,41.68,40.1,7.84,180.82,170.18,0,44,86.73,79.6,84.75,69.14,15.61,,0
2503,22.11,740.65,7,3,2875,106.84,2.46,187.1,26.03,67.13,1.69,94.14,70.77,192.87,136.85,230.17,16.26,135.42,43.18,22.46,225.03,77.5,223.86,34.15,7.54,130.52,134.79,354.26,373.67,54.2,6.38,50.42,66.56,236.13,24.65,237.32,231.67,30.49,103.22,77.11,142.37,90.36,19.6,431.05,39.45,179.03,84.32,81.15,289.22,296.46,44.21,38.65,103.39,5.34,107.4,66.75,98.7,90.15,46.13,75.9,227.64,67.2,191.79,155.43,28.48,232.73,137.93,114.66,105.77,41.79,107.29,20.69,25.26,185.75,158.53,123.78,27.43,297.01,195.21,56.94,114.85,26.22,36.41,134.39,147.79,46.66,12.07,116.59,114.82,41.93,279.04,7.38,129.91,31.04,5.55,0,25,112.09,92.68,111.1,102.51,8.59,,0
2504,26.3,686.4,8,6,297,251.12,227.61,134.62,84.02,157.46,258.97,78.6,53.34,78.25,122.38,47.02,1.6,34.92,10.94,55.19,25.43,470.41,21.83,0.13,99.3,181.66,82.63,265.35,31.52,45.06,175.06,75.63,36.91,55.55,139.58,43.32,62.76,12.98,479.97,207.32,80.45,14.5,108.04,129.4,65.4,107.96,62.92,219.15,47.79,0.92,72.34,45.25,162.1,5.42,33.42,53.92,81.88,94.63,7.56,141.72,36.03,43.04,161.66,72.38,1.46,394.48,17.9,55.3,11.29,190.72,39.67,89.34,59.02,101.49,89.96,29.15,19.85,46.66,32.96,26.83,70.02,74.6,14.03,72.0,10.34,218.85,34.04,159.34,12.33,115.36,341.91,16.72,86.1,96.95,102.7,0,54,95.42,95.93,110.07,87.66,22.41,,0
2505,28.81,431.66,1,9,17629,20.53,95.75,126.25,36.67,297.17,269.31,0.82,133.11,24.53,77.18,8.58,16.72,145.7,55.07,226.11,46.26,31.25,70.13,62.94,101.27,81.53,131.99,49.56,98.68,10.67,82.79,75.2,85.3,81.89,94.27,9.77,68.1,40.3,10.54,103.51,130.47,63.22,59.97,21.95,122.72,307.03,113.56,53.81,385.27,90.08,75.38,22.95,139.33,124.06,193.15,111.61,135.19,26.66,27.42,7.53,21.3,28.45,120.06,158.76,11.17,62.4,200.59,547.66,161.88,331.04,36.08,290.9,20.95,90.55,109.88,235.39,114.37,137.8,9.41,207.22,66.59,53.55,221.13,0.1,101.59,39.12,340.91,7.54,128.61,83.33,0.53,41.19,307.49,6.33,91.89,1,77,105.18,99.5,87.91,134.87,0.0,,0
2506,37.25,593.79,7,5,13727,185.05,77.17,120.55,88.3,12.67,4.5,85.95,307.56,44.84,266.56,49.55,83.02,152.05,16.12,80.49,10.47,63.84,61.87,166.98,23.09,162.15,29.53,254.18,108.28,262.02,145.87,81.53,45.05,41.45,135.79,36.96,168.9,80.83,81.45,7.68,28.93,109.41,0.29,111.98,338.51,125.89,177.17,102.89,95.33,5.67,124.06,152.7,25.52,138.92,23.91,97.26,208.74,58.63,28.86,88.93,146.07,8.54,101.82,58.72,24.98,118.08,81.8,11.51,41.04,34.89,128.67,108.11,20.97,8.42,69.63,38.21,142.63,302.26,678.16,57.93,86.45,334.59,54.39,61.84,11.17,92.81,110.37,7.3,94.82,547.79,144.36,92.34,59.72,13.65,91.53,1,17,106.35,108.5,105.55,121.51,0.0,,0
2507,42.82,953.42,5,6,442,12.68,26.74,40.11,13.79,147.74,261.9,452.8,5.46,470.13,166.77,79.44,451.2,14.03,567.02,32.77,363.68,218.53,90.34,4.79,91.98,399.75,19.24,127.58,69.63,4.88,273.85,34.69,75.46,224.67,10.86,401.67,71.58,141.81,20.45,18.91,6.88,204.56,103.83,30.72,205.71,26.21,154.44,50.75,165.25,146.67,19.07,139.44,110.24,5.42,2.36,342.94,253.84,86.01,44.83,158.22,90.99,58.77,231.77,90.97,97.44,41.28,37.34,52.83,246.32,55.9,48.76,14.05,216.17,46.93,191.16,156.05,79.62,98.92,6.39,49.94,35.5,167.75,242.94,85.43,363.53,164.6,40.66,104.68,0.89,152.19,21.68,44.34,1.61,182.79,10.45,0,78,124.39,125.43,158.42,98.69,59.73,,0
2508,41.82,274.57,2,4,2159,257.03,63.76,183.32,22.06,22.87,261.64,6.96,70.45,97.68,270.02,84.56,170.0,58.2,104.26,70.53,67.88,104.11,28.78,8.82,154.75,114.58,159.94,156.94,272.75,38.55,13.51,36.15,242.49,10.15,41.23,41.85,242.92,33.67,37.5,23.82,126.56,205.09,213.56,6.95,46.42,44.37,58.06,10.74,34.57,229.71,97.72,135.6,14.98,88.08,62.87,6.42,85.45,9.21,53.83,99.36,9.04,174.59,129.02,133.93,68.45,56.29,132.06,39.41,79.64,114.92,63.12,78.39,10.14,31.93,0.26,343.42,43.0,4.21,67.52,163.16,358.43,2.36,35.75,9.36,71.72,4.67,182.74,122.81,99.28,68.12,27.46,84.94,73.24,7.86,66.74,1,19,90.68,81.4,106.47,81.43,25.03,,0
2509,30.25,297.48,6,7,2823,40.77,360.37,301.16,29.43,29.29,75.35,29.88,61.2,19.03,46.87,43.3,16.98,0.5,16.88,120.6,53.87,252.44,20.32,139.95,31.08,78.5,152.57,1.08,0.53,11.06,45.74,21.98,313.34,654.11,18.14,362.65,86.75,20.92,244.94,110.78,10.07,52.13,0.77,168.55,61.82,110.85,276.3,142.92,122.45,21.95,46.2,316.31,50.67,37.74,96.39,115.71,105.58,152.89,5.95,430.83,159.16,39.78,98.81,38.52,80.46,119.91,69.54,171.64,120.14,341.7,161.14,11.48,83.22,20.82,88.5,129.22,278.32,56.21,195.76,156.13,52.78,10.18,86.96,18.3,230.52,119.83,145.63,235.77,14.94,95.67,11.05,225.98,23.45,142.18,13.43,0,15,110.95,114.25,99.54,114.35,0.0,,0
2510,56.97,606.69,1,7,21753,0.79,27.67,266.51,166.79,28.94,202.32,356.35,96.15,76.5,95.53,329.94,23.67,46.48,26.79,15.62,76.16,98.67,2.05,245.13,32.85,198.28,64.8,59.28,79.89,112.1,1.46,36.27,124.41,5.46,187.06,190.46,40.37,283.41,141.67,125.19,1.55,45.14,10.12,54.71,57.85,228.52,328.08,160.92,37.37,346.99,19.31,271.22,57.92,38.64,49.93,95.91,24.4,78.28,68.92,6.38,285.85,25.39,73.99,6.12,38.9,14.41,384.54,145.36,14.33,155.28,7.21,69.28,89.7,48.27,22.92,530.5,151.21,19.94,189.76,61.71,11.84,83.54,3.28,189.31,53.66,8.48,373.39,114.63,78.57,117.95,95.41,114.49,270.9,190.12,99.96,0,15,110.97,108.87,102.8,123.67,0.0,,0
2511,70.15,83.85,2,6,20061,105.06,136.94,51.81,74.38,140.55,305.39,63.31,169.44,84.25,35.58,326.7,147.53,14.52,93.43,71.33,110.8,48.09,206.71,60.81,5.57,100.19,0.74,23.59,60.85,180.43,84.12,35.86,35.76,325.79,33.2,74.5,71.92,14.55,328.19,154.19,19.04,10.2,233.58,360.64,31.59,1.86,301.61,27.63,150.67,71.52,589.96,232.89,53.65,15.19,43.01,57.82,71.39,450.07,187.57,128.59,48.74,365.01,173.12,4.98,3.27,12.61,33.99,83.73,47.01,156.55,43.66,501.96,16.12,23.18,130.71,41.83,48.72,73.51,78.1,78.87,282.17,63.16,59.23,41.95,25.47,143.48,11.08,237.81,83.27,74.86,82.48,54.65,55.29,42.93,199.72,0,29,113.75,117.43,104.42,94.27,10.15,,0
2512,27.35,251.42,9,6,4946,47.78,103.03,87.43,63.58,63.57,582.11,107.59,32.29,14.26,129.49,198.49,4.36,4.76,21.19,206.37,14.4,187.79,466.56,76.0,73.26,116.69,175.83,143.52,63.74,41.19,65.12,21.86,19.13,79.57,73.25,55.26,62.35,28.13,64.0,56.88,90.32,4.72,57.79,50.27,90.01,382.94,33.7,16.74,253.46,229.19,37.35,130.77,11.45,18.21,76.77,46.05,11.87,138.89,25.83,47.83,52.78,137.27,37.4,83.77,26.18,36.48,71.59,86.36,114.7,78.08,13.58,172.82,54.46,22.15,116.73,214.28,107.09,125.59,110.51,20.13,159.44,47.84,91.43,55.48,64.4,36.9,28.75,216.58,24.3,34.59,55.59,111.12,163.23,107.96,142.73,0,69,92.53,92.95,109.47,89.5,19.98,,0
2513,0.0,587.63,1,4,12257,273.94,43.23,34.61,134.21,35.41,77.6,177.09,56.16,186.06,28.62,134.43,190.92,31.15,32.79,57.88,164.25,61.05,172.86,35.91,77.06,39.94,477.94,69.79,122.85,23.14,33.28,251.48,221.25,45.36,31.21,3.94,75.56,10.03,25.48,218.61,143.34,55.23,87.12,37.32,67.84,8.06,86.57,95.25,99.7,31.34,4.42,114.54,7.43,49.82,22.47,15.19,30.97,60.89,45.62,102.07,129.9,64.78,182.03,347.85,219.4,66.81,62.5,231.75,45.68,4.44,66.01,139.48,127.57,115.39,58.13,94.9,156.93,21.21,11.32,70.5,160.46,81.49,203.18,65.35,3.44,103.65,39.85,43.01,271.68,491.97,29.26,62.49,29.95,42.28,209.56,0,49,98.61,93.59,110.72,103.68,7.04,,0
2514,22.51,574.89,6,6,3467,67.5,72.95,184.25,3.98,233.26,81.77,0.82,5.11,45.11,11.3,2.42,134.93,12.76,114.89,350.08,69.71,154.73,44.28,55.44,48.06,70.66,159.0,46.84,1.16,11.94,116.49,93.8,68.69,118.91,46.69,35.97,184.83,172.47,90.3,37.42,429.34,61.22,262.43,21.65,414.53,9.13,29.21,78.35,33.19,41.42,145.44,192.44,3.97,63.23,719.27,102.87,3.56,169.22,19.12,77.6,120.03,117.65,4.39,257.84,118.72,36.04,60.24,319.08,59.05,2.18,13.48,111.74,77.28,73.46,35.89,73.13,56.2,9.49,34.25,166.99,27.92,35.95,22.17,18.26,143.35,29.84,194.56,5.64,141.92,41.39,188.06,52.41,260.91,53.58,50.62,1,84,98.22,111.66,80.92,79.84,1.08,,0
2515,31.95,412.87,9,8,12177,200.93,60.61,223.63,104.32,52.86,12.26,83.46,81.06,60.14,75.95,178.76,126.45,57.4,559.26,45.82,116.76,8.77,143.98,330.45,12.89,81.6,138.37,87.22,33.18,4.06,31.19,271.64,36.39,183.3,317.98,60.55,170.06,166.08,29.44,88.0,15.53,129.8,10.89,31.55,19.48,45.65,283.5,340.24,92.59,0.57,60.06,136.31,128.94,79.31,87.53,363.87,21.12,150.29,64.84,99.23,143.76,117.73,130.77,214.46,61.99,153.09,68.81,6.21,6.58,80.29,52.29,19.06,53.91,180.88,18.41,239.92,100.97,39.48,35.69,11.16,11.22,370.55,135.57,8.72,121.86,95.67,19.81,30.23,22.17,0.2,109.46,24.13,51.54,76.97,88.29,1,73,103.31,99.91,124.02,74.44,49.59,,0
2516,12.95,515.21,9,2,15656,90.56,113.52,20.97,307.52,15.65,216.43,69.55,105.96,18.85,145.96,20.31,29.46,7.64,16.2,75.9,260.29,27.53,10.68,59.09,94.25,63.05,34.91,79.29,93.07,127.51,394.7,182.89,53.81,78.29,343.68,54.35,29.69,149.17,26.48,363.04,101.53,1.27,79.41,6.64,20.93,128.94,89.07,6.36,134.5,131.39,232.92,90.2,23.48,20.83,28.34,0.93,102.58,43.36,142.51,154.76,64.36,362.02,11.6,22.6,156.09,314.28,63.15,35.24,110.8,102.94,84.89,40.69,459.07,31.8,5.96,39.6,104.16,1.93,27.09,37.62,17.35,2.83,23.99,210.86,114.85,31.53,6.41,36.63,163.56,109.3,95.12,124.34,159.7,62.18,29.04,0,55,95.38,97.55,105.25,88.23,17.02,,0
2517,28.46,244.58,4,5,7092,1.76,10.62,11.53,128.98,260.34,14.29,144.16,21.9,5.03,24.8,165.36,27.15,206.54,15.59,196.5,61.23,0.45,14.17,0.47,97.61,59.3,9.53,15.72,34.47,41.4,24.06,63.58,29.03,245.57,155.67,5.55,140.69,20.75,16.83,81.41,42.87,34.51,176.99,275.24,19.44,38.33,46.72,107.44,333.06,105.75,111.85,45.94,32.5,10.57,158.21,28.97,21.22,25.38,48.19,70.67,40.36,100.28,129.25,96.34,85.21,2.83,250.42,138.36,33.42,58.53,148.89,0.93,19.76,189.44,96.08,9.83,98.94,170.54,78.89,160.75,53.9,151.12,49.14,56.0,79.21,4.63,19.65,31.34,75.2,50.41,274.83,24.36,3.21,0.25,12.86,0,83,76.46,75.94,69.56,78.12,0.0,,0
2518,21.79,648.17,4,4,25968,194.71,167.91,71.61,56.78,32.15,352.67,100.94,86.65,24.61,23.03,206.69,44.23,23.51,113.31,16.01,154.3,41.77,139.8,70.62,266.09,60.47,398.29,5.9,42.51,246.27,21.51,32.93,77.82,134.5,1.96,118.72,65.59,175.04,13.39,20.87,199.19,18.7,27.34,9.08,84.09,20.42,206.34,31.32,39.89,13.3,204.51,142.92,58.97,106.35,45.55,58.51,35.29,158.74,143.28,18.68,194.32,69.36,15.14,237.71,2.91,26.21,70.24,54.53,1.64,182.49,3.95,108.78,73.44,159.67,28.4,209.21,36.11,106.47,54.64,30.7,324.45,51.83,28.94,9.04,238.14,45.86,0.89,132.28,25.57,48.35,259.03,83.86,0.6,115.55,8.68,1,83,91.83,87.14,106.98,83.98,23.0,,0
2519,21.34,634.89,5,2,10747,67.02,88.63,103.08,24.28,169.62,21.95,11.92,51.54,19.68,63.79,104.81,9.32,19.6,172.14,80.68,9.18,5.21,28.64,231.19,80.66,21.58,345.64,105.47,343.66,11.83,122.1,7.4,164.03,124.09,8.06,11.97,363.54,319.45,52.53,132.5,38.39,157.67,74.34,242.15,63.73,17.55,98.21,73.34,0.44,200.14,19.12,64.3,246.2,124.1,4.69,0.07,365.75,24.03,76.26,171.34,110.78,62.96,63.89,7.05,21.72,169.37,66.36,42.89,48.47,124.06,297.0,226.41,73.86,605.96,218.78,9.07,47.43,27.8,10.37,68.85,9.15,24.54,187.93,26.5,261.68,11.18,35.06,88.82,67.83,130.79,126.64,68.66,256.57,233.51,170.39,1,21,106.23,108.62,87.23,124.53,0.0,,0
2520,40.58,678.53,7,6,5004,21.26,51.29,152.9,226.39,64.93,10.81,58.18,593.45,113.54,33.13,25.18,155.0,353.69,124.42,61.81,342.32,208.03,57.94,40.99,75.27,174.02,277.35,36.43,179.49,82.59,122.54,158.13,68.67,37.25,32.72,124.98,14.67,78.68,140.65,322.97,30.92,1.17,17.87,24.89,113.21,362.9,395.14,71.62,94.46,70.13,104.56,3.26,8.41,36.78,311.86,173.35,3.64,20.57,110.29,95.61,47.59,155.48,46.45,18.58,29.81,22.75,122.84,110.63,49.43,2.04,143.95,88.58,95.45,306.89,113.65,204.53,27.56,44.93,7.19,32.22,33.3,80.8,232.41,7.18,95.66,27.41,58.87,127.81,180.4,115.38,96.2,56.31,67.9,89.05,44.3,1,80,107.29,105.12,131.32,89.52,41.8,,0
2521,34.01,448.5,5,1,20982,28.06,137.13,263.56,35.87,162.51,227.64,108.15,4.79,23.77,145.11,51.1,30.94,75.65,18.93,13.56,561.65,69.49,128.05,131.33,140.98,84.66,5.12,48.13,2.99,44.35,63.75,87.36,81.09,72.53,126.27,101.04,7.66,455.49,65.23,184.73,201.55,508.86,49.27,132.65,106.26,5.63,21.3,38.27,10.76,19.43,195.5,13.65,413.82,20.54,38.28,183.23,15.0,32.04,70.54,199.86,135.6,27.76,110.07,216.43,2.58,85.2,220.07,47.18,161.5,14.46,62.2,78.69,290.0,245.72,155.15,122.61,155.34,53.76,20.86,358.16,21.22,52.85,170.35,162.48,42.49,135.79,6.1,12.37,42.74,24.56,83.41,297.94,132.93,105.07,53.85,0,32,110.81,112.19,99.15,113.84,0.0,,0
2522,39.61,757.64,6,3,17682,5.18,109.51,12.69,71.85,59.95,0.38,243.47,297.2,95.19,132.78,44.65,13.32,182.59,127.3,40.9,53.19,93.9,60.36,8.47,68.81,58.62,60.44,140.04,9.55,18.6,190.99,36.84,42.25,64.23,61.1,2.7,138.33,177.16,540.03,98.01,90.84,233.05,69.14,9.56,41.1,211.88,97.79,74.21,142.03,103.03,309.18,23.29,38.71,76.31,17.87,164.26,96.78,31.86,10.24,51.07,130.65,7.2,260.14,176.43,5.49,35.51,40.9,206.08,204.85,111.41,25.51,68.74,17.35,45.55,6.15,49.1,43.13,201.96,59.65,54.29,117.45,62.65,185.05,73.03,83.86,57.16,67.73,40.82,10.98,35.57,294.33,68.89,52.65,33.09,292.22,1,47,94.2,90.13,80.14,88.19,0.0,,0
2523,24.52,674.55,8,9,15040,2.65,105.63,78.21,112.2,16.4,50.59,198.95,29.7,105.56,72.39,225.18,22.27,156.94,67.86,120.08,105.7,35.48,112.34,29.83,5.53,2.97,6.98,271.39,28.12,257.54,217.75,42.68,17.8,10.21,36.99,85.86,74.4,302.43,134.84,22.01,75.88,27.66,160.75,12.23,25.04,11.96,157.86,21.31,65.75,66.6,105.25,35.49,75.91,335.42,324.83,280.06,53.97,114.95,114.35,74.6,80.67,109.82,16.49,7.46,257.15,31.7,26.68,131.21,8.05,64.09,20.31,546.36,42.74,47.98,12.73,143.8,74.11,98.88,1.03,19.24,361.24,351.15,74.47,134.01,26.11,211.17,534.8,52.57,44.68,142.32,164.79,20.8,162.17,79.5,4.51,0,21,104.56,110.53,84.86,121.11,0.0,,0
2524,20.7,754.05,7,9,6889,33.39,154.77,14.59,284.8,38.7,116.05,61.25,61.52,28.85,83.98,65.43,84.14,5.96,65.87,181.75,60.38,23.84,104.17,77.54,42.2,24.04,5.52,159.94,15.22,201.31,233.69,422.24,119.07,136.72,71.54,32.7,3.65,4.18,1.03,327.6,182.83,109.2,163.16,141.32,137.09,11.02,26.02,6.96,190.64,174.26,5.77,143.85,47.72,82.71,25.69,377.79,26.42,116.2,214.64,83.27,145.47,29.85,131.39,21.84,39.1,78.1,106.68,75.95,172.28,14.22,1.19,414.65,78.28,89.81,28.57,91.96,23.95,48.84,117.54,59.74,36.31,308.18,11.04,236.78,249.19,33.47,291.31,24.64,30.17,133.04,77.83,98.75,30.5,13.08,148.3,1,47,101.18,95.5,99.28,104.14,0.0,,0
2525,19.57,764.95,4,8,23084,96.79,32.13,44.98,48.21,27.79,220.23,47.63,40.3,28.09,156.13,33.68,5.09,38.38,5.09,97.94,159.41,231.46,158.48,227.29,45.35,5.61,51.64,72.85,197.14,28.8,27.0,113.88,77.18,296.42,131.51,57.01,58.72,214.48,129.27,54.96,55.77,62.29,53.71,100.05,8.86,109.12,39.99,161.91,89.49,14.39,12.61,73.88,83.35,64.09,276.89,8.43,47.51,206.7,11.02,6.7,146.46,68.0,56.68,112.62,145.98,178.56,165.13,4.3,59.2,33.57,144.45,16.16,129.22,48.3,5.45,6.54,24.82,21.68,53.46,62.44,69.08,122.91,171.86,1.04,77.41,193.65,71.49,34.29,5.42,5.8,3.66,73.25,117.92,14.37,231.55,1,31,82.49,70.68,91.55,71.57,19.98,,0
2526,39.91,417.23,9,4,29530,121.73,55.2,26.64,2.56,78.49,178.84,126.68,164.29,97.71,23.9,142.16,126.5,4.69,64.87,60.09,56.15,209.4,112.59,27.99,3.1,221.67,33.66,133.82,134.95,14.3,49.42,46.88,202.09,36.5,28.82,13.49,62.85,19.67,139.94,107.24,106.12,40.3,25.66,87.62,15.41,142.36,338.96,260.51,21.6,162.5,72.05,5.25,75.51,182.17,56.33,39.93,32.56,56.32,68.0,240.09,239.08,119.15,198.32,0.59,54.17,259.2,23.54,184.37,26.69,178.92,42.55,137.51,14.77,16.21,139.84,63.37,69.26,85.13,43.95,52.09,43.65,104.56,39.2,87.46,65.75,201.74,179.09,68.02,65.86,11.47,105.78,33.25,70.06,62.74,88.91,0,70,90.38,71.69,86.19,85.5,0.69,,0
2527,32.47,369.26,8,5,14072,57.47,14.51,0.51,24.65,58.67,104.75,75.31,62.91,281.4,211.08,99.78,130.79,43.83,87.33,5.35,168.5,60.54,285.07,68.24,4.46,224.51,417.59,124.33,174.83,99.41,83.05,4.95,97.85,45.84,378.16,97.87,117.96,67.8,115.97,131.0,110.23,26.71,51.47,337.63,202.97,128.42,23.84,223.54,51.75,87.17,40.13,91.68,312.92,169.97,64.89,208.17,54.82,123.98,70.27,74.41,75.01,140.85,46.0,6.98,81.96,96.21,175.19,65.78,134.33,17.67,205.0,5.53,194.04,184.86,104.29,146.44,182.87,369.74,91.26,22.51,53.43,26.82,98.44,165.92,240.21,52.28,268.43,129.5,61.61,9.78,10.57,51.45,210.88,59.15,80.52,0,75,114.96,91.44,116.52,117.16,0.0,,0
2528,48.14,255.93,10,5,27769,64.1,82.04,22.44,80.38,55.57,70.25,191.68,190.72,157.55,62.4,175.31,142.58,164.67,24.1,68.67,90.32,262.44,67.13,120.82,162.78,19.76,391.98,38.37,276.66,7.77,37.1,161.52,52.89,173.54,69.99,127.63,47.95,215.73,164.31,95.28,626.49,89.63,34.55,102.71,44.82,419.18,95.73,186.71,184.18,64.0,93.42,15.71,253.35,14.91,81.02,154.72,123.42,5.28,107.09,26.21,149.9,5.73,10.09,72.22,174.05,94.39,94.23,159.0,144.79,130.35,3.2,208.89,14.86,96.43,10.78,91.58,67.93,61.25,131.08,146.59,120.91,55.09,58.01,4.08,47.28,119.6,148.74,180.27,267.63,176.41,92.23,43.23,79.14,57.13,130.89,1,49,114.53,96.32,116.18,101.2,14.98,,0
2529,22.3,211.71,1,8,17483,20.22,54.7,133.75,14.15,86.52,154.98,40.94,112.36,62.62,72.36,78.57,7.32,1.9,24.14,78.92,370.65,193.95,160.55,28.16,63.17,49.71,531.36,83.76,115.87,189.52,48.57,366.32,184.01,144.17,11.22,70.77,133.33,49.84,83.93,98.63,197.67,15.93,122.88,197.55,103.16,155.8,188.03,53.9,80.74,213.69,142.87,82.54,30.47,448.12,210.53,97.64,79.03,75.84,26.61,10.84,12.65,53.1,275.68,111.47,54.46,51.35,60.01,28.4,21.08,131.66,185.5,95.31,306.19,28.15,0.45,17.41,208.59,80.49,23.76,12.46,13.64,284.69,210.96,120.62,69.74,106.66,1.67,19.04,143.58,187.32,155.86,36.73,103.18,34.52,148.8,1,80,109.44,99.25,116.15,96.26,19.89,,0
2530,45.86,774.35,3,9,20225,48.14,84.98,9.6,120.95,13.17,125.95,77.95,31.27,155.24,14.56,111.74,232.62,97.91,40.08,68.46,68.43,35.28,39.9,103.12,23.36,24.81,61.04,208.55,134.35,22.36,44.57,111.6,100.11,5.43,43.19,4.91,79.46,58.13,14.67,32.33,13.67,105.45,69.51,205.32,79.21,267.34,299.83,284.36,31.28,137.37,0.63,51.01,8.78,128.59,44.34,95.34,54.27,188.85,113.1,87.64,84.7,393.88,372.1,0.27,199.76,38.31,126.6,45.38,55.34,196.3,27.41,111.33,160.01,10.28,107.78,215.39,319.48,6.95,29.04,32.33,123.45,11.1,5.09,13.84,179.75,55.06,62.64,6.8,31.64,51.99,9.77,314.83,170.71,34.14,99.08,0,31,93.52,88.57,75.29,88.39,0.0,,0
2531,16.73,476.58,6,1,1389,14.73,35.76,59.91,32.52,70.56,133.23,57.16,163.67,9.33,8.18,110.59,64.36,34.03,23.75,7.01,12.72,107.71,29.42,95.24,87.09,97.86,204.32,37.05,154.7,139.9,138.61,102.84,116.97,45.77,128.21,23.95,193.77,16.54,7.95,109.68,40.26,227.74,149.17,39.03,0.98,68.44,25.82,124.38,57.85,199.82,82.78,93.68,4.45,50.16,29.08,59.11,19.58,67.53,107.5,154.1,312.03,32.83,54.47,386.54,120.23,82.64,14.6,24.97,233.35,402.57,40.23,74.43,28.19,87.53,107.19,99.35,40.44,176.29,26.18,14.72,49.33,76.1,74.44,12.2,239.96,75.08,57.49,180.05,196.49,5.73,34.14,119.35,106.73,68.99,448.73,0,83,93.11,87.14,77.44,106.58,0.0,,0
2532,34.76,495.97,10,4,25327,259.03,0.54,23.57,437.63,96.12,134.94,7.25,5.74,102.22,0.95,10.95,432.16,47.92,118.92,119.17,3.61,53.6,30.32,120.33,134.86,46.14,55.82,61.34,51.9,185.11,124.14,34.26,331.67,72.22,103.91,57.13,117.19,102.17,40.08,29.5,85.76,131.97,28.19,369.64,75.41,7.87,6.0,25.86,90.66,316.23,29.86,20.97,53.31,453.08,65.68,50.83,51.26,68.15,28.96,230.15,14.23,196.29,11.32,7.74,157.12,34.69,44.89,90.57,62.06,95.42,67.85,17.74,2.58,16.62,72.11,111.84,7.72,55.65,165.29,27.65,4.79,406.36,91.75,61.12,18.52,25.6,127.85,124.84,127.25,48.68,506.27,0.21,103.99,26.99,77.68,1,46,97.26,111.42,106.88,87.49,19.39,,0
2533,28.66,358.49,5,7,8338,149.32,142.26,9.82,80.66,108.82,205.37,130.67,26.67,198.5,1.73,73.81,363.64,85.0,55.1,93.13,36.38,3.82,45.56,121.46,80.73,236.92,193.71,138.63,19.59,45.38,42.45,151.88,23.55,213.73,1.54,201.38,86.49,70.05,3.17,138.85,151.54,152.88,86.8,51.22,102.3,363.47,2.03,64.3,28.21,38.0,105.02,45.55,147.42,187.38,20.15,208.16,40.21,31.75,2.2,123.32,59.23,22.69,343.16,397.18,17.73,55.85,65.82,55.41,15.36,30.83,200.86,385.4,20.37,17.36,66.5,132.67,167.26,32.46,7.97,100.66,80.9,147.1,88.59,17.96,127.21,260.9,110.52,248.7,49.34,9.69,215.16,75.71,86.72,47.1,19.79,0,78,103.46,92.83,102.66,98.01,4.66,,0
2534,48.82,354.02,7,4,5491,20.27,13.36,38.52,91.4,182.17,119.09,58.91,5.34,85.44,60.02,147.04,9.81,10.28,44.11,11.88,216.46,34.08,2.15,35.55,29.0,101.19,79.77,82.88,36.37,129.63,234.44,52.51,8.66,54.18,17.53,65.92,191.13,225.58,69.69,96.87,12.95,143.93,76.45,135.38,9.89,59.06,156.99,147.56,30.55,479.94,2.04,2.1,316.88,122.29,224.88,60.08,16.08,145.59,53.8,59.11,22.75,62.25,65.46,97.8,64.64,407.64,88.87,75.69,75.06,116.97,68.05,58.35,14.85,61.63,73.7,122.68,44.8,22.76,362.95,108.45,46.24,53.31,55.04,34.84,44.24,9.23,245.83,403.48,260.6,60.09,151.85,338.52,2.05,263.69,103.74,0,71,100.05,100.09,67.07,125.84,0.0,,0
2535,17.36,828.48,2,9,28935,39.23,24.48,36.95,1.0,136.82,36.05,236.72,57.65,133.41,87.21,192.97,20.86,54.63,161.51,240.18,215.22,52.73,106.73,102.63,95.36,46.29,31.61,60.14,123.9,33.96,0.49,4.57,113.74,10.15,83.84,89.94,30.44,93.2,180.88,167.05,119.23,26.26,9.68,83.05,181.14,76.5,105.86,23.42,8.33,125.41,32.02,371.84,277.95,92.81,186.97,19.09,131.0,209.91,135.73,28.23,152.76,40.2,81.92,374.29,13.95,0.64,374.68,106.78,83.23,12.64,86.48,62.23,46.66,15.65,38.76,0.35,61.68,49.51,15.79,38.52,18.91,53.73,21.77,19.54,1.39,25.64,87.09,34.3,101.44,267.93,124.1,183.18,95.09,0.07,11.28,0,84,89.44,85.08,84.7,67.97,16.73,,0
2536,28.12,282.72,10,5,5400,2.39,30.52,28.19,133.78,47.61,6.82,281.8,6.27,296.78,68.11,112.14,128.94,89.31,55.82,45.48,449.28,105.02,32.64,152.99,10.91,4.38,245.11,46.88,39.13,110.0,189.25,18.91,7.63,216.25,129.67,23.89,65.4,9.56,18.36,31.2,74.78,39.8,10.64,36.38,134.29,66.82,65.48,73.87,75.33,25.32,93.09,37.53,259.72,18.92,151.31,352.45,171.51,86.24,108.26,54.21,79.43,17.58,51.76,166.44,123.74,47.66,113.17,105.18,9.36,15.4,45.5,49.2,9.81,301.51,123.48,1.01,21.12,26.62,102.8,236.27,18.98,37.48,86.08,65.52,12.6,46.76,314.56,37.77,137.55,79.08,18.77,0.81,170.89,83.96,1.68,0,28,88.18,89.12,103.07,77.35,25.71,,0
2537,30.81,894.53,10,4,11669,56.37,186.7,88.5,37.02,183.34,35.58,34.21,240.32,46.38,71.96,15.14,64.7,30.87,288.09,59.84,38.42,99.73,483.84,27.44,237.67,236.79,78.38,107.6,59.23,152.58,208.62,123.94,33.0,203.73,101.7,24.71,38.13,172.48,27.91,88.92,44.49,42.52,40.11,294.41,84.68,10.76,26.17,190.76,76.38,31.94,194.49,131.74,4.41,330.5,9.35,87.8,25.69,86.21,41.71,70.73,111.1,72.76,22.15,106.84,171.34,29.17,34.75,27.8,153.51,102.32,141.26,44.71,10.08,31.73,165.07,180.91,36.77,126.11,1.4,90.13,132.55,81.28,142.11,2.19,4.3,258.97,157.88,81.95,251.64,24.66,16.52,192.44,37.88,41.11,56.21,0,15,99.45,87.63,121.06,88.58,32.48,,0
2538,17.18,583.39,3,7,16175,314.81,56.66,64.62,16.03,8.14,15.57,82.93,84.03,202.9,0.65,58.22,68.71,23.16,46.28,82.81,31.6,108.91,149.65,95.59,67.91,7.01,83.5,39.45,24.04,96.74,22.39,18.51,84.6,42.06,194.41,117.03,215.89,89.1,220.6,298.8,4.45,28.94,59.82,0.75,28.21,54.66,40.59,163.28,59.23,44.35,108.37,81.94,50.39,253.58,20.37,19.17,85.25,15.35,59.34,80.51,20.53,77.44,184.75,8.37,136.56,92.83,70.18,11.71,48.63,38.05,2.04,10.94,66.5,57.09,120.59,7.63,11.07,68.08,9.85,31.02,33.99,89.63,32.16,14.87,34.88,13.16,73.66,14.62,93.08,635.5,438.53,168.02,41.37,256.35,23.19,0,26,82.54,97.58,73.06,86.97,0.0,,0
2539,48.37,516.45,9,8,22019,311.5,58.14,55.07,713.74,112.98,19.68,103.69,254.49,0.07,280.72,67.6,216.94,23.64,112.93,37.94,55.95,94.63,174.64,91.23,35.28,111.63,45.32,29.03,75.22,57.27,104.2,2.47,20.9,293.06,93.96,11.19,21.09,66.13,51.65,155.19,178.03,14.43,29.2,34.91,259.6,14.41,264.87,127.27,51.21,39.06,103.95,10.41,98.13,101.38,220.63,15.3,6.47,172.25,282.72,355.05,62.47,197.06,5.63,208.56,122.13,71.8,2.94,35.43,133.26,31.13,99.58,232.89,6.13,26.86,164.97,29.98,69.5,54.17,12.13,33.45,24.21,101.2,176.18,309.09,114.82,20.51,154.48,39.43,89.7,4.66,21.22,49.3,57.69,199.19,138.4,0,23,104.87,108.34,121.8,83.48,38.32,,0
2540,59.05,276.31,10,2,26222,1.8,202.56,57.89,35.64,27.57,14.86,258.93,11.25,147.06,169.59,210.74,28.45,112.37,9.22,284.46,345.45,124.8,81.19,4.18,53.53,54.18,9.59,0.84,7.97,9.9,28.28,35.79,32.43,71.93,25.4,24.5,94.59,43.34,4.04,6.71,156.01,21.03,193.58,93.11,224.47,38.57,158.96,48.91,240.06,8.04,151.55,86.39,8.96,118.49,16.99,92.11,14.55,91.12,66.29,6.49,285.61,255.32,62.16,99.38,6.34,228.46,258.47,179.76,38.3,12.91,1.06,211.7,231.19,56.11,103.8,94.51,131.17,158.22,23.82,22.86,216.8,54.64,175.94,79.45,49.27,187.16,15.45,26.87,204.39,394.09,10.74,29.13,66.24,72.65,190.73,0,29,96.68,91.4,81.93,117.53,0.0,,0
2541,61.19,282.1,8,1,22730,136.81,104.89,62.48,72.13,49.17,24.6,18.23,66.21,141.09,1.82,55.02,139.89,35.69,6.81,38.19,60.44,74.66,13.58,21.48,59.78,60.91,138.38,104.58,192.04,272.28,250.17,79.8,70.36,174.95,83.43,387.1,19.75,170.28,37.37,158.52,191.23,13.75,26.42,89.92,181.11,33.01,27.38,104.55,201.28,34.4,51.02,41.69,145.78,45.39,252.62,2.33,12.13,212.41,76.24,62.29,301.91,193.26,36.38,92.08,19.01,77.24,122.83,198.92,161.74,47.21,91.87,19.68,118.15,37.82,25.69,336.7,119.15,57.77,228.7,3.2,44.97,23.6,11.77,208.83,40.88,212.54,163.97,195.64,57.41,8.89,45.48,251.93,205.49,189.0,80.57,0,46,102.42,84.98,87.0,112.92,0.0,,0
2542,22.25,339.43,8,6,4857,6.36,29.67,1.36,86.12,32.84,4.35,51.71,16.52,6.31,60.33,32.9,173.92,3.3,17.25,8.1,30.48,93.82,7.94,344.46,118.5,105.78,133.61,26.66,157.05,168.06,14.57,178.39,75.66,6.07,28.41,24.55,96.73,44.33,225.05,2.91,131.77,85.21,5.45,69.56,21.07,311.81,4.7,0.36,62.28,63.62,124.62,207.19,48.84,59.73,177.8,107.17,55.84,127.21,16.51,32.65,83.57,212.14,4.62,27.8,77.7,4.01,33.09,67.97,129.8,339.1,88.75,86.94,3.79,78.47,36.91,43.77,248.37,65.59,147.7,100.61,102.86,18.56,154.11,267.82,25.51,49.98,201.49,149.6,24.08,196.37,40.14,79.4,70.59,24.9,14.13,1,76,82.53,79.51,67.35,96.48,0.0,,0
2543,8.12,444.4,1,8,17003,67.34,188.32,50.2,174.24,15.84,3.56,75.93,48.65,198.87,110.19,78.69,45.24,152.79,38.2,53.2,87.02,1.89,187.87,11.17,96.36,43.13,103.49,10.55,220.37,4.3,91.35,270.93,306.19,54.26,34.78,13.59,94.02,55.6,108.2,112.24,11.48,36.07,107.92,268.71,23.17,141.35,4.93,19.21,55.16,71.99,253.33,3.23,116.27,15.11,81.94,92.29,10.21,11.01,54.22,190.16,245.14,7.43,157.72,18.02,29.05,77.21,19.66,45.49,315.93,149.49,117.45,65.36,68.89,143.77,106.08,23.18,85.59,34.61,23.91,13.44,59.23,93.66,227.92,65.35,6.48,35.34,412.62,187.61,43.85,64.87,85.04,174.82,160.17,17.16,44.88,0,84,91.14,83.41,94.16,98.97,0.0,,0
2544,33.75,337.21,6,1,26148,100.95,92.86,199.41,196.72,144.4,187.93,31.45,88.52,184.72,309.69,129.51,41.58,55.52,39.54,15.47,79.21,53.81,87.52,22.49,10.68,54.46,28.37,184.78,30.98,266.49,133.75,22.93,28.45,0.55,4.98,19.71,11.88,41.54,0.52,62.6,41.97,7.18,226.85,108.27,30.9,116.36,63.55,192.95,164.58,328.83,15.77,9.55,125.66,81.76,270.54,98.51,66.99,8.84,54.51,83.92,9.26,249.18,45.21,126.52,27.18,3.42,185.95,82.67,387.25,50.61,18.6,315.79,53.17,70.77,205.45,137.94,16.01,36.43,235.06,61.89,14.68,52.02,23.96,110.77,32.55,399.02,63.53,299.85,74.47,149.29,45.55,108.83,42.8,36.95,165.12,0,23,99.99,93.8,94.26,116.01,0.0,,0
2545,28.0,391.86,8,4,15535,180.54,110.37,90.03,13.56,112.71,35.5,39.17,25.38,188.91,61.25,59.62,62.82,4.98,191.29,153.82,57.78,29.76,46.8,104.69,79.12,47.54,34.29,20.8,70.99,438.32,20.97,207.55,34.12,78.36,63.75,21.0,38.14,17.88,31.86,283.19,100.55,70.06,68.9,15.24,6.15,114.21,45.49,116.13,188.14,440.8,94.1,25.36,155.66,23.63,160.03,222.79,89.22,82.89,88.96,37.75,0.95,22.68,0.34,4.54,106.3,55.47,109.99,221.9,93.71,24.29,19.3,68.72,142.47,246.36,111.8,379.66,171.08,54.52,131.43,50.16,191.75,18.62,64.15,90.23,178.87,154.81,99.7,196.71,18.03,48.84,53.55,109.39,15.96,36.97,29.99,0,60,94.74,88.07,88.83,106.28,0.0,,0
2546,58.25,245.11,2,5,26118,44.47,102.69,206.71,55.07,36.91,60.4,131.52,364.72,77.2,20.98,134.69,23.66,105.91,27.01,21.55,118.9,135.78,84.61,89.53,36.52,24.65,282.45,3.89,30.54,25.06,46.36,119.43,126.1,85.95,227.48,35.53,138.3,129.5,126.59,78.5,60.87,216.91,158.64,11.26,7.8,85.73,14.54,79.61,397.73,52.57,44.55,17.13,61.21,27.5,74.48,229.84,75.86,103.1,8.24,346.2,54.66,113.97,240.82,282.11,47.12,85.9,55.46,12.19,51.48,111.31,208.48,101.22,66.45,187.0,12.79,2.02,124.42,6.1,83.35,14.05,66.96,255.57,56.78,42.82,86.09,269.26,34.2,316.81,7.52,35.64,108.63,2.22,132.86,160.41,28.8,0,28,98.87,89.23,95.02,90.89,4.13,,0
2547,13.41,916.62,4,5,24679,4.79,62.66,18.58,154.71,37.55,43.15,122.29,251.12,61.39,49.97,17.8,53.07,72.02,54.64,13.08,109.73,134.18,44.81,298.75,185.47,11.52,27.2,42.85,54.51,29.55,13.33,19.73,53.23,37.64,76.42,14.75,179.98,1.33,73.32,34.53,37.97,108.02,186.97,53.35,9.74,65.51,102.01,1.97,7.6,45.73,108.67,285.68,215.61,9.97,86.67,381.74,138.55,19.77,56.65,172.3,34.03,224.21,76.93,40.32,110.63,147.47,24.54,94.52,156.03,52.92,9.31,63.98,212.73,22.98,65.98,72.59,59.64,31.71,80.45,36.51,47.52,101.56,20.01,170.65,33.49,360.94,6.12,129.45,31.64,283.93,150.55,13.53,77.48,10.15,247.7,0,68,87.29,83.73,71.86,93.87,0.0,,0
2548,33.4,700.95,10,6,6124,195.16,90.6,8.03,85.88,0.04,43.13,354.26,108.12,34.84,86.03,253.43,180.67,155.3,20.12,15.3,78.37,372.53,77.66,10.29,330.58,175.79,7.83,49.7,43.28,208.39,158.61,174.22,10.19,171.68,90.48,145.14,1.87,42.31,174.98,120.34,77.06,52.66,257.84,4.05,63.33,198.05,28.18,16.94,40.44,55.02,191.56,0.68,32.85,44.88,23.86,50.5,39.37,277.41,58.9,90.48,294.78,58.62,44.57,368.97,209.52,10.38,146.92,10.52,1.78,240.29,315.62,207.21,73.58,116.26,103.1,7.67,11.21,102.8,182.27,111.02,4.76,10.22,97.58,35.57,41.66,168.69,57.01,617.11,213.26,24.31,311.09,65.6,107.01,263.42,103.56,1,10,115.75,111.51,119.68,125.38,0.0,,0
2549,29.42,407.95,4,5,11738,9.03,44.05,187.52,26.48,44.18,1.33,4.48,38.11,100.28,119.59,403.31,25.22,15.51,122.84,51.19,195.8,132.36,34.88,52.3,239.88,55.91,54.34,186.65,60.76,13.98,263.08,260.0,27.58,117.98,21.22,56.17,290.72,218.05,199.23,93.92,200.21,70.73,94.41,32.53,156.42,268.47,152.92,36.51,131.51,74.14,15.63,3.82,65.02,124.1,47.7,329.06,149.74,33.51,6.41,26.69,90.59,106.66,245.6,210.63,101.65,11.68,41.4,50.51,209.22,103.99,350.86,2.26,10.3,48.27,32.99,130.63,38.34,1.55,84.05,98.88,11.09,8.46,126.95,168.17,20.14,10.13,29.34,88.64,28.82,22.85,82.61,41.44,86.15,10.62,189.52,0,23,96.47,89.68,96.99,71.33,25.66,,0
2550,50.96,0.0,6,9,25463,14.25,44.2,114.59,100.49,132.86,134.56,37.28,222.37,172.6,258.08,24.39,41.25,83.19,138.74,56.48,133.12,37.08,68.31,262.67,114.08,196.55,50.32,50.61,39.95,128.91,139.03,111.16,18.89,15.49,56.66,179.08,152.47,48.78,28.3,124.77,260.14,93.67,47.93,60.74,76.81,149.18,8.1,94.62,30.78,82.89,137.15,33.09,18.6,0.71,7.15,19.43,74.66,153.98,63.45,225.16,3.95,1.79,194.99,5.56,4.01,95.42,158.64,12.46,388.19,54.66,13.64,184.84,137.01,1.9,97.52,26.26,145.38,5.34,43.07,9.59,99.98,39.02,91.83,3.85,26.33,194.12,44.41,741.45,207.34,22.25,82.87,82.4,98.05,72.59,51.93,0,62,95.69,101.25,99.94,107.75,0.0,,0
2551,12.09,306.93,1,7,10678,171.15,371.87,163.55,86.49,12.2,166.75,13.22,51.19,171.88,409.58,86.48,56.14,62.71,69.2,65.57,52.24,55.16,48.74,125.17,0.56,155.89,219.92,59.72,54.86,497.9,41.6,125.35,107.13,17.96,0.05,21.12,17.32,54.03,31.11,69.61,144.92,312.98,236.0,1.44,12.07,105.46,149.27,16.96,3.92,71.1,189.18,116.42,68.22,107.72,21.66,28.95,38.41,166.66,130.82,290.84,142.34,36.44,24.45,32.29,29.57,22.18,37.21,98.05,106.83,94.01,17.25,294.39,268.51,18.48,222.84,115.85,3.49,83.75,114.65,94.86,94.22,214.0,6.29,15.53,40.63,50.98,288.7,90.64,86.22,64.62,120.51,363.56,32.34,5.43,262.5,0,54,105.78,101.88,117.34,110.95,6.39,,0
2552,16.71,399.24,2,9,9513,191.66,294.47,46.42,78.71,218.61,47.91,191.88,35.25,11.98,211.62,7.54,2.11,270.05,30.52,144.74,87.52,236.01,18.84,14.75,75.0,56.73,39.95,43.61,265.21,20.81,80.11,35.02,216.42,43.26,41.49,89.31,28.99,140.78,13.42,473.78,162.1,16.82,134.7,84.71,217.43,81.27,33.0,22.74,69.59,2.5,66.45,21.41,183.6,146.42,43.17,76.09,53.37,67.82,8.04,140.46,153.88,158.21,54.75,299.27,194.99,93.83,73.4,3.11,30.26,112.24,25.9,43.77,319.77,87.85,1.32,230.93,192.45,5.39,98.57,69.56,21.16,215.75,55.52,25.58,263.92,265.59,31.15,98.98,105.75,228.4,17.3,434.9,13.86,110.09,34.94,0,49,106.76,99.55,101.94,110.37,0.0,,0
2553,19.76,744.37,6,0,20439,54.48,16.96,25.45,232.63,374.14,32.31,57.29,96.82,285.45,18.68,307.0,105.07,113.7,71.29,123.23,40.93,57.74,141.66,41.47,2.09,14.61,175.43,271.95,66.45,11.16,119.4,92.82,5.38,47.29,25.88,147.64,9.33,27.88,75.16,214.85,209.52,120.8,23.42,106.6,39.1,311.73,113.33,9.77,33.43,223.98,182.32,23.5,102.41,273.19,30.46,143.87,172.65,45.9,57.06,44.52,26.49,517.79,6.58,102.06,8.68,62.19,138.13,84.4,35.37,141.8,204.32,90.96,50.47,35.65,47.01,9.06,9.68,17.42,55.65,5.79,34.47,139.64,45.3,36.56,56.26,9.29,326.46,172.95,75.96,77.6,300.9,42.47,86.38,21.67,39.47,0,15,98.73,98.33,100.96,81.78,19.18,,0
2554,16.89,399.77,7,8,20994,390.55,134.61,19.7,151.33,214.46,11.16,173.29,222.14,54.93,1.92,21.98,108.91,121.83,42.02,29.67,349.5,318.44,18.3,73.39,73.34,201.62,17.84,284.93,157.46,28.99,3.91,19.55,160.59,16.46,125.53,79.18,124.44,25.12,196.81,17.19,111.65,136.27,35.74,81.52,17.57,359.66,140.0,49.64,39.94,23.78,8.63,329.24,32.49,170.83,55.94,220.55,124.22,73.02,68.82,13.98,15.71,139.78,144.93,26.6,35.64,107.77,9.29,92.69,148.67,208.23,69.22,8.04,68.04,37.96,95.77,30.98,146.24,50.95,144.43,28.61,32.45,133.67,100.44,80.23,81.75,77.15,155.87,58.79,49.02,237.28,18.47,7.83,212.84,59.05,48.3,0,86,100.52,89.39,118.28,86.67,31.61,,0
2555,44.33,805.31,10,3,16578,121.13,44.17,95.61,173.85,60.11,47.92,254.31,98.91,197.48,112.73,193.25,114.94,13.26,41.27,96.56,59.35,340.86,292.28,3.22,162.57,12.91,282.12,69.95,14.77,171.36,346.46,120.38,58.12,9.27,297.26,3.86,47.15,3.16,315.71,11.28,217.1,128.91,189.22,94.18,115.25,16.59,57.57,457.89,79.08,72.37,5.35,14.07,113.05,70.78,41.36,2.95,136.13,197.02,112.74,278.43,145.99,26.97,72.48,29.18,200.5,237.23,167.32,6.32,30.97,165.83,20.25,59.37,81.01,114.09,16.14,198.79,91.9,179.63,28.45,21.2,120.95,46.04,342.14,150.22,63.57,324.4,199.71,198.78,128.08,147.25,18.81,71.44,35.22,15.45,245.93,0,71,118.77,100.29,130.21,117.55,12.66,,0
2556,8.02,510.79,3,5,13200,129.16,296.03,154.89,6.46,49.11,56.4,171.11,128.47,10.97,17.93,37.26,65.93,29.1,44.86,372.27,10.03,63.44,198.13,62.57,15.29,85.44,161.35,73.26,220.39,22.38,17.38,11.96,40.17,91.11,153.08,94.64,1.75,435.66,10.76,44.14,108.61,94.36,4.86,145.12,73.64,3.07,57.71,30.98,87.35,42.94,63.38,85.14,110.79,25.27,64.6,49.62,17.03,41.55,79.72,177.37,71.59,49.32,107.99,110.6,34.55,160.66,20.59,49.75,55.07,11.2,47.66,13.86,16.72,8.34,127.39,38.02,2.65,144.31,19.85,189.37,125.39,42.98,40.51,44.6,4.36,163.62,244.69,610.32,94.71,115.73,106.37,6.72,73.05,91.31,61.21,0,36,87.23,95.31,93.2,91.03,2.16,,0
2557,19.17,399.57,5,5,8616,175.49,4.34,24.01,63.95,89.29,372.58,158.81,36.93,248.79,204.46,134.19,25.3,37.22,150.24,54.03,58.38,97.67,154.02,52.75,73.96,89.95,1.97,38.2,328.71,26.97,76.91,6.06,160.64,135.86,84.64,92.74,18.85,41.05,59.55,165.45,67.53,99.17,18.16,54.95,134.77,78.26,51.19,107.21,81.91,64.55,298.74,37.67,86.89,20.64,96.75,239.34,53.91,17.73,306.61,197.23,78.26,141.05,51.14,78.0,241.35,36.69,52.72,115.48,4.22,37.64,11.63,77.74,0.98,12.34,37.89,84.66,23.82,30.96,350.08,25.31,102.99,77.28,72.01,15.78,19.43,24.31,53.41,12.34,24.72,36.38,205.32,106.83,174.14,31.78,163.22,0,55,91.88,83.0,105.54,67.4,38.14,,0
2558,35.5,869.98,2,6,21734,293.62,44.89,87.06,202.4,152.87,89.13,32.15,132.49,8.61,1.76,27.43,51.34,26.1,46.93,150.33,20.9,61.99,27.74,8.36,34.74,42.53,2.93,114.24,130.35,191.14,4.99,78.23,6.51,141.94,21.72,83.45,196.77,74.5,140.14,18.35,11.45,17.75,120.02,99.57,283.82,62.35,256.0,101.03,67.25,76.63,6.2,17.89,81.03,87.36,61.83,73.89,38.56,402.65,12.1,13.82,72.98,74.43,115.31,3.08,36.26,163.24,183.68,45.75,52.79,148.14,48.08,55.02,18.71,7.13,43.28,285.55,57.61,33.26,52.93,271.44,129.66,40.0,24.06,319.18,552.41,24.65,71.77,1.19,108.73,138.95,8.93,29.69,42.03,10.94,92.75,1,54,88.93,95.27,74.52,102.05,0.0,,0
2559,8.55,54.85,8,8,18757,17.65,56.96,154.05,43.89,81.99,217.35,371.05,62.88,150.38,6.99,49.29,66.67,56.89,156.1,267.87,18.22,68.0,188.53,62.19,33.83,12.3,6.79,214.5,148.8,1.89,63.25,573.68,239.64,253.65,122.81,121.16,178.47,14.26,6.02,57.93,162.79,3.55,188.84,72.29,309.63,19.11,57.93,11.51,15.48,136.87,176.95,266.4,141.8,53.15,17.79,34.87,336.88,258.81,34.06,101.84,32.24,260.88,190.48,41.79,210.38,264.84,181.05,90.72,160.0,86.59,69.32,3.76,67.72,13.06,32.7,23.84,51.95,152.67,150.2,58.28,28.76,67.75,4.18,140.29,139.49,15.5,38.09,245.91,19.78,18.45,263.94,127.93,51.72,229.37,34.55,1,24,112.39,103.52,125.6,94.41,31.19,,0
2560,20.98,354.68,3,2,11250,102.41,20.63,6.04,33.26,60.16,152.33,243.78,63.64,237.74,52.01,93.44,107.06,232.53,8.98,87.33,7.45,24.57,44.94,79.18,89.73,116.95,129.9,7.76,72.62,52.37,58.98,9.31,10.05,55.94,106.35,51.11,51.89,87.05,222.19,132.16,127.14,60.9,290.78,32.87,176.01,103.2,4.79,125.48,272.15,19.12,52.28,332.61,153.01,117.74,121.52,108.89,145.11,41.16,161.77,514.63,159.42,21.26,214.03,31.87,113.89,252.03,8.85,82.86,24.69,72.54,235.54,141.44,121.26,37.06,40.97,138.81,213.02,124.95,89.46,308.09,184.53,419.51,35.01,103.5,166.7,29.09,109.65,38.96,45.65,13.23,62.56,177.47,72.51,6.05,84.57,0,71,109.49,94.23,78.91,114.69,0.0,,0
2561,51.89,681.94,7,5,22982,5.17,274.72,10.92,434.41,167.04,277.26,13.7,123.6,83.97,80.05,253.27,12.79,17.09,7.63,24.91,72.72,184.49,185.44,34.49,99.25,92.0,68.68,57.02,195.21,305.16,26.45,81.35,24.5,61.0,2.38,114.73,91.79,253.56,49.45,53.77,13.68,12.04,42.07,23.07,90.5,62.35,30.35,6.55,57.13,61.36,69.99,37.99,259.04,196.54,22.03,72.45,183.42,315.4,44.04,12.5,91.97,48.18,48.48,39.29,136.83,131.99,55.5,70.39,174.08,62.14,177.51,46.53,3.82,8.43,7.71,6.44,202.68,1.96,69.57,88.4,460.63,97.91,0.27,236.93,78.61,57.89,97.08,28.71,250.55,146.0,106.11,105.49,488.57,117.92,25.69,0,79,102.47,103.67,109.22,113.52,0.0,,0
2562,26.67,517.3,2,5,20940,18.96,255.64,143.94,29.69,20.06,127.68,59.64,278.81,8.07,35.24,271.23,7.65,53.9,9.13,13.75,57.03,5.41,86.17,10.81,67.15,121.32,124.23,88.06,199.87,165.04,166.86,14.01,348.84,139.14,214.41,19.26,15.34,80.06,8.26,45.75,98.58,264.61,301.21,431.65,108.59,6.79,148.79,17.75,53.56,14.8,219.57,5.47,139.54,21.59,72.97,91.85,36.38,24.55,14.72,150.12,57.1,342.66,95.9,108.99,52.99,9.93,41.88,58.26,19.09,101.06,122.91,121.4,317.53,241.65,3.12,30.98,187.17,100.65,13.95,2.45,44.84,25.78,160.49,21.9,33.56,29.37,112.89,464.93,300.58,51.23,741.75,236.37,149.65,22.56,67.39,0,63,111.41,123.56,104.72,127.84,0.0,,0
2563,38.89,499.06,4,2,14519,111.59,10.17,330.97,89.66,41.1,49.94,21.45,8.95,69.6,107.34,189.94,219.73,25.7,59.2,365.85,84.64,294.37,7.76,29.28,405.49,79.03,27.18,34.49,15.79,57.11,165.21,118.31,91.41,122.15,28.97,23.75,6.04,36.28,88.6,36.54,120.93,11.72,165.53,12.23,172.04,0.09,238.48,87.68,500.2,15.97,11.68,88.15,48.56,54.89,40.05,428.02,202.47,0.68,57.52,46.55,145.2,20.53,107.36,82.26,187.78,96.35,92.42,114.97,191.66,164.33,27.43,23.66,278.79,319.38,223.26,22.33,123.82,45.95,98.65,97.97,62.43,37.09,17.62,108.89,310.0,23.4,245.93,3.98,293.42,134.22,130.49,92.4,74.28,172.98,111.09,1,10,111.55,106.59,108.75,124.64,0.0,,0
2564,50.91,1053.96,10,1,23469,15.84,66.12,77.67,166.09,237.01,29.75,199.38,140.35,133.57,22.3,58.43,164.6,61.55,119.73,60.94,44.41,62.91,97.43,208.27,39.88,28.74,109.69,39.53,38.92,126.38,110.5,64.12,42.02,162.38,174.97,144.59,42.44,14.9,171.05,383.56,82.87,219.57,63.21,19.64,184.79,54.97,119.44,245.52,210.31,36.97,115.45,21.41,26.33,64.03,4.86,510.03,293.26,11.65,121.06,190.13,231.59,6.42,201.26,125.09,213.6,242.73,5.31,61.87,357.97,92.03,6.47,19.23,101.87,37.86,68.53,264.19,174.21,92.02,77.23,232.77,325.2,227.41,49.37,0.39,155.03,104.86,134.3,34.53,242.14,28.78,134.73,311.98,16.31,79.21,81.45,1,49,119.93,98.48,96.78,125.33,0.0,,0
2565,13.34,617.99,8,9,26694,49.05,161.85,90.13,137.47,345.74,85.17,142.9,32.85,47.62,18.88,99.37,153.6,157.53,40.12,81.09,50.96,37.31,21.48,274.81,30.54,63.58,96.2,52.69,16.0,45.88,14.16,11.14,36.14,139.0,36.34,224.73,320.61,34.12,83.56,113.67,94.08,128.72,3.68,176.91,71.93,205.51,95.68,63.26,137.11,78.88,51.85,165.23,73.65,9.45,294.22,102.74,208.36,290.54,65.92,136.72,118.61,50.65,87.15,179.83,3.93,10.03,30.34,10.06,151.75,60.21,123.83,60.43,123.35,64.64,33.97,118.9,12.38,119.66,274.41,80.41,53.57,86.38,36.82,54.53,48.68,201.32,279.63,29.96,3.55,31.43,86.76,91.99,10.43,65.52,150.8,0,35,97.18,78.87,85.65,83.52,2.13,,0
2566,15.65,390.36,9,6,13127,12.9,22.3,4.27,300.36,86.38,48.6,14.3,177.0,40.57,149.13,268.61,13.38,48.29,239.38,143.4,89.71,112.77,3.23,170.13,34.37,275.85,6.13,241.65,110.74,19.96,174.95,43.92,379.33,49.59,48.87,173.47,170.16,4.2,293.63,292.4,146.23,2.46,95.23,27.8,197.49,138.15,44.42,173.05,25.95,32.13,17.11,139.83,6.89,59.47,114.84,75.44,300.59,9.3,42.1,78.52,17.01,23.75,202.36,184.24,294.08,24.4,117.53,213.7,106.7,55.56,51.5,8.95,13.24,47.03,62.51,80.66,126.78,100.99,370.48,24.86,15.7,56.81,24.08,226.64,81.74,31.66,64.66,61.55,93.46,6.34,127.23,19.68,79.67,169.32,13.79,0,34,102.11,93.82,111.0,82.57,28.43,,0
2567,43.96,0.0,5,1,9758,140.74,106.77,164.56,33.03,107.87,310.7,9.38,48.43,128.91,7.87,181.3,96.29,68.07,16.3,129.91,93.3,27.46,220.96,48.35,6.98,172.73,114.67,12.9,101.1,2.64,5.33,473.58,41.96,23.28,1.21,5.31,113.78,35.24,47.74,38.02,276.19,29.07,108.59,266.86,2.29,157.11,489.78,130.72,79.32,81.19,133.78,81.73,40.25,17.64,302.08,96.96,91.53,62.76,234.26,99.36,85.1,62.05,17.39,24.62,36.49,186.81,19.79,140.91,10.52,34.03,47.32,181.08,1.8,116.28,25.97,8.31,117.99,143.59,71.06,13.68,423.4,21.12,134.39,90.5,316.98,123.35,12.81,181.61,15.78,23.83,4.7,153.42,61.51,13.49,78.48,0,11,99.09,101.79,96.55,92.48,4.07,,0
2568,32.71,892.29,10,7,123,71.2,200.74,76.35,281.94,87.23,339.34,25.11,44.57,6.95,307.75,116.6,67.45,32.69,24.47,204.48,196.81,198.98,53.72,76.26,278.99,67.69,92.38,44.64,13.03,79.55,10.3,62.1,190.08,46.13,85.85,17.46,90.43,10.15,54.87,88.53,31.63,80.12,93.9,91.74,105.98,64.76,34.28,74.77,274.87,122.26,52.47,36.68,92.46,129.77,70.7,7.42,168.77,38.36,71.19,339.97,6.94,50.13,60.44,179.79,34.44,51.18,62.1,84.98,14.97,212.68,176.3,190.45,131.46,10.7,125.02,197.56,75.33,300.51,25.36,128.58,24.16,111.2,178.62,38.16,128.94,272.03,25.78,91.07,206.43,248.39,112.93,95.17,21.98,386.5,166.26,1,35,109.48,88.98,112.78,129.83,0.0,,0
2569,15.93,75.05,6,6,21136,172.86,83.66,79.86,8.16,66.34,33.18,73.56,17.19,300.24,175.7,23.64,265.08,138.67,85.21,111.29,19.85,149.55,116.7,5.38,349.54,221.91,69.8,202.22,15.46,24.08,80.49,58.12,253.67,5.93,11.72,61.25,127.38,431.34,9.36,71.68,79.34,32.14,12.31,179.38,16.85,38.23,109.18,290.6,42.45,36.21,105.28,62.46,48.02,55.18,16.27,17.57,12.76,543.53,6.34,126.4,24.2,43.28,39.52,125.83,13.77,150.89,29.09,0.41,58.68,109.58,48.17,8.83,62.26,66.31,16.43,159.71,69.12,6.27,29.39,186.27,233.93,215.94,43.39,3.11,38.34,85.21,41.73,131.13,61.21,40.28,4.8,118.37,70.52,55.2,35.26,0,58,90.86,97.26,107.3,72.66,34.64,,0
2570,23.67,543.12,5,0,1093,3.36,18.04,119.74,470.85,16.87,109.34,13.54,408.66,11.94,151.65,26.21,72.38,35.01,19.22,8.96,84.23,237.98,4.76,26.64,51.7,28.67,11.92,35.42,11.31,2.4,39.68,324.49,154.02,181.32,15.77,390.38,203.55,286.56,1.16,72.04,140.88,14.75,231.88,95.41,30.27,11.86,40.6,312.1,10.84,132.94,52.72,148.19,38.1,1.27,94.47,112.05,11.79,413.71,183.86,38.95,182.97,29.68,16.58,129.76,5.65,114.59,41.54,8.45,98.02,74.32,88.25,60.13,90.46,126.7,152.57,99.25,154.73,18.43,24.63,266.09,67.3,17.87,49.7,89.21,58.82,25.03,59.41,63.13,125.8,33.51,9.48,15.08,11.81,178.85,83.93,1,31,93.76,102.97,89.87,76.9,12.97,,0
2571,26.36,245.11,3,0,8013,14.77,2.6,64.89,41.38,74.15,44.04,110.54,91.16,35.71,76.19,57.69,20.96,10.51,192.55,5.07,59.8,223.9,19.08,146.79,70.59,32.5,62.9,5.65,48.09,28.93,126.88,86.9,25.53,162.48,92.47,10.37,94.42,79.99,29.05,69.61,62.34,122.74,56.38,79.96,165.7,25.96,129.97,96.0,38.45,210.16,6.78,48.05,36.55,115.88,192.09,187.76,57.23,13.85,117.63,31.59,115.1,9.39,15.3,19.09,108.66,17.36,91.53,5.58,161.63,46.85,23.81,10.9,399.26,14.2,39.67,249.05,115.9,5.85,72.45,101.13,319.55,44.53,12.96,31.44,129.55,38.3,187.95,25.96,96.83,45.51,4.53,82.04,144.64,1.44,162.07,1,46,78.48,72.53,67.82,89.42,0.0,,0
2572,15.05,587.39,4,3,7359,259.04,215.47,102.7,200.64,33.29,20.87,21.44,223.62,213.22,27.56,107.43,13.17,32.0,281.92,15.29,10.17,33.23,16.17,1.56,130.64,269.57,202.1,50.83,205.91,142.65,79.84,32.8,9.91,78.88,20.54,336.98,50.08,113.05,36.41,135.74,24.51,5.16,15.64,95.64,112.43,12.11,17.8,138.76,168.28,420.96,33.38,157.73,286.87,52.23,11.38,36.59,196.32,25.68,61.79,6.5,17.0,136.91,72.72,160.73,25.79,71.12,221.15,102.75,58.13,246.93,46.54,14.97,0.09,58.89,6.97,27.88,497.22,13.01,80.29,89.75,125.63,302.92,153.92,47.5,186.11,309.19,133.54,45.0,60.16,235.12,37.38,38.97,90.04,20.01,159.32,1,59,105.53,102.41,101.75,116.02,0.0,,0
2573,38.56,576.39,3,8,26381,196.32,35.66,165.34,17.05,101.62,26.48,83.27,59.51,242.94,99.43,513.57,49.31,100.14,25.34,123.55,25.0,7.53,33.91,103.59,24.78,281.53,236.75,56.24,21.98,116.67,53.11,16.4,46.01,231.4,55.67,97.34,42.82,88.18,161.66,62.82,131.53,3.59,164.04,5.52,62.79,102.19,27.89,81.03,7.33,224.31,32.68,232.23,69.6,294.21,204.6,353.75,2.67,248.16,182.01,27.6,53.24,231.96,87.37,70.07,54.41,238.25,122.03,177.52,28.55,86.73,1.77,28.36,17.08,41.33,107.9,78.97,50.77,36.43,48.24,93.25,92.8,18.73,188.14,36.54,162.93,194.24,104.68,69.48,152.14,84.03,223.59,150.86,34.15,108.39,127.53,0,80,105.15,90.32,105.0,96.85,8.16,,0
2574,32.14,841.19,9,5,7423,24.23,63.11,25.43,189.94,279.04,294.78,82.65,5.01,38.42,28.07,244.53,72.62,117.7,125.07,221.52,34.82,56.46,228.99,55.87,256.25,39.48,31.27,7.74,84.0,45.82,0.81,221.46,6.48,46.97,50.04,183.31,101.07,39.54,160.65,50.1,13.26,76.97,34.67,31.76,51.92,93.44,78.16,136.35,127.75,310.27,64.41,35.82,25.26,45.82,27.86,6.85,82.41,176.05,100.98,145.05,239.78,92.12,29.72,116.76,258.97,38.04,52.91,105.0,194.86,57.9,37.39,457.39,73.29,77.22,77.48,42.63,45.28,204.79,47.09,104.18,138.21,1.69,129.35,81.68,46.26,101.79,96.52,6.12,15.66,22.99,10.14,101.26,63.67,107.25,92.72,0,37,94.96,84.18,99.29,87.69,11.59,,0
2575,22.03,388.7,4,0,27443,44.68,296.37,9.39,406.85,50.75,7.54,26.56,26.14,52.52,101.08,16.54,8.55,95.64,26.54,308.25,151.24,223.2,12.73,57.88,231.01,80.7,16.23,151.62,22.41,30.03,15.15,71.62,51.37,79.95,3.04,116.35,469.59,12.95,91.45,678.4,220.0,192.85,9.27,28.53,234.21,35.9,97.63,46.45,171.67,97.02,92.7,364.97,50.93,22.44,121.8,235.56,126.95,56.5,91.03,138.12,194.88,63.36,55.17,167.51,129.25,28.59,96.36,455.46,84.76,81.89,3.77,153.43,36.21,583.75,113.82,265.37,349.98,66.68,22.07,214.08,77.46,239.75,6.24,67.06,46.25,122.6,62.09,75.76,141.72,45.42,7.9,51.9,23.92,57.63,282.23,1,36,121.7,130.15,89.19,128.8,0.0,,0
2576,32.95,810.91,2,5,2506,33.95,187.37,256.61,355.6,6.28,23.48,232.3,235.06,2.3,57.11,22.24,160.45,40.57,3.02,57.77,155.39,71.45,56.93,347.79,172.3,95.32,71.1,310.43,79.2,129.08,74.94,21.58,156.36,70.44,27.31,78.79,59.11,2.98,51.97,248.68,63.21,249.61,22.83,142.63,297.34,96.48,83.16,104.41,68.24,26.16,296.45,261.84,111.89,103.32,15.46,44.31,72.37,10.68,22.73,88.2,3.4,219.94,48.89,36.42,1.82,77.83,25.14,103.04,85.13,73.8,43.13,128.8,322.48,23.3,32.32,59.62,103.12,52.21,92.59,25.86,196.93,48.63,66.29,17.47,27.72,243.17,200.05,183.19,231.72,33.27,20.57,39.55,2.55,146.58,375.06,1,60,105.87,95.76,117.12,102.7,14.42,,0
2577,21.84,319.45,1,6,3391,46.72,176.36,2.72,168.47,74.39,156.32,143.45,77.17,176.82,98.99,287.16,94.79,16.13,19.36,250.03,149.15,117.96,99.66,64.34,71.25,158.82,34.16,33.28,69.63,47.59,22.7,50.89,84.25,24.06,53.72,214.23,33.14,130.16,2.69,16.65,6.5,135.83,207.05,0.24,108.71,79.68,572.11,69.37,3.21,156.03,7.67,167.58,50.19,159.1,50.67,191.49,80.49,51.37,61.86,153.28,475.74,137.77,55.72,117.35,24.89,105.1,58.2,150.98,18.61,55.73,45.31,193.21,164.08,11.79,26.23,148.13,92.11,100.2,14.9,208.26,4.99,180.45,100.5,372.12,82.16,104.27,352.01,189.26,25.28,266.73,469.09,43.54,0.25,65.01,17.43,0,38,111.74,107.34,95.68,122.2,0.0,,0
2578,23.53,643.05,1,1,19901,56.93,55.9,51.25,301.51,43.66,85.88,133.09,6.38,46.64,128.03,57.07,55.55,768.65,59.08,304.9,57.21,27.09,395.04,52.21,14.74,103.06,33.5,238.55,92.74,104.61,14.82,145.5,140.03,113.05,21.2,3.53,107.31,452.61,16.15,23.41,136.32,180.89,15.72,6.67,58.3,123.89,52.55,28.68,95.04,34.56,36.1,43.46,105.73,73.53,84.36,70.56,394.13,136.78,31.93,225.36,213.85,55.66,39.27,22.42,56.61,172.38,27.06,68.72,53.19,29.66,115.43,59.02,58.61,69.91,72.04,374.98,33.76,43.39,89.12,338.93,474.43,111.69,39.65,189.3,9.69,97.87,25.38,222.18,202.0,70.44,149.81,63.89,18.57,35.88,86.86,1,17,111.52,124.28,123.6,113.46,10.13,,0
2579,34.25,944.45,9,6,26455,82.61,65.3,71.14,49.56,376.14,54.62,123.82,140.87,63.03,1.09,81.66,8.43,235.58,89.59,66.52,6.96,121.9,28.28,214.77,124.01,133.79,104.3,312.12,55.02,10.93,203.23,35.85,36.81,88.66,15.25,41.02,62.54,358.86,27.04,109.79,128.83,26.43,20.54,11.89,118.9,3.73,24.0,31.78,97.07,80.89,392.04,77.69,66.55,245.32,11.12,18.29,2.15,14.29,79.89,92.15,425.1,177.43,22.35,186.77,69.5,93.86,130.64,37.47,246.02,6.5,65.95,56.68,236.47,37.94,87.24,119.18,48.95,19.02,92.05,45.44,798.0,234.22,388.73,206.46,10.91,51.2,67.76,119.0,137.03,198.09,186.43,2.92,117.39,47.5,390.95,1,85,114.51,124.76,100.06,142.67,0.0,,0
2580,36.64,822.87,7,9,2796,27.12,40.83,51.56,57.38,19.74,267.32,166.04,128.86,9.16,56.89,119.97,28.12,27.64,184.93,212.69,6.85,11.8,33.72,100.83,73.07,9.71,284.82,33.63,17.26,8.9,31.38,50.43,189.46,26.2,47.01,97.53,59.68,53.24,275.97,171.01,352.16,82.34,30.1,145.46,19.25,76.12,103.84,87.44,112.69,229.45,65.29,80.93,28.66,196.98,144.76,30.21,31.99,61.66,151.25,142.39,36.99,16.87,102.12,21.32,187.51,88.99,62.45,148.84,80.61,16.91,22.8,72.07,49.94,17.44,158.3,77.15,36.85,283.19,143.77,104.18,47.77,60.76,119.71,42.92,85.24,50.51,21.04,84.37,7.27,92.46,21.03,74.44,14.3,117.07,123.47,0,41,87.16,73.78,77.44,77.53,0.0,,0
2581,44.62,709.76,5,6,23202,20.22,66.3,119.51,60.01,201.72,53.88,34.48,22.8,28.51,43.64,211.64,154.33,66.91,17.36,268.09,21.2,3.55,24.69,45.31,150.33,43.35,148.52,279.28,88.47,288.7,60.44,38.57,210.89,225.71,113.44,77.94,193.7,69.57,8.0,18.15,11.03,512.66,103.31,30.89,166.41,15.98,106.28,20.71,70.08,109.77,140.27,86.12,2.02,145.85,43.84,86.86,114.0,141.66,19.17,136.72,84.8,123.76,9.38,54.87,9.08,39.37,22.92,43.99,195.81,253.78,68.3,48.84,284.21,195.95,162.17,39.33,52.1,233.55,476.9,23.1,18.35,33.42,92.29,13.66,271.05,82.3,9.09,54.18,384.14,94.94,55.55,3.89,52.71,174.83,178.82,0,49,105.38,101.59,103.73,121.98,0.0,,0
2582,19.0,293.95,4,4,14093,136.92,13.7,247.03,87.42,32.84,51.6,99.48,189.7,47.51,266.09,38.95,154.37,26.23,5.91,114.19,44.66,119.48,81.06,51.66,101.52,20.39,10.76,4.38,17.36,220.21,50.5,151.88,31.29,168.72,50.86,46.72,129.8,127.03,128.43,247.81,71.68,159.45,32.65,9.94,71.1,202.14,20.64,62.71,11.46,11.09,147.71,48.35,283.84,225.11,38.18,14.44,136.55,47.02,22.01,237.76,147.55,139.8,20.54,53.21,193.39,114.81,149.5,82.91,22.12,40.63,7.23,58.37,123.41,6.17,85.8,99.01,95.76,28.41,211.28,142.59,6.85,214.09,56.25,1.26,12.52,154.8,9.23,85.09,9.87,49.38,27.69,109.17,507.14,15.63,375.56,1,24,95.86,89.88,87.89,96.75,0.0,,0
2583,11.56,258.73,4,6,21826,29.11,192.83,131.51,93.34,66.83,201.21,53.09,1.23,13.85,86.86,44.56,12.06,118.54,220.68,119.98,20.0,101.93,38.67,40.52,436.78,181.65,103.96,28.57,10.76,88.99,8.82,76.94,251.64,27.06,29.95,188.2,109.21,346.91,68.13,61.26,7.93,29.91,248.67,52.66,183.9,120.76,136.71,33.62,150.77,68.35,103.13,101.26,7.6,49.74,84.9,47.47,6.4,56.87,108.85,37.03,107.86,104.4,243.51,78.17,60.18,181.25,15.49,97.61,134.69,380.09,18.91,23.21,137.0,213.27,137.16,77.38,23.44,153.6,74.75,28.77,75.91,116.48,158.45,29.21,57.84,357.61,9.9,171.84,86.11,25.76,20.8,68.27,38.43,94.09,171.18,0,15,100.16,87.37,94.4,105.95,0.0,,0
2584,29.38,336.51,7,3,22862,55.21,11.81,48.1,373.35,153.73,37.13,116.46,51.68,77.81,379.04,28.14,39.62,48.76,246.34,165.15,35.82,109.78,39.44,91.43,125.54,54.6,18.41,128.82,112.1,54.48,32.06,186.74,166.66,18.97,57.53,74.83,354.33,50.77,49.2,136.83,75.92,63.95,58.78,52.96,196.18,158.22,69.26,187.5,85.07,142.44,359.62,205.27,39.52,108.02,278.97,251.46,15.83,9.6,248.12,49.89,5.13,22.07,58.74,56.49,79.12,26.25,41.78,124.41,76.33,74.01,41.4,54.93,20.6,53.61,3.8,27.57,166.62,193.43,98.96,7.67,12.5,104.82,71.12,8.04,155.41,17.17,65.88,74.22,29.38,86.87,32.58,17.32,421.76,35.16,122.1,0,70,98.61,92.39,102.16,75.52,26.63,,0
2585,6.82,320.21,10,4,29978,160.51,34.51,46.37,246.68,72.41,58.83,127.8,161.95,77.46,13.77,46.17,82.8,3.31,318.58,60.85,117.97,15.83,0.73,15.37,27.83,17.54,20.35,81.47,78.61,45.18,84.62,74.83,96.54,11.07,98.61,41.53,43.93,45.71,2.53,19.57,32.19,154.91,21.22,13.57,45.77,214.09,3.76,76.99,33.49,13.83,208.51,418.3,165.64,39.12,230.65,18.12,34.09,13.7,160.87,159.26,35.69,85.13,165.4,174.99,5.45,33.59,3.59,41.05,30.24,79.94,58.24,122.46,24.05,172.55,48.07,297.15,185.73,77.25,10.41,79.78,0.7,111.56,175.82,266.44,52.78,14.28,15.38,93.86,43.74,80.91,10.15,51.24,90.01,45.08,39.77,0,69,81.47,80.25,76.62,78.53,0.0,,0
2586,24.39,545.87,6,3,24176,259.0,85.94,56.96,142.17,404.46,137.94,54.46,453.75,310.32,91.93,25.47,98.12,13.56,140.47,25.88,26.3,16.43,198.63,85.7,72.07,288.81,478.56,141.12,41.8,90.88,278.39,8.07,89.32,32.52,30.4,265.64,47.73,18.3,317.11,248.57,29.02,402.0,21.32,141.17,80.5,87.09,27.06,90.79,0.16,25.83,44.08,10.61,299.52,13.19,27.99,33.84,111.46,19.76,56.0,77.7,57.04,6.73,78.77,128.91,7.66,395.44,11.01,54.92,37.34,22.07,248.38,19.43,168.59,57.33,117.46,21.14,129.3,248.85,51.03,164.49,43.65,32.38,232.68,18.78,112.92,14.82,146.66,36.82,31.82,16.86,91.25,18.09,97.3,31.18,51.62,0,79,107.54,112.8,139.31,90.79,48.53,,0
2587,2.8,563.92,4,9,27637,142.32,231.17,12.76,63.53,254.19,6.11,278.23,37.29,82.57,132.76,21.83,3.93,47.22,44.36,126.53,26.29,244.53,116.51,27.62,16.96,6.5,40.63,7.27,1.15,0.51,35.46,47.91,80.55,9.45,245.02,120.68,66.5,69.36,100.04,150.17,200.41,41.79,20.92,35.12,2.72,337.84,31.19,7.1,31.36,3.59,183.56,78.1,65.14,71.07,8.27,79.07,168.05,68.11,33.68,4.41,23.6,52.69,5.38,102.43,284.03,72.99,29.65,22.76,87.08,37.02,83.04,140.53,123.04,98.67,256.89,20.86,158.33,20.91,22.88,41.18,25.67,131.78,1.04,97.65,50.62,129.84,66.72,5.19,5.99,16.11,11.03,251.7,37.38,105.43,107.64,0,23,78.86,78.5,79.71,75.32,4.39,,0
2588,48.72,472.18,6,9,13382,9.16,70.88,26.66,6.77,36.29,274.15,119.88,99.81,229.64,19.9,20.5,7.68,17.98,39.57,232.31,4.37,29.2,123.4,113.5,189.93,84.61,37.05,14.5,105.25,258.67,68.9,71.41,123.54,59.02,114.27,117.59,28.54,200.3,91.23,17.49,7.38,101.22,268.23,92.03,272.85,50.94,557.21,37.5,91.9,215.83,58.49,166.97,128.26,5.34,69.8,46.32,225.34,23.55,164.99,34.24,138.18,84.99,167.37,1.16,63.48,33.24,2.75,459.18,202.33,180.28,120.87,55.4,19.7,53.65,255.18,187.45,64.56,48.6,98.86,154.68,64.67,96.01,59.94,528.88,4.91,23.01,11.1,51.16,40.86,84.81,344.92,123.43,4.13,1.03,133.75,1,49,107.19,109.26,86.96,116.98,0.0,,0
2589,45.11,615.79,7,8,18164,65.87,372.43,304.97,100.81,118.75,283.37,304.39,68.98,364.56,178.03,0.67,79.84,115.47,2.16,95.03,81.71,176.71,34.91,21.43,28.37,37.24,197.29,49.56,3.96,42.35,47.48,232.77,26.11,6.91,101.44,29.05,31.42,7.06,113.4,73.35,53.91,96.18,204.89,59.86,312.9,42.99,247.38,679.68,2.48,15.17,250.52,91.78,40.11,10.79,269.95,23.45,154.55,35.92,137.19,243.38,40.6,69.17,99.77,69.97,137.96,130.02,263.6,36.51,6.64,101.83,16.96,280.41,1.02,82.09,149.12,72.17,54.22,164.9,32.24,48.32,71.14,127.93,10.05,216.88,59.2,21.72,169.57,5.26,107.06,415.26,20.48,48.31,179.46,88.63,13.37,0,54,113.14,115.25,118.12,99.81,18.31,,0
2590,17.69,574.44,3,6,5257,187.68,104.61,239.4,88.2,51.18,6.74,89.04,168.32,32.16,101.68,106.23,24.64,326.68,204.91,130.23,37.72,44.16,139.56,289.57,379.61,211.73,14.2,171.0,6.49,672.88,49.88,209.92,75.18,39.64,199.73,10.64,0.78,92.81,61.15,13.66,26.95,161.92,18.85,16.27,103.08,101.12,38.84,85.66,58.1,0.29,48.44,289.31,102.14,57.17,71.37,16.9,138.16,14.15,143.85,50.48,91.43,316.35,131.26,46.15,36.29,127.55,26.41,152.64,70.45,54.28,140.71,51.59,82.83,7.27,222.52,6.4,256.75,2.45,59.82,90.25,162.25,5.37,15.53,34.92,120.97,54.68,220.0,177.94,157.97,17.54,30.42,166.82,12.02,19.03,46.74,1,39,103.78,104.26,146.77,86.47,60.3,,0
2591,19.52,469.12,7,2,17297,101.9,7.35,31.69,0.09,112.96,215.06,101.17,53.83,6.71,7.76,7.71,22.37,52.98,206.17,127.77,3.75,28.8,47.73,3.05,3.61,33.4,274.37,231.04,27.15,278.61,107.11,239.57,25.77,48.48,141.93,104.94,272.36,148.12,22.35,14.65,31.84,2.91,6.46,216.91,69.92,40.94,84.35,238.93,18.18,51.1,109.93,67.61,116.86,28.88,11.87,330.43,4.73,16.14,41.6,6.61,1.19,100.53,125.4,47.28,50.52,13.16,93.7,151.28,68.49,9.9,56.34,27.54,124.97,93.72,263.09,102.67,125.21,49.83,167.96,171.14,3.13,128.64,41.36,78.76,62.22,11.21,260.57,502.73,116.31,8.35,164.29,87.11,71.72,309.98,54.45,1,43,92.81,94.2,85.0,113.99,0.0,,0
2592,7.57,666.65,9,4,28780,131.97,11.69,313.63,71.85,41.33,45.61,31.28,168.88,41.72,2.83,81.49,63.23,4.36,10.16,265.62,45.31,210.72,16.82,44.23,196.59,10.97,14.04,29.29,167.33,48.16,153.51,20.14,91.27,8.44,394.36,22.27,15.43,255.14,357.05,5.6,81.57,55.5,171.83,188.77,92.79,11.38,36.87,11.32,105.02,190.13,45.1,34.77,90.46,94.23,457.4,94.53,65.41,1.54,36.22,102.89,39.03,332.48,29.0,114.14,66.81,6.19,32.96,24.9,202.06,27.37,33.12,15.16,266.52,138.97,2.85,21.24,35.35,222.91,3.55,44.69,300.44,150.37,46.7,86.17,80.82,106.73,117.23,15.25,10.68,667.94,53.28,58.47,180.02,29.57,12.4,1,39,99.28,115.3,91.23,99.8,0.0,,0
2593,50.57,651.06,10,1,23647,211.11,19.64,67.85,36.32,25.55,17.24,230.84,334.0,52.98,95.2,98.83,289.76,42.04,38.27,82.81,20.8,75.16,9.39,24.53,207.52,40.29,350.7,117.88,6.41,8.47,38.02,13.34,563.7,37.04,2.05,118.03,4.46,198.82,34.54,311.38,31.63,50.64,69.96,226.1,265.7,178.02,32.44,317.17,221.46,52.32,73.94,101.39,73.43,35.59,199.02,166.36,119.88,306.75,157.56,146.6,199.5,112.51,48.42,89.95,318.34,53.69,5.17,170.11,199.88,91.09,332.75,49.37,24.55,18.47,65.15,1.18,75.68,20.96,1.85,257.79,57.2,9.52,281.34,233.38,107.73,35.93,9.3,278.96,20.74,20.54,49.78,15.42,23.97,49.64,552.63,0,54,117.04,119.97,105.26,103.79,1.47,,0
2594,10.78,410.16,2,5,19905,22.12,49.19,87.97,208.82,49.3,9.95,102.26,62.85,28.33,43.47,9.18,57.73,191.07,114.57,25.64,86.07,27.7,55.49,45.1,118.37,7.71,61.05,27.56,4.17,38.46,305.15,135.48,148.97,6.95,20.31,298.57,9.34,180.44,111.72,50.68,91.96,1.81,60.73,97.67,161.57,418.78,155.26,16.68,18.01,226.99,63.06,97.05,85.8,520.02,210.0,106.74,3.22,176.25,33.42,86.45,32.41,13.85,111.84,189.09,68.11,74.53,346.4,36.38,13.52,59.4,210.07,72.95,50.63,229.15,91.31,37.04,245.3,339.76,153.91,55.29,395.84,51.68,56.81,2.56,77.04,17.81,52.09,81.16,705.95,384.16,51.7,106.38,55.06,89.51,244.24,1,87,113.74,123.09,71.7,146.25,0.0,,0
2595,29.4,348.93,4,5,29359,64.2,7.51,146.62,4.15,205.2,3.76,53.88,46.79,4.66,3.75,195.96,0.87,16.67,300.39,99.61,190.73,293.39,115.19,69.92,107.02,30.52,78.68,54.61,171.1,313.18,3.26,272.47,83.64,32.18,90.51,33.29,140.44,249.7,2.19,88.43,7.41,40.53,134.2,157.37,46.64,17.31,157.25,68.76,336.76,109.47,13.6,245.92,12.6,115.04,34.47,102.62,112.92,118.11,68.04,36.93,90.37,12.23,24.86,15.1,7.65,23.79,53.28,100.37,7.02,211.28,72.76,168.3,29.58,34.73,55.45,27.27,157.73,152.71,35.25,87.06,101.5,157.3,88.94,15.23,1.07,80.58,194.71,19.15,64.72,176.88,18.81,100.42,49.7,107.85,409.53,0,15,94.04,87.35,102.01,93.43,8.58,,0
2596,28.88,177.03,10,4,11636,148.91,99.27,24.72,127.94,242.98,27.16,25.85,116.8,156.02,63.7,14.95,40.3,82.91,30.51,32.94,17.12,60.92,113.99,23.26,71.79,66.54,12.14,66.57,50.08,241.96,18.93,12.06,409.72,29.56,63.12,149.17,9.46,89.99,36.28,212.06,224.57,268.98,84.44,115.11,90.92,34.01,63.57,242.65,172.96,161.33,56.68,25.77,15.35,10.51,120.02,32.2,35.96,53.64,36.58,69.2,124.28,59.48,224.12,12.16,32.92,323.56,164.86,145.59,21.36,48.78,105.13,149.82,242.95,45.22,214.92,452.85,199.33,130.83,67.7,88.17,73.85,13.46,108.56,6.09,172.52,145.34,82.63,23.57,215.79,38.61,30.23,241.11,47.74,319.5,14.42,1,45,103.24,92.85,83.09,131.15,0.0,,0
2597,34.33,497.65,3,8,6590,101.78,10.99,120.24,24.07,44.61,70.71,70.54,160.71,66.76,7.73,34.84,58.51,105.73,50.65,31.95,91.04,113.53,13.47,39.15,34.42,53.23,163.49,22.94,40.44,136.39,100.9,34.18,266.21,266.66,32.01,123.93,99.83,12.2,24.94,60.79,229.84,18.63,297.84,163.54,54.59,7.52,19.67,125.68,8.59,6.96,82.8,50.68,34.28,133.4,100.12,133.22,260.1,220.73,208.6,3.43,191.2,15.24,36.36,50.77,15.3,77.09,97.71,119.14,45.5,38.94,118.08,8.14,256.52,16.42,146.22,34.67,59.7,24.48,56.09,4.6,36.37,470.79,65.55,338.33,67.09,370.94,5.69,174.96,1.53,11.38,77.12,22.54,69.34,24.98,107.59,1,45,90.07,90.8,78.93,98.25,0.0,,0
2598,30.21,740.51,6,3,23413,169.92,1.7,169.49,104.49,76.05,99.54,20.58,84.45,9.21,111.74,330.57,8.93,122.77,190.46,34.61,80.14,62.13,54.47,448.81,82.27,61.31,140.36,106.14,95.31,32.65,23.6,25.25,33.38,66.93,8.86,141.37,292.44,1.6,95.6,126.81,214.46,5.54,86.46,20.38,104.04,46.85,21.28,95.24,15.78,49.84,36.8,0.98,50.02,16.25,20.13,40.61,49.56,250.32,356.03,116.25,113.21,30.11,71.15,66.95,35.51,27.25,61.9,128.09,110.41,42.33,6.49,228.87,24.59,207.29,68.11,13.52,22.18,28.9,129.21,44.16,9.17,240.63,53.81,2.24,257.16,108.92,16.91,43.85,19.04,81.34,46.76,14.16,219.83,51.32,169.22,0,89,87.84,86.72,95.21,82.59,12.62,,0
2599,33.45,417.66,4,5,25879,55.7,7.99,180.29,64.64,9.83,80.84,13.01,26.53,123.97,142.21,23.18,158.71,111.57,188.41,65.67,30.69,179.4,29.86,94.7,226.78,554.35,177.92,15.16,95.95,172.47,48.36,127.32,8.45,1.13,17.94,47.41,49.34,16.42,182.03,93.77,98.72,200.9,42.83,20.21,26.1,167.13,123.5,347.76,3.77,181.95,90.25,175.49,57.12,143.08,122.59,34.89,234.47,2.53,234.37,300.32,53.31,94.14,198.84,9.0,152.61,3.72,4.82,115.51,119.68,192.94,21.16,382.84,67.59,56.51,255.92,13.42,151.57,452.25,69.35,237.58,104.58,78.19,3.72,20.41,5.61,90.09,62.82,9.98,43.35,69.47,127.71,214.58,22.16,183.63,32.13,1,85,108.35,103.0,101.1,107.11,0.0,,0
2600,22.69,765.15,7,7,24231,19.39,245.28,113.93,14.65,53.82,24.67,200.82,106.69,20.36,116.66,123.11,84.51,189.63,198.81,6.25,87.08,321.32,185.73,149.5,122.05,146.05,19.04,186.52,86.95,120.52,61.46,66.0,118.72,124.11,148.08,59.55,37.77,81.73,19.79,30.31,24.89,186.6,39.88,77.69,64.82,5.86,23.34,101.75,107.37,195.93,18.66,165.37,23.48,44.39,43.91,209.01,116.26,41.09,51.48,93.04,229.16,10.98,18.78,109.96,106.56,73.8,270.12,238.47,76.35,156.99,34.31,418.63,18.76,123.13,38.0,440.77,15.93,100.99,33.99,24.77,78.91,31.74,18.68,9.42,43.21,18.8,68.7,12.19,243.21,117.58,13.14,37.52,4.75,50.09,25.45,0,19,95.99,87.57,115.39,94.61,20.78,,0
2601,29.84,415.4,3,7,20962,114.86,41.98,177.65,55.07,39.39,34.58,66.75,238.9,129.56,70.88,329.41,54.59,36.41,24.44,22.6,81.63,194.79,0.72,105.29,139.49,15.77,179.21,10.05,318.83,9.33,54.94,116.62,72.04,78.4,53.6,80.61,133.15,21.93,171.79,41.74,55.13,198.98,3.72,185.43,277.15,30.83,82.34,34.69,110.25,57.71,142.35,222.79,33.01,135.35,69.87,2.13,351.78,145.99,130.9,35.84,16.87,128.84,252.92,6.5,101.27,7.15,431.29,31.61,11.43,52.86,24.57,267.86,15.04,127.07,152.48,33.37,32.4,92.21,93.68,143.27,74.26,49.37,200.2,140.18,33.44,106.61,61.42,50.64,95.35,53.31,382.12,396.34,103.24,44.79,204.3,0,23,107.13,96.48,95.59,117.06,0.0,,0
2602,5.91,428.41,10,6,12414,34.76,148.27,93.46,16.01,12.87,235.62,25.69,56.68,139.82,428.55,48.17,14.36,120.72,104.84,337.04,73.52,1.49,119.35,7.31,395.79,52.84,19.29,100.8,92.86,106.38,107.28,1.76,10.51,171.96,116.5,148.14,30.86,129.85,16.8,3.31,4.31,57.75,258.85,56.11,41.31,99.43,21.7,9.72,23.75,100.88,23.96,12.93,31.12,114.62,19.73,127.69,31.99,0.2,1.92,74.78,56.04,81.7,210.05,50.9,98.24,180.93,125.63,268.38,72.54,52.65,48.97,34.53,158.46,365.64,58.44,173.27,25.61,34.04,309.92,50.83,204.09,145.35,306.37,221.82,95.54,2.16,47.84,153.83,487.72,152.47,247.36,76.22,64.76,17.95,364.22,0,21,107.56,107.06,106.48,151.58,0.0,,0
2603,39.57,370.78,10,6,1657,172.66,80.1,17.16,29.01,8.25,208.53,11.35,47.31,170.69,19.78,82.22,5.36,187.3,131.74,63.79,100.72,42.38,64.38,12.71,37.03,6.79,66.64,28.09,67.65,101.18,73.68,58.75,24.74,46.74,19.45,40.02,100.12,19.99,63.14,77.87,123.56,21.7,14.81,160.65,33.69,11.51,10.14,83.99,4.78,332.93,376.89,41.44,26.3,19.34,265.56,161.45,96.79,62.65,349.54,61.84,29.58,104.68,43.36,334.88,43.57,255.35,6.97,119.53,247.57,104.97,1.43,135.86,123.57,21.89,93.74,245.3,214.73,53.82,258.16,12.95,117.33,58.33,45.67,220.75,156.97,8.16,87.18,48.96,225.88,52.9,56.54,18.97,390.02,32.8,28.29,0,43,94.97,93.72,66.21,114.82,0.0,,0
2604,65.46,232.57,8,0,19139,261.79,30.19,61.07,77.4,24.07,139.29,339.56,142.02,235.74,57.17,150.07,7.83,0.77,25.79,273.22,53.72,66.33,76.12,32.36,89.62,120.14,205.63,353.53,3.89,89.83,48.57,133.62,58.36,230.32,168.7,195.77,41.94,54.2,14.71,80.49,30.88,28.57,61.15,35.8,63.16,66.96,64.59,14.27,219.35,32.56,217.73,41.44,1.29,7.31,12.96,48.5,10.26,56.65,1.32,57.04,1.04,9.95,40.26,3.67,107.03,144.11,34.11,35.63,159.6,4.76,134.72,154.19,35.9,15.99,43.78,60.55,32.03,59.13,98.18,34.67,46.01,17.51,11.04,70.88,73.79,109.45,32.72,52.6,29.76,72.63,33.04,79.21,218.06,118.11,520.71,0,88,85.67,89.81,118.56,84.43,34.13,,0
2605,27.25,684.8,1,9,20088,6.94,34.97,47.01,15.26,76.62,58.41,145.68,134.47,146.38,0.93,32.14,108.41,27.45,29.34,185.95,63.7,338.86,12.56,62.8,355.47,139.48,172.47,94.27,201.71,18.36,22.51,8.58,18.26,140.82,78.58,64.41,10.21,119.72,70.21,48.43,54.33,6.62,16.94,63.36,2.52,41.1,147.86,90.77,168.29,8.63,161.67,91.26,19.39,8.98,53.06,182.89,127.85,10.59,15.73,135.79,261.09,192.67,60.78,24.11,252.54,39.14,115.73,113.78,9.26,280.33,21.99,78.41,258.56,18.78,15.96,67.76,24.96,124.61,1.91,311.83,33.23,111.9,9.45,403.32,14.6,34.11,163.27,71.52,154.68,264.3,21.81,188.9,0.49,224.39,251.43,0,63,96.9,92.96,92.61,114.35,0.0,,0
2606,41.7,472.64,6,0,9517,90.5,0.84,145.14,88.93,15.31,4.91,201.27,136.1,23.88,172.2,131.71,224.13,49.02,135.81,88.74,215.11,35.73,21.17,109.41,8.6,119.3,423.89,109.66,25.11,210.96,126.48,68.05,249.13,47.73,92.99,16.53,107.48,82.19,251.23,67.88,31.57,58.92,29.97,210.68,172.56,213.63,19.45,48.64,56.33,194.76,12.42,56.1,4.11,77.66,0.51,11.68,16.3,84.98,0.34,49.19,31.26,3.3,179.58,214.02,296.0,370.69,137.06,18.5,189.16,5.59,155.05,6.87,153.63,43.71,147.79,14.47,245.59,56.63,169.97,3.61,31.61,137.44,64.4,46.38,24.25,202.49,3.28,460.92,72.12,82.1,29.53,12.32,12.78,159.63,52.65,0,23,100.9,96.08,112.39,103.67,8.72,,0
2607,27.96,248.59,3,0,25577,156.53,8.75,175.79,112.46,70.85,12.67,23.08,38.83,64.16,32.39,40.27,0.33,55.85,66.79,33.4,129.7,112.32,115.59,29.03,394.55,75.11,13.32,116.59,24.76,105.19,199.2,12.28,116.48,102.47,144.83,223.58,7.09,8.82,108.51,205.54,64.51,22.76,48.82,91.28,366.83,38.54,42.68,129.45,30.66,67.24,59.37,81.7,12.27,57.78,11.38,17.26,142.09,121.75,10.56,437.34,80.83,255.88,19.48,68.26,99.66,130.44,14.11,31.81,144.59,116.82,0.32,21.85,390.07,263.27,309.68,82.94,25.88,60.34,12.74,5.71,164.63,38.28,0.31,112.96,206.59,231.66,29.82,230.38,95.69,43.63,30.91,54.58,92.35,160.13,4.32,0,60,95.8,94.87,86.12,103.56,0.0,,0
2608,42.53,454.06,4,2,6093,209.66,163.02,32.59,21.77,78.6,216.36,16.98,34.33,83.27,22.33,43.56,139.4,94.37,350.55,379.91,505.48,113.18,36.49,4.27,176.94,41.36,143.86,48.92,64.21,61.8,105.26,26.06,37.63,5.99,76.24,19.98,544.91,35.86,61.92,45.34,23.8,72.06,431.53,42.13,59.57,55.74,109.74,144.58,79.45,87.92,61.14,57.78,1.73,281.81,152.23,88.91,149.84,77.88,109.57,24.74,130.0,97.38,22.43,80.27,178.66,67.77,54.39,117.19,19.2,15.11,6.41,29.19,54.93,13.77,201.06,291.27,23.28,63.55,157.89,100.84,40.97,35.49,80.6,182.64,1.67,4.7,139.01,121.78,168.92,82.73,2.82,117.83,113.29,8.06,31.14,1,69,100.12,104.82,111.15,78.25,32.9,,0
2609,22.04,71.99,8,3,4161,55.03,208.75,155.7,154.7,17.6,128.12,293.57,87.01,367.17,121.54,65.58,158.51,119.61,0.68,39.02,96.52,93.27,27.71,55.12,151.34,100.78,9.21,56.59,63.71,100.02,9.61,37.59,12.6,150.41,87.99,47.69,87.05,11.02,380.88,19.58,34.55,133.46,178.59,12.22,237.64,96.77,96.81,328.62,94.42,26.96,78.44,156.64,144.01,58.24,116.46,199.15,74.59,53.96,36.7,144.71,235.56,90.73,258.89,61.9,125.61,65.43,39.77,92.88,83.86,221.4,134.34,401.28,44.49,3.5,20.87,112.54,270.09,67.1,26.23,28.69,256.21,259.44,9.28,180.62,458.86,141.66,35.18,24.62,453.97,110.65,64.16,13.1,38.73,89.93,11.73,0,14,115.64,103.47,100.84,125.35,0.0,,0
2610,1.81,701.54,5,7,5918,134.07,31.39,303.31,66.63,404.75,96.11,2.32,333.62,35.12,28.19,100.25,0.96,4.27,150.01,78.21,220.53,303.65,53.92,219.67,48.07,39.64,25.44,29.97,154.27,3.42,61.07,10.19,174.66,194.62,308.27,317.46,198.07,8.25,30.24,169.2,16.99,61.98,141.58,56.61,65.59,24.89,3.36,8.4,111.96,45.06,148.69,104.71,42.26,39.33,26.74,72.09,88.76,7.13,32.01,30.61,80.15,31.29,197.8,321.06,34.19,62.21,185.23,207.22,80.48,55.67,38.21,19.43,3.72,5.73,13.33,109.12,165.38,3.06,31.23,171.23,33.3,97.02,112.44,5.38,215.2,393.04,283.67,60.47,80.48,103.62,570.57,3.06,77.02,169.34,45.3,0,21,105.94,109.97,120.55,113.37,7.18,,0
2611,18.86,230.42,3,4,23005,45.06,32.51,109.87,69.3,15.83,255.58,158.04,0.75,175.43,85.36,265.3,156.56,37.07,120.93,140.66,193.41,245.6,6.94,206.98,6.47,68.39,2.58,392.7,14.29,42.87,45.46,44.63,121.2,115.64,135.45,147.56,14.75,18.8,25.37,84.27,90.62,294.3,23.61,34.57,30.65,50.41,8.46,30.59,182.08,90.29,72.35,111.41,68.11,59.31,57.92,91.87,40.14,91.01,113.01,5.9,154.47,23.44,178.01,6.82,124.96,129.63,113.61,81.78,240.04,157.25,132.6,207.28,114.46,18.06,57.38,63.93,80.19,133.44,6.54,2.57,10.11,82.01,86.45,10.3,238.88,345.29,88.49,94.25,69.06,225.64,90.06,215.52,110.36,25.62,314.7,0,70,102.02,85.19,110.36,118.18,0.0,,0
2612,14.74,339.63,3,5,143,106.97,17.16,72.32,48.34,107.4,59.74,148.53,85.67,141.85,124.65,413.9,67.92,110.96,73.12,123.22,8.18,14.15,146.63,192.18,61.93,78.18,141.63,30.37,71.16,69.41,10.89,34.69,20.25,199.98,7.05,14.55,14.23,211.08,12.08,65.57,21.7,54.76,0.85,198.37,147.49,511.85,638.96,19.41,1.59,257.5,72.12,29.71,130.17,1.28,384.23,122.36,86.29,182.24,14.8,1.13,23.71,32.6,32.22,41.04,48.15,1.41,50.44,4.46,139.77,165.1,43.17,57.39,13.08,68.41,11.05,100.89,107.11,268.0,30.37,78.29,214.44,26.29,0.45,127.07,23.97,0.64,186.78,122.24,11.52,24.54,48.75,33.9,62.9,305.42,297.24,0,87,97.62,112.5,92.95,87.5,5.44,,0
2613,34.77,500.73,1,4,12017,117.84,52.09,63.21,40.5,118.56,43.97,325.83,59.65,108.17,27.2,10.04,67.23,65.03,76.51,1.35,80.42,117.55,5.5,62.04,0.79,40.13,109.4,39.21,104.17,56.63,9.51,39.97,211.13,7.32,36.58,82.86,91.13,26.24,10.58,251.14,697.14,12.36,84.06,243.88,46.34,77.8,358.22,223.44,66.51,73.91,103.13,140.26,41.64,33.28,11.45,11.81,62.88,46.54,209.64,177.51,81.98,70.06,38.35,215.97,105.06,164.6,28.12,109.32,606.04,205.15,48.24,238.16,153.91,352.45,71.0,28.9,29.71,7.1,170.17,87.56,16.39,184.01,62.63,92.72,30.81,93.89,31.08,146.74,100.16,76.56,92.4,46.57,90.84,40.26,149.38,0,60,103.86,113.35,69.92,118.5,0.0,,0
2614,66.69,629.38,4,4,21107,35.44,91.32,2.71,28.77,33.4,30.94,130.87,51.29,97.54,24.23,142.27,219.47,54.61,53.62,40.54,106.69,67.27,5.4,84.94,284.07,137.16,11.13,33.71,24.85,65.5,248.13,51.75,39.02,52.92,81.12,439.92,143.5,46.36,12.06,160.67,49.69,103.9,157.41,119.75,185.31,17.3,12.9,139.91,54.22,13.54,307.96,9.89,33.48,52.21,86.15,25.4,96.72,76.42,42.59,715.96,43.67,305.22,43.73,452.4,302.44,16.02,14.67,44.04,101.39,24.84,184.62,4.35,30.65,26.91,59.54,18.28,202.35,14.17,140.66,69.18,303.58,57.36,18.83,192.66,14.31,98.01,32.22,6.48,99.77,32.31,319.89,28.56,33.12,153.47,113.99,1,81,100.42,115.98,77.69,81.87,0.0,,0
2615,36.95,863.14,2,0,27326,1.18,78.54,218.55,42.24,122.86,204.02,102.7,42.97,256.95,26.68,53.67,311.29,160.91,68.47,70.88,1.96,165.02,152.15,42.5,115.22,79.4,314.03,153.62,280.85,27.42,24.13,80.85,95.34,232.19,125.62,4.66,113.56,84.05,57.37,25.55,62.23,109.64,293.46,55.23,158.38,102.06,238.59,594.29,55.26,39.83,417.96,122.51,32.73,225.64,34.99,83.43,106.48,133.41,113.89,32.82,97.35,123.46,118.03,37.78,0.66,86.48,131.03,251.31,6.09,194.37,13.82,6.66,151.42,10.98,123.09,71.2,31.13,25.98,132.54,68.85,155.7,78.04,83.74,43.28,3.64,9.46,173.32,214.77,6.93,12.68,144.64,6.71,374.86,230.52,66.07,1,47,113.74,103.4,121.74,96.98,24.76,,0
2616,0.0,574.47,9,0,1635,106.53,56.43,41.94,11.64,147.84,55.41,176.49,7.49,223.09,15.06,10.42,67.13,120.74,88.54,89.05,76.4,92.13,451.64,30.43,22.1,194.52,30.73,498.24,2.07,12.02,151.44,517.57,100.67,132.74,48.55,150.47,263.18,85.84,222.45,47.74,28.22,51.6,120.53,133.58,38.24,69.28,2.47,33.25,111.65,88.34,36.72,37.94,32.32,106.34,26.64,7.98,49.57,30.39,36.7,3.03,88.78,29.61,27.68,36.93,93.12,10.81,48.22,15.54,29.93,428.01,221.52,10.34,10.41,78.23,53.22,36.86,41.33,29.37,218.82,106.79,6.76,59.98,94.78,239.82,57.46,205.6,65.95,19.97,64.1,67.38,5.19,97.32,83.41,89.95,2.99,0,16,90.77,103.3,119.3,83.34,35.97,,0
2617,68.92,110.47,5,6,12000,95.67,98.04,29.56,95.61,1.45,132.4,138.07,98.67,70.28,72.4,0.03,30.69,22.49,69.75,71.53,129.66,34.32,96.94,117.78,257.18,22.69,124.6,34.05,250.69,317.22,11.3,170.59,88.72,113.91,83.62,4.14,21.92,84.08,329.01,95.78,32.11,68.88,3.58,136.12,13.32,194.04,47.29,0.46,157.74,162.89,360.48,262.82,25.7,177.73,15.05,32.96,146.08,43.41,145.91,77.43,68.27,354.09,32.43,179.18,59.87,249.17,242.96,79.0,134.08,304.92,55.65,42.6,105.05,91.8,190.12,10.27,21.94,66.2,125.6,72.88,376.89,8.61,2.73,44.13,104.86,86.96,18.56,146.69,68.88,48.3,73.78,254.52,52.57,347.23,55.32,0,69,107.72,94.35,96.0,116.08,0.0,,0
2618,31.34,536.41,9,0,7393,39.09,13.61,37.93,75.35,0.21,140.38,124.07,30.08,230.41,514.72,131.07,188.98,115.88,101.11,56.61,80.08,10.54,114.3,120.67,96.76,172.85,133.12,36.53,193.0,54.9,93.02,44.79,222.36,0.52,4.52,83.42,23.76,131.17,173.08,15.12,244.13,15.71,41.06,138.75,91.45,220.8,20.94,3.11,268.28,5.76,106.27,143.53,188.85,193.73,61.65,36.7,52.74,93.06,293.82,119.53,139.13,1.13,245.29,229.28,5.17,138.43,48.44,23.56,6.93,64.41,52.75,79.22,83.21,12.8,72.27,178.72,30.91,30.99,58.03,212.12,123.32,7.79,54.88,316.49,58.27,62.87,18.33,160.97,32.79,60.26,57.8,182.65,6.56,131.92,31.98,0,11,99.59,88.45,105.92,79.99,25.93,,0
2619,19.36,771.49,3,0,22866,134.12,154.99,43.79,79.21,263.15,227.66,137.07,97.88,259.48,110.23,78.47,57.05,36.52,152.49,106.98,4.7,37.43,29.84,161.95,228.82,173.47,61.04,126.93,15.63,90.15,4.8,150.65,97.36,320.73,104.76,196.27,96.43,26.0,39.92,30.26,34.39,4.49,279.71,94.71,83.93,180.46,141.42,26.4,46.82,169.11,87.29,390.66,326.52,277.06,14.25,49.05,163.3,109.79,156.89,59.62,176.02,15.83,169.18,29.47,382.99,9.96,180.3,10.62,2.82,160.08,21.53,163.87,46.08,49.26,3.81,40.62,137.63,243.99,11.16,4.08,40.21,46.45,277.15,60.06,102.21,172.11,49.88,0.6,70.89,130.9,78.8,104.09,95.54,117.61,171.58,0,14,111.22,90.46,118.25,86.8,31.45,,0
2620,37.91,747.84,10,6,8843,112.96,182.87,6.41,95.96,4.6,28.4,175.18,66.52,81.27,143.6,59.51,25.42,72.16,75.57,43.89,138.33,88.25,0.18,145.47,110.76,9.26,87.91,233.52,96.98,294.14,37.9,33.23,305.04,3.53,196.95,67.89,63.99,50.17,79.87,27.42,27.2,12.23,149.04,61.57,36.66,163.39,18.68,114.22,289.75,21.74,5.53,21.29,97.8,164.01,95.62,18.61,226.87,13.31,94.84,84.6,109.44,123.76,13.55,125.21,11.99,184.27,160.74,245.32,29.18,18.75,97.49,67.12,37.39,17.76,65.0,15.17,56.4,42.08,117.66,56.04,200.37,122.38,254.15,40.28,104.24,418.18,48.24,26.18,30.01,158.84,181.82,45.63,362.08,232.53,71.88,1,13,98.37,86.37,98.52,116.91,0.0,,0
2621,35.88,240.94,1,6,2234,117.55,112.24,49.88,45.26,14.54,448.52,7.51,31.17,35.24,52.02,5.84,77.41,78.98,5.39,93.13,243.11,19.82,108.19,69.05,84.44,96.98,7.49,115.11,229.1,71.75,229.11,41.02,20.36,77.44,2.84,18.05,6.34,35.23,108.03,143.99,74.83,99.01,90.16,4.15,19.0,52.29,14.1,102.77,75.49,17.73,77.85,108.37,72.41,30.48,93.68,11.16,115.83,26.58,131.47,61.92,141.57,106.99,18.16,138.7,2.22,20.2,20.0,14.7,10.77,132.14,41.04,143.37,77.54,473.42,70.86,14.49,578.78,36.34,36.96,22.82,41.23,73.56,146.93,64.79,309.73,20.64,38.45,213.19,51.87,216.93,3.87,68.71,51.42,78.5,27.81,0,74,85.45,98.69,86.35,103.37,0.0,,0
2622,32.67,559.35,4,0,11174,210.27,240.41,16.81,111.8,38.53,98.38,20.29,41.53,24.81,422.84,151.43,143.41,235.48,337.66,67.55,3.93,17.04,27.83,83.1,103.84,12.38,45.56,30.77,27.99,386.76,276.47,36.45,360.97,75.87,131.57,172.25,153.2,11.61,202.48,44.47,34.8,2.31,81.63,288.39,8.2,152.5,214.85,66.26,134.75,127.45,24.18,378.1,52.51,63.79,19.6,50.4,94.75,93.33,54.97,333.89,150.32,50.65,13.6,88.37,2.27,105.42,24.1,20.66,106.05,144.72,86.96,40.23,3.22,2.38,39.71,174.28,360.25,30.02,35.13,84.37,85.88,244.23,35.04,69.61,22.6,76.31,240.98,46.03,39.52,163.66,71.23,20.39,154.49,113.65,69.89,0,84,107.32,102.51,126.06,90.37,35.69,,0
2623,36.8,403.79,9,7,15638,1.22,35.37,21.74,44.11,32.46,154.84,17.87,118.16,27.45,17.62,182.15,92.01,13.46,96.21,59.06,229.89,339.55,4.2,13.71,53.25,261.02,47.28,5.38,8.59,105.37,12.16,38.46,241.89,377.29,305.56,120.45,246.25,89.35,69.08,247.85,177.49,56.21,34.34,1.73,10.17,20.9,54.06,75.9,23.54,4.02,56.21,151.06,97.92,174.77,389.15,275.6,158.29,35.81,56.06,9.86,82.05,25.03,8.78,276.02,137.35,29.54,0.44,225.34,27.75,36.67,90.44,4.18,158.44,126.67,27.26,42.09,604.26,1.62,17.51,43.96,27.57,42.3,18.06,165.16,3.46,86.43,175.78,89.17,290.69,53.58,95.58,33.28,15.07,26.84,3.29,0,46,96.5,109.43,98.58,85.42,13.16,,0
2624,13.2,766.53,5,0,20448,2.76,46.15,120.4,467.07,132.98,8.23,40.58,148.72,234.98,31.96,224.59,5.46,355.02,7.97,102.76,96.6,40.58,64.18,272.71,42.74,140.88,104.6,8.91,43.38,39.62,35.25,257.08,109.96,46.0,13.02,38.38,46.01,237.84,2.92,44.57,23.78,101.55,81.9,313.81,22.01,288.74,124.31,56.2,53.11,12.31,55.93,26.08,84.07,144.03,113.28,14.97,29.59,7.94,57.07,159.08,122.81,121.42,119.57,79.37,12.53,36.92,82.53,112.8,4.59,124.45,70.54,196.03,59.0,41.76,48.34,19.12,97.4,69.55,76.2,130.92,47.23,26.3,10.99,194.46,143.52,245.61,152.61,31.43,74.14,22.31,58.38,48.05,68.61,24.98,0.57,0,15,90.66,87.16,108.17,77.31,30.86,,0
2625,21.87,576.96,2,1,11997,37.37,112.73,29.54,205.15,21.01,16.96,49.94,263.45,66.27,188.14,42.57,6.83,109.44,173.9,26.8,74.97,33.69,84.07,85.01,181.33,25.58,2.85,174.41,58.3,309.53,52.53,4.5,93.41,126.67,244.04,83.6,139.01,5.39,11.86,37.75,12.64,118.63,306.04,81.95,36.37,64.28,108.15,59.4,76.26,28.03,20.5,220.73,170.97,50.05,16.63,97.68,19.25,64.73,60.9,147.99,14.68,33.96,115.96,310.74,105.16,189.9,7.91,142.2,13.34,50.91,95.24,67.6,28.15,56.26,198.38,5.94,11.95,49.36,218.23,28.31,51.27,125.09,8.3,7.47,96.63,234.12,29.07,75.88,23.23,70.34,39.98,48.87,8.35,33.32,7.98,0,53,83.82,76.98,96.7,67.45,29.25,,0
2626,35.08,498.8,3,4,29176,75.66,166.72,11.59,134.12,58.17,12.63,7.78,25.08,41.3,52.72,18.03,107.24,132.64,48.6,149.01,293.39,34.3,117.66,86.26,228.9,32.46,24.32,558.81,28.22,6.03,164.77,112.21,80.68,60.72,41.69,217.15,61.19,2.54,92.42,304.95,122.9,56.88,103.32,331.62,13.33,120.43,40.08,202.24,64.76,5.03,202.93,16.82,48.34,171.5,6.35,38.39,105.35,76.54,122.9,46.63,48.95,42.71,230.69,93.96,171.26,3.74,8.33,24.16,14.17,208.53,83.04,18.71,66.3,201.23,18.43,90.05,19.11,51.34,65.32,23.87,1.17,93.93,127.93,187.41,130.24,10.62,33.77,31.65,317.98,114.55,36.62,241.06,96.6,182.39,79.31,0,11,96.17,93.19,97.06,86.05,11.01,,0
2627,19.26,717.98,7,2,11294,478.79,56.48,141.95,110.66,17.65,41.64,199.97,74.79,386.38,103.14,15.29,283.41,68.0,27.12,261.18,12.71,124.41,44.89,275.3,123.45,230.44,41.13,11.73,262.07,294.83,40.7,58.29,44.62,132.7,4.5,26.87,161.36,2.69,12.7,1.31,32.99,21.15,13.41,108.37,86.23,118.83,19.77,24.64,29.85,334.23,128.43,197.15,107.27,195.37,2.5,46.3,41.9,81.1,14.17,105.65,58.06,201.49,60.02,38.37,40.76,12.05,82.93,205.7,2.38,100.6,3.31,39.29,205.78,12.12,10.99,5.48,187.88,65.92,16.35,216.14,6.91,382.75,46.49,3.36,227.9,181.26,184.62,508.95,143.6,17.66,185.83,510.21,73.54,21.08,108.2,0,59,111.67,117.92,132.27,125.64,6.63,,0
2628,29.21,657.67,8,9,24272,38.19,161.78,36.52,256.66,58.73,116.63,54.24,102.09,108.55,8.39,17.33,276.56,66.42,19.87,9.94,218.62,269.61,52.64,21.63,96.91,205.3,74.77,62.48,60.88,44.83,5.74,73.06,108.15,44.11,165.0,68.03,111.27,53.54,113.77,591.93,14.44,102.72,256.73,173.59,76.03,56.21,14.46,112.8,46.38,16.92,208.49,41.24,3.2,91.51,7.43,15.33,112.96,296.15,3.79,17.4,10.88,176.22,205.09,70.84,27.78,53.76,34.85,10.2,331.73,42.73,79.25,178.91,200.36,21.13,76.3,224.2,230.58,40.65,108.58,101.33,181.04,98.09,116.63,92.43,21.96,203.65,25.42,147.56,232.99,30.85,49.01,135.1,93.8,14.35,27.73,0,67,101.53,95.35,94.52,106.84,0.0,,0
2629,6.93,604.63,8,1,27974,40.83,241.08,24.03,0.89,81.64,289.87,4.83,31.33,0.07,84.62,68.65,167.25,4.12,308.74,46.31,29.2,76.25,115.05,125.44,27.35,141.18,50.74,79.92,21.92,12.42,55.22,85.75,16.1,20.45,1.47,2.48,212.43,179.8,70.8,179.58,21.32,44.2,2.9,18.69,44.29,278.73,147.04,7.55,146.63,114.61,16.66,29.77,60.61,45.56,141.82,0.06,122.57,56.32,343.03,143.84,105.38,120.32,152.66,256.58,107.68,222.24,52.23,109.95,159.91,85.75,120.34,4.18,249.51,128.77,17.31,2.12,21.26,84.88,68.65,31.43,106.52,96.14,104.39,169.79,162.48,15.21,8.66,484.75,45.19,4.43,62.48,50.94,218.36,84.75,12.55,0,79,93.46,90.26,75.09,99.51,0.0,,0
2630,49.58,625.9,5,1,990,56.36,6.29,3.81,81.34,8.57,62.91,76.72,20.53,33.33,1.44,74.01,49.71,19.22,84.12,95.51,52.59,134.22,82.49,269.69,176.18,91.65,240.88,48.74,11.38,106.95,148.05,95.02,291.02,710.21,18.6,178.63,6.67,166.81,30.62,4.1,41.14,43.34,142.15,145.45,50.75,91.26,154.17,51.52,76.15,9.16,53.22,57.22,77.7,64.51,18.57,48.64,172.76,188.85,268.89,74.75,24.83,46.71,24.92,65.17,18.92,16.24,216.94,52.5,293.98,75.53,19.81,12.02,36.68,79.77,270.28,44.54,173.19,159.38,35.3,31.14,49.75,53.99,113.39,109.08,32.88,32.11,162.89,48.91,20.92,204.97,8.31,131.32,2.81,89.16,83.44,0,46,91.23,98.16,105.05,88.71,16.34,,0
2631,50.08,1056.97,8,7,21010,5.15,633.32,13.91,210.63,30.45,90.69,10.41,56.37,21.48,73.62,14.27,30.86,145.34,82.91,37.24,1.76,35.87,38.05,74.28,26.04,14.38,91.44,46.67,233.62,296.65,24.72,85.69,48.1,47.97,64.09,68.9,203.54,16.33,125.24,183.34,16.77,223.04,23.73,79.24,332.29,26.44,1.02,90.55,133.89,19.83,17.54,466.45,174.59,181.48,25.77,104.35,12.59,36.14,50.7,124.74,538.47,4.46,67.4,43.87,78.32,70.11,59.0,107.99,157.09,12.25,229.45,47.08,43.58,38.48,26.33,204.14,167.25,185.12,33.21,40.83,54.32,4.24,55.53,33.42,28.33,199.18,174.51,130.42,73.08,20.87,127.63,46.29,312.32,28.47,46.54,0,51,97.93,112.84,86.2,91.9,0.0,,0
2632,29.33,261.9,4,2,24592,50.32,210.69,78.62,104.14,5.41,166.65,108.0,81.82,61.35,195.02,151.33,126.75,304.78,30.77,71.79,38.32,132.95,46.21,42.79,2.22,216.79,29.97,65.94,86.36,28.03,39.84,39.19,93.43,0.02,379.01,12.26,82.01,211.85,69.58,73.17,35.25,112.55,58.56,34.76,90.52,33.98,39.28,49.62,93.05,117.51,240.29,42.43,25.46,629.07,40.13,322.95,64.49,233.05,18.25,109.85,30.25,94.05,23.05,101.0,52.05,31.53,14.91,77.66,176.6,19.77,67.98,101.76,412.67,158.93,132.56,153.25,38.58,12.6,250.99,147.71,98.84,10.75,377.37,67.11,548.91,15.44,256.03,115.17,85.11,49.55,59.32,73.71,162.47,34.86,0.01,1,65,109.79,114.34,99.62,125.07,0.0,,0
2633,25.98,359.76,5,1,498,25.55,93.05,81.29,67.09,6.55,59.03,116.04,35.92,38.89,2.72,4.61,119.66,14.21,22.92,77.37,4.81,58.4,29.37,12.79,260.61,39.47,273.67,321.73,19.29,22.55,267.66,358.95,62.61,18.68,66.82,46.05,11.69,3.22,34.54,47.66,97.5,40.64,39.42,17.16,277.35,244.9,183.72,71.43,291.86,160.85,75.84,36.47,78.41,32.78,8.32,34.32,13.34,62.22,26.75,68.42,34.38,12.95,124.77,3.09,97.86,49.48,2.5,39.37,5.57,48.05,254.15,90.5,67.16,509.87,20.29,4.31,6.76,84.08,25.87,24.64,199.66,195.05,15.09,117.08,99.78,24.8,26.72,157.1,201.42,44.85,137.04,90.11,303.31,214.86,102.04,1,67,89.13,97.98,86.08,105.38,0.0,,0
2634,20.28,509.25,8,8,18022,124.69,14.84,0.44,17.25,6.57,64.44,15.26,46.62,28.13,54.54,86.48,186.17,456.17,68.7,20.58,5.91,143.83,44.06,24.44,43.45,319.18,21.18,179.91,13.15,53.99,13.99,82.71,41.42,104.24,81.38,75.6,68.73,130.07,4.07,50.04,124.24,115.47,64.99,288.7,37.51,75.63,25.61,4.75,167.29,149.3,34.31,51.38,106.06,82.83,11.31,27.99,65.55,71.27,18.51,120.57,145.78,8.67,269.49,35.43,42.5,34.93,16.79,60.32,30.7,55.44,33.88,47.11,2.33,216.13,66.37,87.26,78.31,421.44,198.68,89.15,43.6,7.73,5.27,196.24,81.24,48.64,55.35,10.44,92.66,87.25,12.13,174.99,88.61,34.33,328.99,0,79,83.82,88.59,78.79,90.21,0.0,,0
2635,31.93,964.06,8,9,14316,152.86,188.33,13.01,42.76,53.34,74.17,33.58,35.99,20.42,30.13,117.17,145.55,54.56,102.18,67.48,0.54,8.59,6.87,39.77,22.0,43.39,240.29,40.27,164.25,44.44,210.12,294.17,90.55,297.48,25.84,73.51,73.45,380.63,88.09,279.55,3.54,113.8,71.72,104.94,61.71,41.84,293.81,57.1,20.54,102.97,95.57,58.9,11.76,123.45,180.55,14.73,25.5,90.58,110.55,42.08,112.92,207.13,113.5,23.6,155.17,41.2,37.71,167.83,282.49,108.84,137.62,166.24,122.09,28.64,15.0,82.72,180.2,157.47,230.78,80.82,137.66,228.05,61.84,46.74,88.1,307.82,4.02,110.67,223.65,355.21,231.66,5.51,9.69,163.2,39.36,0,53,107.18,89.77,88.67,128.43,0.0,,0
2636,23.73,782.44,7,9,26695,136.96,233.81,81.25,98.53,173.44,185.54,4.31,27.41,25.61,315.93,0.64,204.09,7.44,52.94,69.35,149.09,13.75,21.99,175.59,301.3,165.35,68.78,32.34,167.75,26.6,112.13,876.4,121.85,201.68,278.74,95.46,26.09,136.12,49.96,118.32,219.69,255.24,37.32,113.09,111.67,0.11,5.52,42.54,39.97,26.37,103.68,212.6,25.82,129.79,59.3,14.21,6.94,304.97,30.64,12.4,215.09,9.56,47.77,79.5,68.84,288.32,137.6,136.07,50.2,92.83,106.89,44.77,69.94,81.29,130.05,43.4,0.31,147.28,153.08,210.74,30.36,86.36,83.44,105.4,230.16,197.33,98.98,80.84,4.25,139.63,54.86,145.83,110.13,199.83,25.47,1,66,113.5,114.6,144.35,109.52,34.83,,0
2637,52.6,853.23,1,6,26019,89.99,63.21,4.83,73.18,63.75,223.0,18.59,24.04,38.81,71.04,61.74,41.9,87.98,153.35,339.14,54.05,48.82,164.19,53.97,15.19,63.21,160.63,111.38,0.51,85.81,13.93,5.5,19.71,5.15,77.72,263.95,11.62,247.81,106.66,20.28,32.65,7.0,107.61,409.83,150.18,129.12,233.85,439.26,11.77,108.73,126.58,218.11,24.39,92.71,462.89,333.26,209.68,62.73,55.22,47.14,232.34,151.33,110.89,150.98,67.99,15.36,40.91,77.04,67.24,394.75,45.7,38.89,30.68,15.12,68.74,85.45,172.22,20.27,468.78,97.3,14.17,389.51,252.87,9.53,164.71,15.53,7.58,6.2,20.39,53.93,14.28,220.35,53.63,78.96,67.78,0,36,109.65,114.7,74.48,100.26,0.0,,0
2638,31.35,266.56,7,5,14426,117.73,270.97,34.42,19.03,383.62,104.61,73.24,177.96,181.46,56.95,61.94,6.11,35.3,125.64,91.34,132.63,117.99,22.8,154.22,0.51,289.38,8.27,4.65,233.71,37.9,342.47,140.23,149.11,200.24,113.85,135.38,6.43,55.98,52.9,202.9,62.16,430.59,17.02,35.95,15.21,94.69,315.52,97.96,16.89,175.92,350.47,40.21,110.92,193.79,94.36,0.33,192.91,38.99,177.29,47.61,209.43,94.19,92.98,10.48,261.09,80.99,187.95,87.01,46.75,15.97,158.33,122.86,35.04,17.92,312.47,430.71,370.72,41.0,77.98,109.27,16.14,222.09,12.46,247.51,9.27,294.27,44.13,38.83,64.76,27.6,98.15,47.17,16.85,44.06,10.28,0,32,117.86,108.14,122.94,109.62,13.32,,0
2639,22.94,496.19,2,3,21512,96.79,64.97,383.05,71.17,10.22,4.18,81.67,15.39,91.94,150.81,108.94,50.9,61.03,142.91,124.73,50.05,156.75,162.06,22.58,209.13,67.6,227.03,66.84,144.34,27.05,8.18,0.12,71.96,138.12,7.52,59.65,9.58,55.27,75.84,32.17,54.78,192.5,423.99,69.8,2.89,32.43,551.98,116.48,32.7,40.94,48.68,37.53,67.02,390.19,258.92,78.45,120.98,21.62,81.92,46.37,16.18,198.86,7.4,12.36,54.25,84.58,194.23,218.97,33.23,20.57,145.21,62.54,42.68,32.23,21.3,192.0,165.77,56.61,111.36,94.02,661.66,95.74,54.55,39.69,50.16,50.16,156.73,187.24,152.32,195.56,30.27,19.55,108.5,153.62,18.08,0,39,105.1,113.27,93.94,114.97,0.0,,0
2640,24.53,692.11,3,2,29672,24.64,62.16,85.13,96.09,569.62,20.26,0.36,12.83,7.14,102.93,3.41,131.73,82.0,49.94,159.06,20.54,275.06,164.91,41.34,794.13,13.69,13.99,2.3,14.34,220.23,17.3,40.42,290.75,60.55,527.21,116.83,56.86,76.44,58.39,263.04,2.02,84.98,148.28,147.99,22.83,76.78,8.17,65.06,46.72,147.08,19.51,12.17,8.78,20.4,64.0,181.56,28.69,50.2,41.74,89.13,88.54,63.07,77.74,11.36,95.55,41.39,54.6,0.57,168.1,118.15,333.49,59.51,67.75,63.97,134.02,108.89,68.41,94.33,80.25,93.73,134.28,10.79,23.37,162.2,31.85,401.29,60.92,61.47,441.53,36.06,51.43,268.48,536.1,8.15,598.13,0,52,115.46,148.34,130.14,143.77,0.0,,0
2641,51.13,694.77,3,4,24448,251.79,11.48,12.45,141.68,169.84,92.07,27.86,92.95,28.08,215.23,20.18,248.37,13.7,4.55,4.38,136.13,234.32,205.89,74.39,102.6,40.53,179.69,83.33,158.25,99.16,1.16,63.68,11.42,295.57,396.49,155.87,41.99,15.66,27.1,57.68,105.94,22.26,166.54,3.86,116.94,140.16,14.84,60.43,130.91,56.13,7.44,38.83,38.87,70.37,430.06,5.36,4.07,428.14,28.0,106.44,124.32,23.32,232.58,8.05,26.62,87.01,0.71,6.22,94.06,73.81,159.02,70.08,95.0,9.66,75.65,7.77,46.76,281.41,317.27,21.97,17.01,90.08,29.85,161.14,183.13,0.05,599.7,41.25,36.07,31.01,213.85,480.46,67.42,163.59,75.5,0,30,107.14,117.63,113.91,117.88,0.0,,0
2642,37.76,879.4,10,3,7713,25.39,5.54,151.8,18.16,247.75,91.83,276.76,180.63,116.62,58.14,44.54,31.67,127.63,145.7,24.33,4.4,43.36,17.88,38.69,249.27,114.22,230.27,180.4,256.76,21.8,150.8,79.81,27.41,39.24,56.03,161.39,39.6,0.33,118.57,61.72,103.5,58.22,152.47,38.7,33.14,109.29,156.92,99.52,25.04,154.79,47.05,151.17,55.85,369.75,166.0,2.55,121.75,13.48,109.7,263.57,29.96,253.42,68.45,502.54,95.36,366.78,115.0,214.86,34.29,102.05,65.53,0.21,127.21,24.43,211.1,65.45,22.13,64.55,8.69,60.26,43.3,35.03,94.48,94.23,53.23,94.43,73.46,56.81,177.16,58.27,326.08,109.06,67.34,14.12,122.04,1,54,105.8,93.91,101.89,96.72,5.17,,0
2643,39.13,455.65,2,3,9787,28.81,168.82,216.42,34.36,39.8,367.58,338.34,39.45,288.97,22.3,19.51,39.09,51.61,45.17,40.99,36.83,197.48,70.15,125.23,2.29,219.95,64.23,10.96,1.93,11.57,38.6,226.11,77.26,46.75,191.69,103.73,59.86,9.28,82.93,258.45,159.2,22.33,158.28,48.63,123.93,0.61,212.18,19.7,56.15,118.98,110.7,33.19,14.92,30.46,198.0,29.19,142.01,85.75,75.18,44.73,75.98,90.76,140.99,198.59,46.35,231.47,15.69,14.01,42.88,38.81,50.58,121.4,209.73,35.68,25.44,259.94,191.85,194.67,75.77,81.66,62.13,102.14,58.11,204.74,38.24,6.28,15.7,1.03,11.86,88.01,7.16,24.01,205.1,24.53,71.91,1,72,92.49,84.42,102.08,83.68,18.39,,0
2644,0.0,276.2,6,6,7441,48.42,26.88,12.43,84.03,124.41,58.12,75.81,53.17,124.46,105.69,24.19,43.96,3.08,105.28,98.56,251.53,14.89,149.67,183.27,205.13,40.38,29.98,125.34,136.84,2.81,180.48,57.86,6.48,70.91,116.13,76.26,102.7,137.59,74.52,108.52,46.37,68.87,55.11,18.55,209.6,198.28,194.28,36.58,91.23,14.46,83.59,113.99,117.28,80.6,30.38,16.44,76.58,185.5,41.84,66.06,35.55,161.25,9.14,258.63,85.11,41.92,13.72,96.77,24.5,150.48,19.41,360.04,85.93,95.48,35.5,59.04,30.6,114.93,58.78,44.25,0.35,81.21,18.4,40.9,93.22,11.01,90.49,131.41,27.76,4.18,525.78,6.97,131.67,77.85,221.51,0,54,89.43,81.78,85.34,89.8,0.0,,0
2645,0.36,703.29,10,2,23019,63.58,123.21,21.03,198.95,11.4,124.52,179.83,79.58,24.17,4.34,248.64,1.47,28.63,19.58,292.19,63.4,318.46,0.28,83.13,197.97,131.81,371.4,5.73,47.79,30.45,9.81,49.31,16.64,135.88,36.09,342.43,211.03,103.67,33.11,27.99,141.96,146.12,177.34,31.25,125.26,8.88,129.24,28.63,259.69,3.13,25.3,72.21,129.3,149.26,80.11,221.57,152.57,72.05,107.59,67.71,258.73,235.71,48.26,68.4,55.6,258.01,250.18,46.17,53.01,4.55,171.89,45.62,267.27,138.87,36.26,128.09,4.02,455.19,8.81,219.41,81.69,59.55,22.53,30.25,7.09,130.65,200.12,138.22,33.09,90.24,157.87,125.65,19.17,209.74,443.44,1,62,114.11,103.2,97.31,127.89,0.0,,0
2646,22.35,309.47,2,2,9048,36.77,147.95,74.83,2.45,302.64,44.97,119.91,20.36,57.29,157.11,120.65,157.84,67.11,6.03,87.07,68.01,20.46,357.86,93.91,15.7,20.19,73.03,153.34,330.03,149.75,104.33,172.46,59.77,11.91,76.71,31.86,25.58,85.8,84.24,67.34,8.88,53.86,136.61,189.6,22.93,98.1,17.81,12.53,60.08,45.04,202.09,27.0,205.81,52.12,33.51,29.68,12.4,144.0,130.06,2.56,4.96,41.66,42.77,28.65,101.43,50.34,86.67,0.69,64.74,221.11,59.48,49.31,58.9,27.7,135.32,167.08,49.79,62.61,184.33,83.4,51.55,73.49,17.61,486.78,200.74,17.86,68.51,165.99,209.92,134.12,16.13,176.94,35.75,39.45,284.37,0,87,93.22,87.29,103.68,109.36,0.0,,0
2647,24.92,399.19,10,6,21410,45.56,118.33,157.76,180.59,181.47,97.24,3.56,104.14,29.95,0.36,18.24,54.65,8.45,12.24,32.57,22.79,59.11,7.55,67.5,52.59,17.93,279.93,175.12,173.08,28.81,13.54,93.15,706.86,150.62,10.11,18.01,139.24,61.11,442.19,193.75,34.01,70.17,110.19,102.0,140.33,21.14,34.82,12.44,41.62,117.51,3.88,0.55,101.78,18.05,6.52,29.07,188.35,112.4,96.54,84.8,89.17,31.88,11.32,102.87,78.22,241.79,80.35,207.19,224.54,216.72,61.06,147.29,120.84,100.19,230.91,10.5,81.24,174.09,41.23,178.45,24.57,34.57,54.83,256.64,15.45,98.98,50.32,2.89,74.74,48.82,54.81,8.37,33.08,182.24,4.47,0,10,93.99,102.85,96.79,102.04,0.0,,0
2648,6.92,305.66,2,5,4786,64.55,277.2,110.65,39.8,75.4,34.24,54.18,32.53,96.54,95.8,169.7,145.05,18.81,161.41,30.44,99.58,5.17,6.04,80.82,183.77,204.13,70.33,84.52,2.81,347.01,9.69,229.91,12.81,309.04,209.39,204.68,109.2,19.83,171.56,65.87,69.1,281.83,0.9,242.46,128.18,124.43,66.88,34.69,21.76,194.15,86.95,110.28,3.3,165.74,67.48,141.98,120.62,85.21,6.57,19.69,104.65,151.49,11.71,3.82,191.22,18.02,12.57,452.31,75.06,4.43,58.61,60.22,274.51,23.6,70.38,29.25,279.23,48.29,141.89,42.57,108.72,128.03,148.74,109.41,71.11,1.89,129.64,258.42,156.81,301.83,5.59,26.69,125.18,26.64,90.28,0,48,106.08,92.53,108.71,109.33,0.0,,0
2649,33.4,492.88,7,6,9177,0.94,7.24,577.62,42.38,13.94,145.32,40.38,57.74,67.89,189.24,146.1,225.94,122.71,336.21,238.83,32.6,283.37,176.46,218.38,218.77,53.27,41.74,1.06,24.25,23.71,21.36,179.75,78.46,36.04,15.21,138.8,72.34,171.77,240.39,48.7,43.02,4.56,263.35,174.87,61.13,0.34,1.48,20.84,7.26,354.28,4.85,55.37,14.84,10.05,111.72,52.36,158.48,6.92,14.22,14.22,47.04,75.86,57.23,19.25,22.57,163.72,97.17,153.78,511.07,4.89,6.71,67.72,134.42,89.89,371.35,22.81,80.64,92.43,84.73,2.45,76.78,133.36,85.72,30.8,15.77,60.84,98.74,66.05,89.77,36.26,17.49,45.16,205.1,10.72,48.24,0,63,97.66,109.36,120.56,96.82,23.74,,0
2650,10.92,800.37,3,5,14213,17.64,203.88,339.16,231.68,100.16,118.42,270.95,185.29,43.72,35.93,24.69,133.2,222.59,35.76,103.78,22.4,215.72,167.86,69.26,132.09,24.57,59.48,243.87,77.09,60.79,2.07,19.66,181.84,86.01,165.97,252.04,130.7,110.14,420.34,103.16,61.68,52.17,138.77,99.47,250.25,34.21,97.24,25.89,82.61,19.74,47.16,99.04,36.26,397.29,147.35,15.57,94.93,3.22,49.3,23.42,420.71,4.64,50.88,46.66,11.54,164.0,32.02,18.29,114.4,8.91,170.49,123.77,128.2,71.58,179.98,1.27,113.73,216.85,95.04,24.33,15.82,24.2,17.43,53.07,127.2,55.66,216.74,284.61,95.72,119.86,102.86,20.0,24.35,93.29,74.05,0,32,107.88,94.92,119.85,92.92,26.93,,0
2651,61.44,0.0,4,8,9510,187.71,255.92,17.8,130.42,160.6,355.87,123.24,31.69,2.6,116.93,94.64,78.25,17.93,2.78,41.93,104.37,20.52,25.12,128.27,16.06,15.47,16.68,25.6,35.36,70.75,110.46,180.67,12.79,335.43,1.4,100.18,84.68,74.05,61.16,59.75,127.55,3.71,54.69,1.68,23.9,417.11,212.34,43.61,127.24,222.86,287.57,57.38,68.39,12.8,129.36,148.81,92.82,354.48,336.24,46.88,165.04,171.23,47.78,83.08,2.2,105.68,77.73,295.22,91.97,81.02,197.73,75.1,34.14,72.83,123.8,50.24,301.53,22.81,211.69,17.62,69.66,6.7,80.79,19.36,146.66,29.7,213.62,240.83,240.79,125.51,91.34,58.13,98.27,208.97,127.74,0,69,109.48,96.15,90.58,117.24,0.0,,0
2652,22.98,789.5,4,1,5654,147.43,61.28,64.85,526.84,411.36,5.76,27.87,144.35,20.34,44.54,32.12,165.0,10.17,21.16,0.87,8.1,44.85,68.6,91.75,50.12,48.79,101.91,19.18,9.48,130.78,277.42,145.38,19.06,32.78,33.69,33.28,253.14,3.91,67.97,242.54,126.01,45.6,17.54,295.83,51.54,27.58,283.35,274.97,23.6,42.29,11.92,105.68,203.89,103.15,245.92,103.74,137.84,318.91,40.0,32.44,355.92,313.79,19.23,120.83,114.1,8.72,23.79,203.14,92.68,71.82,15.81,157.83,133.55,0.2,30.03,181.77,12.84,69.77,119.63,217.59,52.01,130.92,1.9,59.62,195.47,85.24,35.18,381.75,142.44,38.98,69.91,200.55,97.58,10.82,222.07,1,42,109.4,107.97,92.19,102.12,0.0,,0
2653,30.79,667.63,9,6,15201,141.35,59.75,1.84,87.11,154.16,32.32,259.2,23.38,414.73,124.86,81.13,97.63,40.56,264.07,66.56,574.16,128.78,88.37,86.89,30.64,28.73,72.16,18.15,166.7,138.96,16.59,3.33,158.96,82.23,29.72,273.16,48.06,244.99,157.46,194.11,88.83,253.34,110.75,33.71,73.06,7.11,157.15,14.44,32.44,60.06,65.6,27.53,230.65,32.52,20.37,144.46,63.34,348.12,34.03,149.09,33.8,89.98,86.71,43.59,154.72,48.11,38.62,31.59,393.55,162.74,141.34,49.57,19.28,15.49,98.87,112.64,138.06,8.51,9.31,112.12,101.52,22.63,61.61,119.5,71.68,23.48,140.9,2.34,40.64,13.03,49.51,203.4,123.89,7.42,107.6,1,77,102.39,99.5,115.77,82.3,33.47,,0
2654,12.21,925.02,9,3,5573,60.05,94.61,231.89,171.0,293.65,21.18,53.72,57.33,76.19,1.15,170.33,47.2,59.64,4.12,89.64,140.12,89.57,17.7,97.29,21.15,71.35,104.72,39.33,1.92,12.41,386.0,547.88,165.42,138.42,178.9,112.43,91.62,178.13,114.08,10.28,14.21,92.07,35.52,102.61,14.56,207.38,0.45,100.94,27.57,27.05,128.75,74.9,31.34,216.85,70.98,62.05,85.0,314.79,304.48,96.53,7.07,134.28,0.88,348.72,55.5,54.29,73.18,95.11,50.54,73.54,52.08,185.06,132.93,60.3,58.2,54.56,73.49,1.25,58.73,42.19,303.37,46.37,94.84,86.86,135.35,44.66,25.29,47.55,0.75,20.24,69.88,117.47,73.05,174.26,134.77,0,32,99.39,94.89,114.79,81.34,33.46,,0
2655,5.68,848.36,5,9,18275,122.53,51.44,155.39,23.66,26.17,4.82,110.23,30.33,16.45,255.29,141.55,192.36,13.09,9.3,27.18,5.68,345.54,72.49,149.53,50.76,10.34,19.95,154.59,12.62,194.99,6.77,144.02,14.66,68.94,32.48,54.63,205.19,521.76,145.4,32.59,84.66,63.72,23.22,117.0,179.19,35.59,6.55,76.35,476.23,131.52,70.11,102.61,139.98,68.74,3.17,483.93,81.27,44.76,138.49,84.71,135.29,24.13,101.03,4.18,65.38,16.58,26.68,59.97,66.1,53.19,349.89,137.26,31.55,33.16,36.82,149.68,140.53,90.47,186.85,54.53,6.45,16.5,51.33,12.68,49.83,95.83,81.16,67.3,210.2,72.61,90.84,9.29,224.85,132.73,79.29,0,40,97.76,102.85,82.1,87.8,0.0,,0
2656,16.57,404.43,8,5,16130,58.7,80.31,208.63,63.69,153.83,247.73,410.15,56.17,0.95,85.78,131.57,13.5,115.26,297.98,85.03,38.09,15.84,68.92,46.77,216.87,132.19,36.0,5.71,158.51,2.59,231.89,5.2,6.99,132.23,70.05,128.83,150.95,139.44,12.89,136.76,237.56,201.94,169.44,89.51,319.66,63.61,130.2,11.46,166.93,35.09,75.91,126.43,3.06,57.76,105.44,3.61,99.56,30.86,533.73,122.95,47.49,3.18,109.42,66.05,0.7,16.42,30.14,2.92,174.03,64.56,314.73,30.3,271.73,48.31,137.76,12.79,87.68,88.29,92.27,292.17,90.78,178.79,180.8,16.08,92.68,150.66,392.02,87.45,11.18,82.48,320.05,93.35,26.34,25.5,24.41,0,64,111.05,103.81,105.9,114.56,0.0,,0
2657,57.34,406.59,9,1,12398,51.66,144.1,139.81,669.64,60.94,157.57,6.04,4.58,16.16,92.56,6.59,75.28,7.16,376.19,254.13,55.74,28.96,27.62,125.35,272.45,14.71,133.62,387.54,30.96,201.87,165.38,98.72,158.75,34.92,270.64,148.4,133.5,359.83,283.71,238.68,255.99,169.12,282.35,237.54,9.35,10.58,57.91,77.13,158.2,104.72,62.53,10.54,27.89,95.56,13.2,128.21,150.91,38.71,411.86,74.96,42.24,68.65,43.68,2.92,110.17,12.48,84.47,88.02,94.4,16.62,117.84,15.07,64.99,101.93,36.91,37.7,118.84,53.0,190.14,249.24,64.9,89.72,297.57,6.99,12.47,510.38,109.31,100.97,146.46,187.88,68.58,86.99,25.4,40.54,66.7,0,58,121.95,120.52,135.65,103.22,32.44,,0
2658,31.86,634.02,6,3,16693,66.45,131.19,125.33,39.03,65.1,121.61,58.99,391.73,19.13,50.94,298.39,60.68,47.52,88.13,108.21,154.29,56.75,35.8,98.73,183.63,6.71,81.98,180.52,182.37,4.88,45.27,168.01,166.95,5.92,48.94,231.14,44.68,3.63,0.4,131.89,27.17,3.02,40.78,52.35,291.92,283.66,10.36,121.6,64.03,13.43,17.45,81.94,2.5,51.78,22.88,75.03,14.32,23.15,58.15,162.51,64.04,131.15,3.29,191.3,19.09,95.13,7.4,23.81,136.45,176.38,8.94,1.57,81.95,1.64,3.52,74.38,18.82,125.92,10.19,83.18,196.47,45.77,111.74,173.12,213.49,262.2,25.91,28.24,135.3,112.08,30.78,453.31,48.05,24.37,43.01,0,68,89.83,89.1,103.11,91.77,11.34,,0
2659,25.88,992.23,5,4,9533,24.86,157.18,9.9,9.96,96.52,7.49,89.78,111.9,23.9,114.77,1.79,41.14,25.07,57.52,0.7,1.15,192.03,107.2,8.78,40.19,31.29,282.5,141.3,122.29,162.53,126.13,104.02,0.31,50.78,10.91,200.47,125.46,148.29,59.07,109.67,132.38,241.87,54.22,18.78,115.18,175.17,94.73,64.11,90.51,39.36,34.49,8.78,3.5,36.91,152.36,138.55,38.02,140.03,80.24,158.57,19.58,114.2,75.47,22.91,400.0,8.68,268.16,30.92,43.66,54.01,27.64,8.16,100.15,112.36,75.1,59.03,163.57,160.57,50.53,28.18,60.09,192.99,18.19,43.43,51.38,16.85,13.84,148.81,10.29,307.02,107.87,78.81,136.72,0.71,169.77,1,25,86.6,76.93,71.8,84.92,0.0,,0
2660,55.6,853.46,8,6,25840,1.18,113.04,178.27,103.14,17.45,119.71,77.08,208.63,162.56,54.28,16.71,38.95,298.59,256.05,36.72,91.99,159.16,115.07,229.63,189.8,19.25,2.07,70.17,98.5,156.94,72.5,60.57,13.25,46.55,3.31,300.14,9.61,6.22,466.84,48.03,236.81,52.9,65.03,80.05,294.53,21.6,123.86,546.59,13.43,31.06,55.31,254.7,27.7,228.95,56.07,404.12,26.61,98.68,527.0,82.24,57.03,25.45,296.16,117.82,22.23,18.73,52.34,58.69,19.43,46.87,44.08,22.14,2.04,42.43,6.88,162.8,101.5,149.04,196.16,28.54,36.97,34.83,208.88,2.93,165.19,423.51,12.47,7.25,109.22,22.26,101.05,111.6,214.78,126.62,64.03,0,54,113.12,119.19,100.37,86.44,13.93,,0
2661,23.83,348.59,4,4,28466,20.95,76.0,141.34,2.34,80.45,184.12,556.01,8.71,36.89,18.23,139.73,128.06,7.38,48.31,110.61,56.4,3.6,47.02,1.39,7.81,20.03,5.18,237.95,85.78,4.53,129.83,22.89,105.36,27.16,104.61,26.7,291.83,358.06,31.47,161.21,213.59,62.74,0.12,58.54,38.15,37.01,60.91,129.82,52.3,102.93,3.35,114.67,483.7,14.11,231.25,80.65,17.88,311.58,9.97,70.58,201.67,64.19,42.6,23.58,41.16,96.54,4.43,203.47,211.98,91.46,2.35,156.72,165.72,256.01,103.43,176.65,237.91,116.07,43.33,48.55,92.04,74.34,224.34,8.5,313.5,15.3,80.73,171.06,106.4,3.7,0.88,32.47,51.98,22.51,9.64,0,45,98.63,105.63,80.62,104.07,0.0,,0
2662,21.4,0.0,4,7,4709,61.38,9.1,92.53,64.89,14.76,7.5,194.47,12.81,62.66,113.14,28.24,48.26,68.65,45.18,35.3,101.41,48.92,86.35,17.66,47.86,38.1,194.6,53.98,49.16,156.69,361.25,72.35,335.58,21.07,7.21,45.48,57.17,323.26,88.25,28.7,20.54,37.68,168.36,63.5,88.29,94.01,0.45,66.68,284.79,46.8,3.57,22.82,28.05,8.37,70.82,61.88,129.61,0.12,80.75,55.07,144.42,418.65,31.03,102.7,12.17,37.35,17.51,23.26,84.08,9.19,56.24,50.63,78.46,90.17,69.7,8.53,60.59,78.58,60.38,153.64,137.37,367.39,107.44,64.94,375.43,86.36,116.8,135.35,104.87,46.09,103.98,421.25,141.89,14.11,17.58,0,74,90.6,96.01,81.7,103.97,0.0,,0
2663,27.71,231.49,3,9,12461,205.89,61.35,66.74,192.95,33.99,35.1,11.25,412.84,201.3,187.93,88.65,131.05,51.75,20.89,48.2,16.14,163.76,92.38,5.07,361.12,18.52,128.49,84.81,95.83,233.34,118.72,36.03,105.52,113.14,616.67,110.87,152.26,127.87,10.5,164.67,3.91,168.43,10.3,96.81,19.45,101.14,54.36,36.77,357.6,104.6,94.67,62.96,88.47,47.87,5.43,13.26,290.67,36.34,62.82,26.5,5.31,110.73,114.13,184.92,5.69,14.2,3.0,73.62,11.46,204.21,200.07,72.56,196.06,56.39,27.26,118.92,228.24,261.76,89.96,109.28,27.53,50.57,28.61,26.01,124.79,21.51,95.09,43.16,187.25,377.36,20.37,82.48,99.49,48.94,229.86,0,43,108.21,105.51,131.31,104.33,26.98,,0
2664,30.27,580.12,4,5,1827,212.37,466.87,71.99,5.37,33.5,197.1,288.09,7.68,90.49,186.7,138.22,163.59,136.65,159.81,104.15,142.1,81.57,299.02,18.9,121.43,76.71,195.17,38.27,101.34,11.74,91.27,263.52,9.4,76.43,48.8,9.83,83.06,24.35,93.37,15.22,138.46,256.15,155.06,82.85,30.73,108.12,56.02,253.88,23.4,33.55,22.32,200.15,28.92,27.33,467.65,20.59,47.03,133.05,483.47,60.04,142.12,27.08,20.35,18.84,99.15,18.76,92.5,101.84,14.25,250.39,62.39,4.9,38.18,16.17,211.5,12.28,18.64,108.41,81.09,73.15,20.57,92.34,69.83,125.96,278.55,132.18,38.83,47.38,31.08,253.25,41.32,221.23,23.76,79.63,115.43,0,73,107.51,102.94,127.94,89.19,38.75,,0
2665,3.03,214.34,6,0,19626,39.2,159.67,76.18,88.02,46.01,91.51,101.5,14.7,167.36,116.86,109.01,172.21,36.22,117.32,123.38,130.9,73.81,331.83,54.22,21.05,149.4,339.61,68.18,44.93,233.42,104.98,16.51,108.91,10.63,156.67,107.74,23.59,13.25,51.04,159.89,88.53,36.05,74.19,68.35,48.96,189.18,114.32,35.87,33.24,96.28,292.71,75.05,46.43,136.6,238.02,58.93,35.44,370.01,20.76,127.97,279.09,15.51,153.33,171.07,45.09,277.05,154.29,22.03,52.05,24.99,38.52,102.39,60.98,66.42,66.08,66.96,36.42,223.14,7.11,50.16,14.88,19.42,38.84,10.06,5.13,162.92,241.35,219.29,105.93,509.75,114.34,109.06,159.86,547.27,44.47,0,88,111.8,103.33,110.14,118.37,0.0,,0
2666,50.18,310.05,3,4,3963,196.23,667.23,72.97,33.71,88.29,96.08,55.18,14.19,95.92,297.13,57.71,206.31,63.67,61.57,50.13,85.38,78.09,149.87,161.6,138.69,85.84,168.61,20.2,111.11,9.52,33.92,24.02,102.56,223.91,10.05,42.21,104.18,188.63,187.57,100.01,10.06,41.36,1.42,88.34,164.14,40.95,34.82,60.41,15.94,79.32,270.16,40.75,1.92,36.43,31.36,206.16,167.79,343.21,1.45,20.35,269.13,6.72,17.39,45.64,79.14,190.99,35.43,63.09,524.09,30.73,16.45,86.57,47.26,108.16,151.53,39.92,78.14,19.76,4.47,40.35,50.25,3.44,20.0,8.46,76.08,210.46,182.29,23.26,462.56,82.97,106.34,100.31,35.91,65.62,25.34,0,67,100.52,112.75,115.32,96.34,18.98,,0
2667,38.62,283.69,10,7,24819,139.72,53.63,3.81,257.6,241.31,16.01,15.51,210.5,5.0,99.2,121.19,123.55,52.13,12.13,22.38,6.46,70.28,300.55,188.03,82.65,3.69,314.08,174.84,181.05,185.26,65.57,118.82,311.98,20.73,53.15,359.38,191.81,58.25,45.21,40.01,45.78,123.98,76.78,33.07,38.05,108.92,49.34,98.85,40.07,1.39,232.19,2.86,12.37,39.79,10.32,248.86,157.57,15.31,197.09,31.71,267.33,78.87,22.83,234.41,47.97,40.16,44.44,111.05,237.87,15.16,84.82,54.29,166.85,75.93,471.27,45.5,60.62,46.09,22.59,145.25,179.24,1.12,37.56,46.75,14.25,429.8,42.58,18.52,541.71,77.91,59.4,82.81,260.31,45.74,39.29,0,87,109.56,111.67,115.03,116.63,0.0,,0
2668,20.33,251.49,7,5,26403,49.86,15.72,51.83,81.73,106.69,16.93,303.75,7.84,75.91,358.07,1.01,226.16,150.71,63.15,69.21,221.77,56.85,232.54,127.05,17.08,125.47,8.73,46.5,82.59,190.55,159.41,191.39,23.76,142.64,23.79,97.39,24.84,91.16,0.22,68.01,45.49,169.41,102.36,163.71,338.38,69.95,32.52,274.12,63.11,144.67,8.06,254.04,234.1,81.12,66.53,498.66,38.17,14.45,98.33,141.47,19.6,10.4,94.32,32.18,6.5,22.83,88.0,29.57,223.52,289.53,176.68,60.82,262.17,72.79,27.24,156.55,106.78,47.47,1.98,298.84,132.03,10.97,55.19,33.15,120.93,126.13,34.34,157.89,2.62,8.85,266.04,5.21,22.13,130.49,83.08,1,15,106.29,98.31,107.62,101.79,5.83,,0
2669,27.69,680.99,7,8,15143,104.41,71.04,34.97,250.41,33.99,25.18,47.17,25.54,44.06,17.07,123.79,26.96,108.2,14.58,3.15,173.57,64.56,58.92,8.57,31.94,22.6,13.89,98.21,18.29,158.08,67.11,4.11,12.65,50.21,477.04,164.51,17.41,133.83,36.14,8.57,146.65,120.65,201.44,116.94,128.07,111.4,34.0,169.12,14.26,32.23,56.83,249.06,1.45,9.78,94.88,36.31,7.06,36.72,6.09,89.13,71.57,90.3,161.19,60.75,209.7,244.51,344.49,182.08,105.02,14.92,52.21,24.44,17.6,168.63,7.84,1.39,47.5,35.27,26.42,101.11,155.01,215.75,81.0,40.47,75.81,237.83,81.45,215.54,89.13,58.17,76.58,127.37,28.21,208.7,102.92,0,13,88.6,84.22,73.01,105.58,0.0,,0
2670,18.71,771.7,2,6,23633,46.05,98.99,155.28,366.92,159.63,283.24,120.11,135.91,3.09,574.22,8.1,26.32,381.68,32.99,106.14,18.93,37.04,22.09,3.5,68.48,170.61,32.65,188.15,237.42,0.19,174.4,158.11,194.76,159.63,34.88,314.01,101.57,45.67,258.58,66.2,211.56,41.37,524.01,10.58,81.22,235.91,7.62,148.3,78.8,1.78,202.95,174.14,73.72,289.33,5.86,7.76,307.32,125.41,213.83,165.97,95.48,215.82,50.54,109.83,50.17,266.87,30.77,8.33,47.18,25.57,135.61,102.41,26.97,49.35,192.4,142.51,75.84,31.63,56.85,93.73,83.63,73.91,15.88,23.35,11.76,64.77,47.25,205.29,30.75,80.0,63.28,15.84,222.41,160.98,14.38,1,88,117.94,112.46,133.32,79.98,53.33,,0
2671,39.5,689.2,4,1,17476,28.61,15.41,92.32,62.48,37.08,38.65,348.87,27.79,81.7,19.22,23.27,7.23,93.16,28.83,0.8,156.43,165.0,19.14,7.1,192.88,16.45,12.79,113.61,191.95,71.42,39.23,85.7,21.58,96.97,42.07,165.86,17.43,318.46,122.58,25.21,29.48,64.5,61.4,541.76,48.63,95.99,50.9,75.17,39.52,14.62,186.47,124.62,4.05,40.74,12.99,68.55,81.35,85.7,168.47,175.82,159.54,5.03,123.9,213.2,62.91,7.73,102.63,124.35,18.87,51.23,20.57,20.27,136.43,82.86,76.05,64.85,74.48,35.95,104.49,9.43,19.12,82.79,254.49,79.44,85.1,132.25,8.55,175.48,249.04,76.09,164.56,148.4,232.9,22.54,274.4,0,87,91.75,89.23,71.26,97.84,0.0,,0
2672,43.29,0.0,4,9,20876,31.89,115.9,210.9,62.98,143.54,64.65,77.44,550.32,15.27,41.1,13.0,51.45,37.78,329.66,8.68,53.97,16.65,214.99,256.53,11.3,133.19,374.34,342.64,2.61,195.43,131.9,127.99,171.15,1.33,133.33,50.31,232.14,17.49,10.06,184.97,25.82,206.88,85.53,61.45,61.95,22.98,84.41,106.22,539.57,214.59,1.21,114.51,42.38,220.37,119.67,67.8,20.36,40.23,126.23,298.46,69.3,13.26,120.61,479.4,74.35,39.92,55.2,169.67,35.53,3.51,234.27,100.92,125.87,77.7,21.82,25.81,2.04,88.96,54.66,120.94,20.3,3.64,39.32,158.48,90.81,93.13,107.6,7.42,640.26,53.2,28.15,79.84,26.38,73.27,64.66,0,42,114.2,126.12,130.73,88.11,42.62,,0
2673,16.88,139.37,9,5,6644,66.59,20.93,145.14,26.56,8.83,9.52,185.46,62.1,104.99,25.78,213.42,32.43,168.62,94.51,254.0,86.37,38.1,69.85,229.0,262.24,49.76,164.46,231.67,389.25,10.98,77.9,24.65,115.26,339.74,15.9,41.04,35.42,232.45,29.41,440.41,9.23,0.56,26.89,0.68,23.31,18.16,150.5,42.25,119.35,58.95,38.65,47.59,45.51,211.58,71.75,0.73,86.99,7.4,116.97,12.83,34.71,154.7,24.77,30.47,234.02,185.1,6.32,153.47,29.04,126.99,100.65,67.18,71.66,93.38,119.73,42.78,61.96,114.11,44.07,44.15,28.01,57.45,91.68,92.09,45.75,216.88,94.84,101.53,120.39,17.2,89.92,88.43,207.89,1.46,41.52,1,41,93.63,88.27,117.47,85.19,32.28,,0
2674,30.41,462.56,8,9,27396,34.54,53.74,31.55,9.06,273.36,138.46,159.47,26.15,22.02,39.73,195.28,7.09,22.96,194.32,118.87,66.65,144.85,154.73,59.06,68.42,30.28,53.46,43.99,29.24,36.93,139.14,96.28,138.94,89.31,27.28,3.03,172.42,6.21,254.19,41.39,353.84,22.93,197.19,24.95,31.07,132.98,56.27,114.42,141.17,32.68,67.9,105.65,144.9,25.35,19.58,27.07,123.7,5.05,27.35,4.55,200.1,45.08,142.67,93.17,4.99,0.11,168.81,4.17,0.58,13.09,32.82,72.17,1.41,105.77,146.95,48.51,152.99,80.42,358.06,3.08,86.3,63.02,133.21,6.2,149.24,13.37,34.53,179.06,86.32,167.02,85.67,154.8,1.43,51.54,240.33,0,88,86.31,78.36,83.51,88.03,0.0,,0
2675,15.58,304.4,5,9,6786,120.54,81.8,48.07,123.2,301.01,552.46,53.01,93.06,92.44,68.43,159.59,105.64,171.47,20.03,18.48,22.34,23.83,84.9,100.3,356.54,28.63,70.17,174.12,47.9,113.43,206.96,215.29,11.53,87.32,29.21,20.19,37.54,79.33,21.85,76.35,146.97,589.5,96.55,353.22,14.83,82.24,62.36,15.43,48.93,7.18,61.13,143.05,59.56,24.84,47.56,149.29,101.36,97.36,206.52,141.74,435.08,17.0,181.49,40.68,130.65,1.78,144.86,143.99,348.28,171.67,124.02,11.03,86.66,123.09,139.2,56.79,102.19,22.55,30.46,9.67,13.87,306.69,117.06,34.6,0.86,41.81,71.57,59.04,255.46,33.6,140.89,30.62,5.34,144.97,6.6,0,55,109.45,112.7,119.39,92.64,26.75,,0
2676,33.9,214.96,4,9,22385,21.82,307.43,349.02,12.22,57.86,116.35,84.47,79.76,16.05,241.51,64.67,520.12,82.91,479.86,139.45,23.86,179.8,79.5,132.6,89.68,47.14,249.76,114.65,235.56,72.29,27.69,19.47,79.08,67.53,169.29,30.34,157.32,295.01,197.61,28.55,98.27,251.23,79.96,59.78,56.66,82.98,203.95,204.81,216.04,290.69,127.38,217.39,21.22,3.74,56.33,57.94,34.61,85.63,71.17,59.75,23.44,81.47,49.34,147.17,63.91,106.23,102.86,86.12,0.97,456.75,0.5,349.88,91.17,0.2,95.11,27.15,69.5,91.1,129.22,215.98,43.06,141.88,187.48,26.13,49.98,64.07,12.31,41.97,79.13,37.02,109.88,46.17,63.5,83.47,104.74,0,86,115.87,106.5,138.71,97.12,41.6,,0
2677,12.52,641.75,3,1,5764,21.17,201.61,364.14,38.14,148.33,197.55,46.14,45.08,20.54,56.64,4.84,0.68,8.69,1.12,90.76,281.65,151.25,14.52,55.43,9.82,65.11,25.82,111.5,43.62,21.85,94.45,159.4,85.6,21.69,108.8,183.35,19.95,241.65,203.53,79.56,24.44,20.5,26.65,29.72,6.12,13.08,76.89,17.88,34.62,44.87,260.25,103.87,41.48,43.23,49.73,73.4,93.66,173.73,12.38,64.35,82.29,40.4,8.88,0.11,15.01,4.63,18.16,81.43,31.8,19.91,77.27,142.75,12.28,90.21,369.65,62.78,36.88,28.39,38.69,38.01,28.87,8.39,58.43,47.79,99.15,33.59,8.02,194.38,54.94,39.07,54.32,9.07,4.31,45.16,10.67,1,67,70.34,77.07,83.2,58.3,24.9,,0
2678,22.83,263.37,7,3,5200,96.0,18.14,225.42,100.1,114.87,17.16,11.89,69.83,39.86,2.18,7.5,44.76,115.61,476.8,47.72,2.99,57.43,57.87,2.04,26.41,150.52,89.24,68.92,6.44,72.68,173.2,57.61,34.51,47.89,134.31,229.98,59.49,3.18,37.0,140.37,347.92,111.07,23.01,108.61,0.99,215.08,50.5,60.27,160.85,86.89,63.49,62.19,14.65,38.38,28.49,28.19,106.39,183.32,35.09,112.92,41.65,277.64,303.8,70.9,128.49,224.54,63.6,178.33,56.02,16.12,26.91,13.26,172.58,7.89,90.64,28.74,167.5,119.23,66.35,116.94,35.69,71.46,72.94,107.85,39.46,245.92,87.94,85.51,64.28,55.06,14.06,124.33,61.85,58.59,123.62,0,57,89.98,82.81,79.0,86.57,0.0,,0
2679,41.96,972.32,6,6,28861,266.26,12.91,29.2,19.97,52.71,162.0,370.44,42.77,223.06,112.97,2.98,35.71,144.67,60.72,10.24,270.43,59.95,119.82,569.1,156.81,52.62,106.43,46.6,131.74,158.27,70.23,99.18,0.56,50.82,98.51,104.46,48.76,62.47,15.2,55.54,9.05,64.74,39.12,182.76,29.79,57.06,64.95,22.14,217.23,138.79,16.38,33.77,68.68,151.66,9.59,29.97,4.7,189.19,18.75,36.92,22.36,160.36,254.89,94.72,119.05,30.98,159.39,357.79,116.9,214.01,315.62,7.98,34.94,178.14,223.44,26.84,119.01,356.26,8.6,48.66,5.54,418.53,3.8,61.33,37.94,319.83,36.78,96.16,33.7,32.43,57.33,85.22,57.51,43.98,5.47,0,14,103.94,108.05,117.92,116.47,1.45,,0
2680,41.63,1010.47,8,2,16659,177.44,10.86,126.32,72.8,181.99,6.82,15.27,15.6,97.79,95.39,180.39,198.79,67.15,191.11,85.1,21.74,100.82,77.66,350.8,38.15,551.17,13.53,162.89,157.56,8.03,101.74,150.96,16.42,393.58,161.48,107.38,47.66,216.88,133.46,48.89,20.43,200.68,12.34,7.95,377.42,58.42,290.08,100.83,162.7,72.32,123.31,154.92,49.84,5.51,75.24,7.87,38.69,397.55,128.83,131.5,64.1,70.48,833.24,368.64,296.85,78.4,212.29,29.62,185.27,71.67,97.69,117.99,175.65,23.44,120.67,400.6,50.03,117.13,107.87,29.96,66.53,754.26,3.02,387.65,93.57,42.25,54.22,20.77,130.32,49.5,220.24,123.92,350.18,159.39,22.57,1,52,141.45,149.72,127.64,143.22,0.0,,0
2681,25.32,506.2,10,3,5514,5.6,25.99,10.64,188.96,127.89,65.57,12.52,95.87,496.52,32.58,44.14,6.85,98.55,116.13,15.32,31.78,10.46,117.51,18.66,76.93,29.83,484.33,48.23,26.58,67.88,86.88,25.81,155.44,251.03,29.84,18.05,385.5,76.26,269.29,139.37,39.67,45.27,151.77,19.74,40.27,0.09,204.41,1.91,17.25,242.92,109.36,348.88,281.95,156.62,89.78,260.43,90.3,67.02,331.84,45.24,16.95,46.43,133.3,46.6,224.65,114.45,257.9,10.24,38.72,75.95,346.47,11.91,142.97,103.26,121.71,66.68,379.7,2.2,84.02,50.74,45.22,92.06,100.68,172.07,44.52,86.35,47.94,184.94,143.15,237.75,61.31,16.53,203.06,193.13,92.05,0,16,113.7,110.55,93.48,117.59,0.0,,0
2682,35.09,658.35,10,8,1652,32.67,5.81,43.28,43.21,80.9,34.39,157.53,1.34,50.14,35.7,71.54,43.05,8.61,216.36,20.59,208.0,7.07,5.64,60.84,29.23,2.67,66.92,27.5,38.16,31.11,48.22,113.53,202.51,33.21,3.87,58.69,106.14,17.49,145.63,125.77,50.43,215.15,1.38,7.87,49.66,439.84,24.08,134.0,26.79,25.14,10.67,97.4,126.53,53.11,98.43,42.92,3.84,1.93,153.07,377.94,188.91,72.8,16.42,28.01,14.88,0.9,84.99,15.61,98.77,185.07,157.46,67.1,256.32,125.04,55.61,44.73,161.1,96.34,113.76,91.2,117.72,57.15,39.76,70.12,27.76,203.63,39.79,48.53,74.83,331.14,48.13,2.71,5.63,129.1,31.89,1,10,80.23,83.21,57.45,92.73,0.0,,0
2683,26.81,753.2,1,0,20380,191.22,73.21,38.47,61.99,128.91,88.78,202.66,31.65,23.14,14.02,56.47,174.27,280.62,19.14,21.31,64.14,191.06,137.95,2.55,25.35,214.43,11.06,116.98,103.54,35.82,0.16,157.59,158.93,308.16,0.77,37.6,4.5,78.0,89.93,147.88,158.89,87.38,38.21,49.47,162.87,68.12,21.67,49.72,8.92,272.24,10.06,115.76,8.74,139.11,211.52,14.24,109.99,6.3,155.62,62.58,3.4,14.45,62.34,130.41,10.04,83.35,99.33,1.44,19.21,127.75,46.48,18.67,8.6,37.07,28.83,2.29,197.2,23.11,117.43,42.15,104.2,85.03,272.8,145.49,21.34,156.55,77.99,63.11,149.69,8.12,41.15,5.47,59.85,82.03,50.01,1,47,82.67,73.84,97.81,72.53,25.29,,0
2684,21.82,194.09,1,9,20509,310.42,2.26,137.68,131.99,124.47,49.95,104.64,263.56,82.38,143.56,285.95,77.75,247.03,39.1,361.43,21.29,66.33,10.23,30.5,223.93,97.78,250.72,112.93,159.56,31.2,168.5,170.2,65.75,317.47,18.02,127.42,14.73,37.45,97.16,18.17,201.88,128.85,145.77,38.68,29.37,190.7,146.81,7.36,5.3,13.0,67.53,23.37,19.38,115.14,100.25,5.91,21.46,63.85,130.27,26.94,14.71,43.13,42.16,33.64,50.54,4.56,88.51,54.07,99.88,7.66,0.82,263.83,27.01,0.88,121.21,29.61,128.34,94.86,64.56,267.9,39.35,10.88,131.86,30.77,20.71,157.78,147.07,1.61,281.67,348.61,210.16,5.9,262.73,67.32,177.9,0,52,102.4,92.92,136.89,104.93,31.95,,0
2685,18.84,823.42,7,7,12951,66.45,14.22,35.76,48.95,131.75,104.24,38.21,83.48,28.44,87.17,322.59,37.21,22.79,29.31,12.19,90.75,131.64,81.66,66.15,60.0,94.65,19.77,71.11,15.64,65.67,41.43,122.32,29.42,183.1,62.48,41.31,49.21,201.91,22.83,129.2,227.3,10.43,83.49,82.9,74.09,112.64,32.83,88.68,209.54,113.97,150.47,78.12,21.65,368.72,80.04,113.13,41.83,219.42,28.96,37.01,188.09,18.94,147.73,12.93,23.09,692.26,88.02,18.11,52.46,352.0,44.32,25.04,100.31,361.19,335.12,67.72,64.56,67.13,5.48,263.54,18.06,12.82,37.93,2.38,93.33,163.36,39.1,22.21,19.81,25.97,112.95,10.85,57.09,37.91,85.03,1,66,94.28,105.32,73.28,109.2,0.0,,0
2686,10.93,448.24,5,4,13635,33.48,87.87,37.21,207.95,328.47,3.12,22.5,107.24,137.86,167.84,1.94,175.24,57.78,38.67,187.65,65.71,47.38,156.66,63.42,77.56,22.2,79.1,201.07,15.59,137.96,33.32,9.82,30.73,46.36,223.91,195.63,273.23,6.65,34.14,134.93,65.11,151.03,53.53,16.15,127.32,13.39,157.1,102.93,23.12,42.3,66.61,36.25,93.53,68.99,15.78,163.87,122.22,139.86,38.5,24.6,6.95,17.95,46.83,2.82,107.77,118.5,483.9,36.58,214.64,322.13,89.28,40.2,102.47,19.0,4.72,59.53,11.05,140.33,55.2,79.24,278.15,320.45,67.94,87.94,0.24,19.77,111.39,19.62,22.45,126.91,118.35,12.09,65.45,26.07,130.89,1,85,92.66,88.52,93.52,106.15,0.0,,0
2687,29.35,496.18,8,4,13586,77.98,289.63,62.03,77.01,10.71,154.42,178.95,281.46,234.71,47.5,125.68,32.15,25.14,118.03,89.54,94.88,116.06,46.44,120.15,0.98,174.49,46.79,5.45,13.93,101.02,63.56,190.06,99.75,48.55,474.15,22.26,40.22,269.55,232.8,5.51,7.72,66.96,53.22,15.63,39.65,14.27,137.91,11.48,68.52,580.72,175.94,159.03,28.21,59.4,21.66,81.64,25.35,203.82,258.01,23.34,78.41,3.22,61.27,156.11,49.73,342.52,23.29,11.57,32.46,299.64,267.08,15.72,67.1,113.31,73.45,79.59,41.81,42.65,175.64,54.45,22.92,57.39,31.94,426.05,58.82,381.49,249.87,87.19,95.99,86.27,30.12,382.25,300.78,38.03,77.71,0,51,114.67,117.14,113.37,132.24,0.0,,0
2688,24.48,676.59,3,5,21875,279.21,100.18,167.18,179.1,14.6,131.57,9.64,100.24,29.2,9.85,106.15,34.95,21.08,85.38,221.02,62.94,40.08,64.94,395.64,431.37,168.26,228.77,55.55,28.46,27.22,11.77,26.17,45.07,43.6,5.61,60.71,68.37,28.85,5.94,72.12,181.0,29.21,0.62,58.93,101.76,38.1,6.25,102.21,50.5,121.23,19.31,4.86,21.49,56.91,425.04,219.23,46.28,41.99,42.52,263.32,108.72,177.79,298.97,107.06,9.98,502.16,30.56,95.28,68.9,72.32,40.78,67.76,187.92,41.2,110.02,13.82,27.8,69.76,92.45,68.75,169.93,42.55,103.86,14.69,298.98,3.5,29.26,34.79,104.66,258.09,55.16,182.19,182.94,143.74,115.42,0,32,101.37,103.69,104.16,107.64,0.0,,0
2689,39.39,600.24,10,2,28713,142.59,71.89,102.52,12.47,68.87,116.5,318.71,42.86,120.6,23.64,149.69,20.53,95.24,114.66,73.28,105.68,67.29,0.52,116.83,175.66,13.72,52.82,5.33,274.89,13.26,247.21,1.49,29.52,96.84,109.77,211.59,175.66,0.47,31.89,2.73,202.78,599.14,119.58,6.66,12.57,59.41,130.3,358.31,146.33,112.19,122.83,276.59,256.4,13.76,274.5,56.49,38.32,110.59,267.04,32.78,2.24,37.75,234.18,57.6,94.57,38.15,131.0,146.71,211.83,70.77,58.36,0.69,16.74,256.82,39.15,13.04,174.57,13.14,1.03,3.19,261.68,96.98,53.96,63.21,147.26,310.64,246.85,73.79,9.1,35.22,33.81,128.36,24.51,33.49,85.55,0,11,106.78,104.02,92.83,92.65,0.18,,0
2690,27.02,414.15,7,2,5535,112.11,220.15,30.66,9.39,28.99,25.02,207.78,50.94,122.09,17.8,67.66,15.29,20.13,249.31,26.03,128.67,23.08,0.76,421.06,5.54,69.62,139.13,258.77,5.96,60.45,171.47,330.96,114.61,139.94,9.18,128.32,18.38,1.26,7.54,81.21,66.0,13.8,102.12,27.78,56.29,17.68,238.97,38.04,52.25,128.46,71.68,62.31,19.22,43.81,83.69,104.24,40.29,85.8,52.27,346.56,310.79,38.92,3.6,28.32,152.51,31.51,29.85,31.03,141.84,150.49,28.44,5.54,13.54,18.39,231.64,15.9,242.0,48.49,8.12,29.27,90.53,153.49,31.53,24.18,60.8,135.88,128.47,49.88,58.07,6.77,89.17,139.84,67.5,54.91,179.79,0,82,86.68,87.5,102.75,76.56,26.19,,0
2691,32.54,448.94,3,7,4660,2.39,4.98,109.94,24.17,10.74,48.76,27.22,164.12,42.78,235.95,29.99,27.35,52.15,42.2,51.2,199.73,67.89,39.2,10.79,319.33,87.24,36.84,7.92,50.04,96.46,86.35,277.51,35.81,163.45,6.06,86.14,125.44,63.65,53.38,86.38,28.23,20.51,3.23,55.96,123.49,249.32,244.67,178.64,9.04,129.74,9.81,72.8,53.7,44.87,313.37,241.45,20.25,37.17,73.68,45.5,53.9,21.59,4.64,36.71,57.49,133.35,30.06,43.69,121.2,29.81,660.38,130.44,69.72,25.79,0.6,18.75,23.83,16.72,57.19,48.24,84.81,65.68,143.49,93.85,438.46,6.01,58.98,317.37,30.71,179.33,77.47,54.94,91.65,67.11,46.61,0,54,89.66,104.1,78.62,105.54,0.0,,0
2692,16.2,171.49,7,2,13758,245.57,325.72,203.0,42.34,299.57,138.68,251.78,112.71,97.11,186.94,198.14,13.3,348.21,98.11,70.7,50.93,391.78,271.09,71.33,113.13,137.86,4.76,85.06,0.63,89.52,187.98,28.15,41.83,38.57,44.6,132.95,169.42,2.34,451.96,79.44,48.23,172.51,29.3,104.01,27.69,3.81,15.28,102.93,236.59,71.41,124.87,174.31,46.8,347.1,26.67,293.61,390.5,104.45,4.7,138.6,31.46,38.57,79.47,337.34,23.61,231.21,1.6,40.15,7.43,106.01,175.64,9.0,91.46,136.48,18.6,112.19,73.61,185.3,48.18,80.78,172.87,11.78,205.34,274.53,66.08,124.36,162.82,5.79,135.42,122.63,77.74,26.92,10.74,7.11,60.13,1,51,119.79,105.63,139.64,92.73,46.91,,0
2693,52.24,806.27,8,3,23309,89.0,97.14,61.78,192.11,23.42,50.87,132.78,537.39,18.59,425.77,202.56,46.57,35.64,18.38,95.68,29.84,87.35,83.45,9.62,13.67,32.28,21.65,83.34,8.25,184.76,55.46,195.89,24.75,98.4,33.59,184.66,174.69,56.58,320.07,8.95,3.4,37.53,35.11,38.17,63.53,54.45,2.8,26.62,27.16,112.59,8.05,69.6,76.43,129.61,36.65,107.18,3.05,12.0,359.88,22.34,233.35,702.84,23.39,36.92,29.08,15.71,30.17,124.23,1.7,118.61,16.75,33.46,16.22,49.71,151.78,14.42,105.89,22.52,51.1,76.68,66.03,4.56,298.44,43.59,421.0,135.12,80.17,20.07,170.56,63.7,52.93,49.65,228.33,34.38,47.44,0,61,94.8,119.86,99.67,84.83,14.84,,0
2694,26.23,378.2,3,6,19118,27.7,123.0,10.83,121.36,247.1,80.15,92.66,34.74,199.8,4.98,58.72,23.37,260.2,58.44,174.55,68.67,239.73,38.13,3.3,35.69,169.01,56.45,138.32,58.98,50.22,49.5,102.86,144.42,102.6,11.58,158.21,125.12,32.07,9.25,79.52,50.31,136.17,29.1,139.96,277.24,161.2,16.7,4.92,131.98,67.55,13.42,45.26,197.25,85.57,114.58,97.98,24.81,24.16,21.04,119.46,24.99,45.32,218.69,2.63,43.4,257.6,26.62,26.68,160.53,182.41,38.28,346.25,215.15,4.29,8.06,2.86,26.8,29.07,11.85,14.14,268.81,26.61,51.91,5.37,102.21,0.09,48.14,58.86,56.78,118.77,81.24,93.25,7.26,67.64,30.73,0,37,85.03,78.17,92.9,78.94,13.96,,0
2695,52.59,720.72,8,9,22221,146.22,110.13,23.58,40.17,179.28,219.75,75.53,13.24,19.06,41.67,32.05,52.01,51.2,424.18,8.18,71.82,44.13,43.61,44.75,93.32,50.13,7.69,6.06,11.92,112.9,156.96,81.81,74.56,26.67,65.83,503.6,176.83,167.42,73.65,11.29,109.54,4.6,57.63,8.26,368.68,83.82,62.66,108.65,63.29,160.89,102.73,197.84,14.89,10.11,170.82,31.44,17.08,12.65,170.51,256.77,16.62,164.96,524.95,57.27,5.45,160.66,58.31,40.77,33.87,83.28,1.04,8.42,198.6,23.0,255.03,64.2,169.14,106.04,1.46,111.69,36.25,99.4,17.57,575.45,122.2,158.8,28.33,14.2,210.52,23.52,41.78,149.04,3.56,56.67,67.71,1,25,99.6,113.54,77.61,97.35,0.0,,0
2696,5.58,483.95,2,2,13331,13.16,23.72,16.25,9.97,34.89,267.63,19.62,33.96,32.22,37.1,12.78,32.18,45.51,35.83,36.94,99.98,237.04,60.41,194.64,484.57,16.47,4.72,6.01,41.65,4.8,92.58,48.08,25.33,317.46,286.5,104.07,195.7,98.74,162.7,62.22,99.98,122.76,112.93,132.54,47.86,38.3,43.71,77.42,32.71,34.99,72.24,105.47,0.31,53.04,157.84,27.62,137.91,179.1,105.45,71.62,33.46,0.4,91.47,21.74,13.78,1.79,7.01,59.77,213.48,53.12,57.65,38.81,18.01,1.85,112.8,39.74,91.14,20.6,88.79,31.57,75.52,249.65,11.97,6.87,167.98,73.37,4.14,50.78,70.75,89.29,90.65,105.4,357.35,76.45,63.62,0,82,81.56,86.18,85.73,77.66,8.07,,0
2697,16.4,436.53,8,2,29982,5.27,279.1,75.75,259.32,39.08,51.03,49.75,29.88,100.64,49.47,38.67,164.83,8.97,166.04,53.77,30.78,127.97,26.25,14.56,314.38,41.28,138.2,146.11,290.36,40.82,14.1,191.57,32.48,75.3,54.96,199.08,186.22,43.7,66.88,28.79,257.13,194.16,219.33,99.79,156.7,205.7,179.36,110.46,119.89,61.68,0.46,335.17,51.42,133.91,262.76,157.43,48.19,19.85,19.33,27.5,5.84,99.28,51.85,115.9,309.92,179.16,142.89,38.79,16.24,88.06,48.24,112.1,34.78,60.43,246.57,145.54,81.46,78.45,70.05,124.73,112.66,71.98,75.77,71.79,208.48,45.81,93.65,28.16,271.52,207.26,0.39,17.45,135.87,21.06,641.13,1,85,112.76,101.7,97.02,115.68,0.0,,0
2698,53.57,968.36,4,5,1361,19.71,3.82,43.98,291.8,10.8,103.2,9.33,124.58,55.56,193.33,442.39,76.94,183.59,123.5,96.18,13.96,131.68,47.58,82.38,85.34,9.22,108.79,19.4,187.41,15.86,164.56,13.13,343.75,29.06,125.2,77.06,54.08,159.69,22.5,0.47,55.46,77.01,97.16,139.4,193.2,37.06,10.65,19.1,110.5,36.56,1.53,49.62,0.84,16.06,36.24,66.24,222.86,68.92,61.74,111.27,390.22,22.23,202.2,108.6,51.53,105.42,419.12,47.33,82.7,127.22,71.59,67.83,169.88,29.19,39.24,12.56,17.37,12.24,500.1,63.32,79.78,163.01,162.58,46.91,60.9,4.96,19.59,47.64,203.16,65.37,409.78,47.66,19.75,18.13,30.17,0,58,97.78,105.55,105.2,104.82,0.38,,0
2699,46.97,635.43,1,0,27867,22.78,104.49,44.34,215.6,30.72,52.4,44.29,26.72,20.77,29.03,17.17,110.21,299.78,24.82,204.34,6.54,15.38,90.1,186.04,86.72,23.19,112.47,20.34,118.69,17.0,50.35,23.89,251.32,165.65,124.64,14.19,90.11,90.52,140.21,51.58,60.59,29.13,23.77,129.24,7.49,133.91,21.28,51.78,49.31,84.12,134.72,37.83,104.68,62.56,187.88,58.38,23.61,123.65,142.55,38.88,126.83,55.75,177.72,3.35,43.59,8.02,30.51,84.49,154.79,10.39,127.48,327.11,70.57,8.79,55.96,45.1,93.6,10.48,116.91,205.18,36.92,19.11,153.43,65.01,141.72,46.61,67.15,83.94,360.54,374.39,43.42,73.92,172.59,56.99,3.54,0,50,87.64,79.42,84.66,101.62,0.0,,0
2700,3.2,758.6,6,5,2906,203.57,62.36,42.59,15.41,51.49,23.89,39.69,141.64,332.48,70.01,159.04,122.32,232.64,67.56,219.7,144.47,71.09,40.63,237.48,88.85,115.09,49.21,36.27,63.29,39.9,154.81,7.35,203.81,261.54,120.18,785.67,1.95,281.39,576.35,136.98,9.55,34.19,51.47,162.88,62.81,210.6,142.76,180.49,38.21,198.98,37.75,46.59,68.65,123.49,31.86,127.57,17.85,12.09,188.62,27.96,48.83,112.6,9.24,106.67,53.24,68.25,4.94,107.27,51.73,23.6,99.76,115.04,33.55,30.94,41.57,211.5,332.42,75.71,40.54,37.6,148.81,236.07,87.04,85.58,6.05,209.5,32.83,16.39,135.03,220.3,86.72,134.73,208.96,88.23,13.84,0,57,114.34,117.43,113.95,99.48,14.46,,0
2701,20.62,146.56,7,8,22052,220.7,6.96,35.33,135.44,324.5,81.8,39.38,95.64,103.51,135.01,51.6,23.31,224.24,139.48,189.2,44.0,81.84,37.85,375.36,47.95,165.33,85.22,35.51,32.67,209.39,176.65,462.0,127.81,2.98,16.06,14.03,106.87,481.86,52.46,75.69,88.99,163.41,42.55,312.67,14.45,72.47,8.18,107.42,90.08,84.44,117.67,18.28,199.81,74.45,7.33,33.47,77.36,96.98,482.19,41.92,19.27,147.51,1.67,29.17,100.73,29.28,16.45,6.57,296.61,13.11,175.66,130.12,105.78,35.15,91.84,85.91,30.22,40.81,17.9,226.06,9.13,517.96,166.23,49.19,208.48,116.5,166.95,8.72,82.93,201.46,1.51,1.25,33.79,268.94,17.71,1,53,111.36,115.2,123.56,105.07,18.48,,0
2702,11.71,281.24,2,9,16550,65.42,67.46,42.76,4.12,24.98,78.59,132.63,193.6,182.38,11.06,282.73,225.91,105.93,81.07,215.98,129.03,215.9,117.06,48.59,114.31,18.79,202.31,541.33,45.17,4.21,34.31,169.11,211.17,59.6,469.76,52.34,11.74,109.61,10.24,63.4,144.66,149.34,5.77,58.21,79.31,24.66,437.88,61.45,22.42,59.86,173.57,3.37,51.4,12.92,62.44,86.96,64.02,118.42,22.98,30.95,189.74,38.74,107.06,19.7,58.17,208.3,86.65,41.0,54.3,11.26,84.29,107.68,46.31,261.99,39.03,17.98,36.97,100.83,2.45,53.3,16.39,137.64,60.85,28.69,76.64,66.83,52.2,42.99,52.87,421.48,116.27,28.15,9.89,71.28,16.78,0,56,97.53,103.37,136.51,78.38,58.13,,0
2703,46.21,395.69,5,2,10325,142.05,207.3,259.87,50.11,363.62,31.55,35.79,226.58,28.84,84.48,169.01,118.93,1.13,34.13,21.27,52.34,12.94,128.25,61.63,43.5,53.31,12.17,108.07,45.65,27.81,48.18,200.71,28.44,20.99,1.45,38.4,69.71,87.4,81.5,228.77,137.87,153.36,185.18,3.62,9.85,61.55,148.26,25.41,105.86,318.05,60.38,134.57,38.92,110.56,52.38,173.91,138.6,12.51,23.37,59.7,33.93,79.2,61.09,111.58,127.31,191.77,259.37,21.9,7.83,85.48,125.77,37.44,35.41,56.22,25.65,30.05,46.62,1.59,236.75,20.19,48.8,156.35,46.07,20.0,98.92,35.69,120.13,11.46,127.18,120.91,28.83,35.8,44.32,257.97,346.88,1,67,90.82,82.07,87.34,89.38,0.0,,0
2704,19.91,680.58,10,0,26082,72.27,150.51,513.55,25.02,61.88,217.36,1.26,211.6,37.03,36.16,117.51,63.3,190.96,122.05,228.98,104.64,1.33,33.6,20.24,145.01,35.47,4.52,100.14,30.45,0.34,69.7,121.01,71.68,194.87,8.31,103.36,48.95,57.7,70.45,4.55,179.98,30.44,66.13,11.71,86.64,53.15,93.26,104.86,212.65,11.93,108.3,95.14,51.74,52.27,23.98,1.41,36.41,42.14,90.63,207.83,33.54,45.78,8.33,95.2,28.52,62.45,21.01,149.55,3.87,65.98,178.37,132.42,87.2,18.82,123.78,25.1,15.53,33.24,11.35,121.34,111.81,35.87,145.52,86.34,77.13,301.34,3.63,65.68,8.04,54.86,14.03,57.21,82.97,186.3,197.54,0,15,83.62,79.7,99.69,82.61,17.08,,0
2705,15.9,674.68,5,8,1043,74.08,134.05,5.81,354.1,26.31,214.78,81.3,62.83,19.73,0.0,114.7,7.36,296.36,165.53,106.58,12.46,68.42,38.41,174.72,32.05,219.78,44.36,247.31,42.99,39.84,45.38,6.14,189.02,3.38,30.28,60.89,8.24,26.89,175.36,124.42,77.04,297.73,79.96,73.12,36.91,17.56,375.84,21.69,55.77,61.48,114.49,83.3,16.95,31.92,151.59,169.61,97.43,285.14,113.76,33.48,52.18,129.77,83.6,5.24,12.34,8.04,36.26,92.51,32.57,91.81,16.11,137.84,32.67,9.87,83.48,33.53,126.14,149.89,104.3,53.22,43.4,18.67,33.51,350.15,19.31,16.64,97.11,42.83,240.11,82.14,89.97,117.35,36.13,50.53,138.53,1,74,90.18,85.97,95.27,79.49,15.78,,0
2706,19.86,513.57,9,1,13948,27.68,60.22,74.35,80.04,39.85,35.66,67.19,101.04,66.83,275.96,33.19,26.04,12.27,115.6,113.19,115.66,69.16,90.48,14.63,185.07,119.15,70.91,102.46,126.31,156.39,34.29,93.01,34.28,45.31,20.92,59.8,18.82,49.02,89.47,219.77,70.73,187.79,3.88,45.24,37.42,96.99,76.17,217.8,7.18,102.47,19.68,333.48,73.39,345.54,166.39,157.87,70.93,146.26,11.58,39.27,117.3,58.49,33.43,50.84,71.77,25.0,87.44,107.78,111.51,69.29,194.48,11.12,53.07,122.92,79.15,5.89,51.25,17.25,25.16,79.15,387.32,16.31,8.47,57.53,33.97,240.38,259.06,3.49,36.86,243.34,31.39,25.23,29.29,12.53,33.78,1,48,87.17,80.21,80.24,81.98,0.0,,0
2707,15.74,0.0,2,4,21641,3.25,3.18,397.26,78.66,302.36,75.31,79.8,172.96,70.51,192.22,44.97,12.42,187.04,43.41,24.13,6.64,16.52,229.76,5.26,7.52,126.9,153.81,1.01,95.84,294.5,122.75,240.02,201.67,175.85,190.4,550.42,142.18,13.74,42.57,201.19,133.74,27.01,83.1,40.49,41.25,41.24,15.27,193.76,29.27,213.31,348.31,30.87,107.47,352.21,313.28,124.38,51.08,17.56,153.4,210.25,197.52,42.92,11.16,20.47,76.34,163.3,87.11,154.88,12.01,171.67,19.96,136.37,134.26,175.92,187.0,286.3,106.98,91.02,112.8,444.25,23.25,9.25,33.03,165.67,55.9,25.49,50.0,37.35,25.26,212.01,114.41,329.55,339.12,105.99,5.9,0,89,124.42,113.42,118.53,127.2,0.0,,0
2708,34.56,604.8,1,8,5164,321.17,161.5,15.21,123.59,173.91,0.87,42.01,89.78,191.93,85.58,122.96,183.85,5.48,39.24,27.2,74.31,0.94,23.06,106.66,65.05,81.25,294.82,47.1,114.65,39.38,1.25,37.16,36.82,32.93,127.93,377.46,7.41,71.64,72.79,59.41,30.3,18.32,140.9,115.59,217.59,27.59,2.73,117.55,109.22,151.7,11.48,69.52,145.96,280.2,87.65,556.42,46.85,35.36,70.69,236.02,23.16,111.25,196.8,17.63,21.63,115.22,9.03,33.39,58.3,0.04,19.0,204.75,14.93,66.71,105.28,109.64,181.28,69.21,0.91,4.68,167.72,242.04,52.93,115.59,26.79,29.28,5.55,33.52,260.88,0.27,226.08,149.91,145.79,8.27,34.53,0,86,95.44,96.29,88.92,83.05,5.87,,0
2709,35.72,511.61,9,8,28835,11.84,47.62,151.83,122.16,10.65,7.01,227.67,65.11,167.41,66.4,51.87,131.78,0.15,49.28,132.21,115.52,17.7,127.16,164.21,10.89,148.17,8.26,141.04,64.51,21.32,62.94,233.66,5.12,106.24,74.7,16.22,220.43,239.96,195.13,80.4,77.64,77.17,2.15,65.69,18.0,100.86,196.75,243.58,20.35,437.29,167.53,1.67,680.59,54.21,184.18,29.23,106.74,234.78,16.96,107.29,34.71,14.68,57.83,112.34,243.13,130.01,65.1,45.7,52.31,163.05,34.0,11.29,166.81,52.43,15.38,46.13,8.89,91.75,80.5,67.9,42.54,203.33,191.1,3.45,71.7,11.5,180.25,43.74,35.94,78.7,43.3,84.15,546.64,337.23,17.99,0,64,105.61,113.06,84.81,97.43,0.0,,0
2710,13.28,0.0,2,9,14910,1.52,44.09,16.42,205.54,57.87,16.78,76.72,98.11,10.67,41.46,95.33,17.13,144.68,44.59,136.79,10.24,203.17,221.33,27.07,19.46,116.97,27.62,31.69,10.34,2.45,164.03,25.7,182.23,297.96,45.57,168.18,15.81,49.28,62.53,115.12,22.48,15.2,101.88,130.45,77.07,59.56,111.25,24.39,125.08,135.56,205.38,177.56,179.65,315.4,92.8,30.71,97.15,34.14,43.3,15.06,36.46,90.69,321.42,64.93,326.86,120.14,186.57,19.1,23.06,3.99,100.14,422.15,78.82,74.57,23.54,59.89,97.92,70.82,91.36,122.18,97.06,49.78,106.56,34.3,267.85,36.1,248.9,42.56,6.08,5.13,45.2,25.14,11.77,56.55,26.6,0,14,91.03,86.53,79.78,85.13,0.0,,0
2711,26.4,0.0,2,4,3634,75.9,36.92,130.49,109.74,0.83,221.02,168.75,42.1,139.46,37.96,99.05,62.93,131.66,86.82,531.96,83.26,87.17,0.41,35.37,116.11,27.4,155.69,260.25,15.15,57.26,251.83,19.63,146.47,177.24,33.33,22.04,179.55,77.08,34.92,160.01,45.01,25.99,11.84,86.03,122.69,64.03,17.9,112.33,193.82,30.06,173.27,267.35,24.32,166.31,260.55,90.94,266.42,7.0,199.13,35.41,54.86,189.67,24.02,292.18,32.37,64.11,292.3,14.96,67.7,164.68,149.89,92.06,153.0,16.48,180.55,28.63,145.39,14.59,19.24,111.21,118.78,7.57,16.78,29.55,25.85,2.29,36.07,236.24,115.97,143.35,482.76,30.3,629.96,29.29,54.19,0,40,112.03,112.89,111.41,115.79,0.0,,0
2712,41.19,561.17,2,6,10333,275.86,146.79,55.12,119.95,78.32,120.43,1.48,54.26,73.19,30.19,189.07,87.64,29.3,41.41,67.19,42.74,18.08,22.31,93.0,57.15,55.12,84.65,44.9,37.46,144.49,48.69,4.55,45.33,118.48,83.02,75.53,332.13,4.69,199.56,51.75,36.29,35.5,97.26,133.74,18.7,29.25,2.19,78.53,189.4,3.57,3.52,355.05,18.41,10.64,132.71,49.63,24.68,31.24,460.53,80.68,36.95,45.67,127.06,224.69,24.27,303.9,11.99,17.77,9.84,51.68,78.16,19.0,100.64,82.2,2.43,283.45,70.53,17.86,27.35,143.3,21.16,59.51,19.67,453.17,19.65,38.68,129.16,35.5,64.83,33.57,88.33,195.13,95.55,121.71,72.97,0,72,87.25,93.68,75.67,88.96,0.0,,0
2713,39.82,518.8,10,6,2902,2.1,42.44,60.31,35.91,53.79,37.49,44.97,76.76,1.09,12.58,9.33,26.99,224.25,69.77,149.29,55.01,164.38,66.32,108.49,12.21,4.18,127.07,189.53,151.36,187.8,175.91,175.11,119.33,132.64,106.84,98.32,259.23,91.96,170.21,65.54,244.58,25.27,15.86,449.4,109.31,8.37,363.24,74.53,14.74,60.16,18.21,125.11,184.54,7.99,126.95,21.76,38.37,33.44,61.27,105.88,22.73,87.28,25.63,107.03,39.42,91.92,22.12,89.94,91.21,38.35,13.3,49.09,7.88,45.29,36.2,13.8,39.91,51.56,11.15,11.65,129.92,122.62,96.95,126.05,1.67,29.63,142.17,61.67,160.34,107.83,56.29,68.22,27.17,105.51,110.03,0,35,84.88,77.45,87.44,65.31,22.13,,0
2714,25.14,580.65,1,2,19620,321.45,49.13,53.75,51.91,128.71,40.1,120.47,89.77,20.47,127.54,41.56,63.42,87.31,77.55,51.65,71.2,31.67,171.43,68.42,43.28,71.76,29.65,4.56,254.88,38.12,56.38,10.46,80.18,27.42,123.01,52.52,30.36,174.04,58.51,53.61,344.27,144.83,303.02,31.34,220.38,55.43,0.17,11.27,39.94,165.06,118.63,27.82,140.13,13.88,36.62,28.64,197.42,1.7,129.13,191.48,84.42,73.45,95.51,118.58,67.65,8.29,35.54,14.51,8.58,237.51,237.72,264.22,2.89,19.17,56.79,59.37,64.09,3.64,201.46,235.75,108.75,73.43,75.37,122.41,99.3,125.86,56.46,150.52,18.06,358.67,36.92,126.21,10.94,18.42,387.91,1,89,95.95,88.4,80.24,107.29,0.0,,0
2715,38.02,724.03,2,8,7444,24.49,69.69,48.48,76.03,1.69,104.58,76.2,179.73,241.77,91.06,58.75,145.48,66.07,36.61,141.43,101.94,35.61,111.81,6.93,27.9,48.88,56.78,5.72,165.81,421.23,16.44,327.69,160.0,81.84,72.14,70.96,203.72,73.13,3.83,114.86,183.9,159.04,173.12,37.25,73.56,62.52,11.0,17.35,122.89,25.04,21.46,51.79,32.78,14.75,44.31,196.17,28.52,70.84,5.09,101.97,174.97,155.7,78.99,178.65,214.1,82.39,141.52,9.67,88.43,11.74,190.41,164.02,103.93,43.51,30.92,138.67,155.67,16.03,128.73,173.11,52.11,301.57,2.06,387.82,206.36,111.01,70.6,149.59,172.71,219.39,208.51,98.82,67.37,82.28,206.25,0,59,105.78,84.83,100.09,127.17,0.0,,0
2716,15.27,989.3,6,1,16929,217.86,61.36,34.9,65.55,37.14,234.82,104.42,115.68,87.83,23.96,16.17,208.74,10.39,1.76,1.75,114.96,371.52,166.0,41.14,3.23,11.22,2.99,38.51,156.32,398.12,82.67,15.08,181.3,86.53,96.23,111.14,206.47,34.87,111.56,3.45,520.33,745.59,571.53,99.12,142.84,24.22,251.83,35.63,26.46,57.32,159.02,25.45,200.38,102.53,10.78,31.94,28.23,170.43,118.59,28.76,277.74,94.11,67.27,179.09,8.91,76.27,133.85,103.43,171.39,173.56,140.72,69.21,91.53,361.18,15.85,224.75,20.42,140.87,37.89,120.11,25.6,97.42,25.19,96.82,5.08,23.82,49.43,124.84,99.97,289.48,72.27,118.0,58.18,47.41,148.48,0,60,117.74,127.11,99.6,105.43,0.0,,0
2717,18.47,246.57,3,5,13705,51.15,42.65,31.95,29.11,192.17,13.51,247.4,26.38,147.62,66.75,59.42,173.69,145.94,4.23,26.46,72.25,75.4,20.26,388.03,55.3,116.86,35.66,53.9,50.47,27.32,78.83,11.51,147.08,110.11,319.98,80.44,105.19,67.66,90.57,162.18,1.03,58.72,121.61,106.26,57.34,366.25,134.55,126.45,35.11,107.06,42.39,148.66,98.1,103.73,29.91,252.51,264.79,13.37,224.25,98.73,120.9,106.1,148.79,171.21,39.39,18.62,58.67,82.25,198.87,125.27,11.4,154.26,130.17,44.64,43.08,59.54,194.39,292.91,97.14,67.6,17.87,43.28,26.09,1.55,124.34,40.62,187.06,15.88,121.26,372.62,15.23,50.04,12.12,7.12,149.51,0,39,100.76,86.69,94.05,92.11,1.93,,0
2718,30.08,387.29,7,1,6765,97.23,108.44,21.04,146.92,127.18,155.51,346.64,140.79,85.16,95.39,268.73,8.56,245.32,52.1,269.44,320.79,72.64,44.98,3.61,541.54,38.97,8.33,249.73,90.4,112.5,203.13,30.32,105.42,170.79,274.98,40.46,38.02,241.31,215.41,161.2,181.18,29.71,43.78,18.62,17.93,63.11,362.22,61.07,20.62,5.39,220.69,23.98,7.97,39.1,45.4,30.22,5.55,12.32,67.34,12.85,160.42,76.49,391.81,54.42,146.29,54.09,47.95,213.93,95.27,32.73,82.1,29.85,0.9,139.38,67.81,78.45,6.87,120.45,268.17,203.9,41.12,106.47,37.51,163.71,172.87,42.79,16.98,61.67,60.82,0.88,90.42,209.77,64.33,118.28,121.29,0,80,110.91,103.13,147.89,91.69,56.19,,0
2719,32.61,466.19,7,8,26936,375.56,328.23,60.0,73.12,53.12,108.97,44.6,122.51,48.72,326.73,145.84,113.66,11.74,126.66,130.35,15.42,36.76,6.63,41.7,52.88,212.57,123.41,297.45,18.39,57.45,59.37,151.96,187.89,27.27,236.67,95.77,5.11,168.33,164.7,86.38,22.49,43.83,165.51,99.97,3.3,39.78,28.33,20.49,78.13,115.03,225.15,111.87,3.52,71.24,47.25,7.25,157.34,24.0,49.58,35.96,73.97,150.14,74.68,26.71,50.65,77.49,49.41,77.32,33.42,100.99,23.41,169.51,129.58,88.94,478.31,159.53,71.96,7.61,51.93,33.19,4.48,17.4,14.97,99.34,271.28,15.31,264.19,9.6,134.41,173.55,60.02,65.77,147.81,125.69,47.69,1,87,98.29,90.53,119.85,100.14,19.72,,0
2720,41.87,511.63,4,8,18809,175.56,42.62,5.94,152.21,11.57,18.05,185.72,7.39,75.21,13.2,23.27,26.66,2.02,40.12,304.61,11.59,79.71,329.44,163.72,239.68,152.79,69.25,50.84,18.2,155.3,51.89,78.28,21.96,17.02,37.81,32.38,72.14,175.41,360.83,11.84,46.96,28.41,58.82,33.04,102.24,61.61,114.72,422.25,179.46,2.32,90.18,66.86,74.85,38.6,174.4,112.86,47.58,1.36,29.84,44.4,57.75,104.45,160.99,357.89,75.09,145.14,100.77,120.96,140.04,72.85,111.95,85.37,195.65,44.36,156.67,150.78,223.15,32.31,156.64,36.91,80.17,442.0,239.25,4.26,27.23,226.87,69.67,96.03,22.39,202.47,196.68,98.32,5.34,71.46,182.46,0,36,104.88,96.09,85.39,124.6,0.0,,0
2721,36.76,531.25,8,6,13287,83.85,100.47,205.03,655.2,32.45,22.98,34.5,124.21,51.57,160.39,261.38,47.08,25.26,30.16,108.37,32.62,124.4,44.24,9.6,64.45,90.02,41.45,51.25,218.96,57.66,145.47,53.78,14.73,53.21,209.11,270.39,161.24,50.41,94.35,6.36,1.78,7.15,739.0,315.4,59.46,60.12,119.49,177.29,332.94,51.42,10.29,58.73,43.5,142.94,101.04,84.85,110.24,181.42,144.46,51.8,65.11,8.89,47.02,318.77,47.98,106.34,75.87,91.9,157.45,0.04,104.5,66.27,121.87,241.49,136.67,82.65,39.82,41.37,193.41,38.83,453.69,39.74,127.98,134.93,212.66,94.92,56.72,29.02,9.45,6.09,174.12,138.79,169.33,274.81,39.81,1,34,116.42,123.08,105.13,115.35,0.0,,0
2722,33.61,407.15,10,7,1756,78.34,75.38,22.28,26.64,132.73,81.29,174.21,102.38,261.12,29.13,111.36,39.92,23.76,100.33,62.03,87.41,0.55,54.39,42.16,68.62,55.62,53.94,40.91,96.2,22.31,194.67,2.77,68.95,190.38,16.95,42.76,38.76,200.65,158.61,145.25,30.69,98.15,141.86,21.99,227.88,75.25,11.79,198.9,66.26,40.93,124.53,257.74,249.25,20.55,97.49,276.18,19.91,95.44,53.44,0.08,4.66,38.28,105.38,87.27,339.93,71.85,49.08,71.81,193.03,210.7,100.03,148.7,47.02,137.65,63.25,34.29,190.99,25.89,62.86,14.64,269.01,69.48,84.2,35.65,224.76,9.54,21.15,157.26,127.92,122.4,3.31,214.57,24.07,237.45,354.59,0,13,99.6,82.66,77.22,112.57,0.0,,0
2723,36.54,742.59,3,1,13951,129.43,171.49,134.11,3.39,110.95,67.31,41.2,55.61,45.54,41.76,369.72,63.33,21.99,23.7,13.9,33.27,17.93,52.64,17.97,57.21,207.65,14.96,155.28,117.16,56.73,11.73,31.32,255.77,5.22,12.69,23.12,84.87,87.46,88.69,183.4,26.68,65.21,31.51,89.33,10.51,23.62,46.37,26.59,74.8,155.98,41.23,31.26,386.18,194.05,45.28,290.86,5.36,775.99,53.13,17.51,123.74,6.69,351.74,38.23,115.1,189.64,19.25,94.21,129.85,187.27,31.54,60.32,1.63,29.99,94.39,36.26,78.17,31.86,250.21,20.11,7.01,273.48,65.84,42.08,47.86,193.08,127.9,197.6,16.55,184.75,64.44,31.61,93.23,34.37,81.18,1,58,95.01,112.17,78.03,90.52,0.0,,0
2724,2.31,248.1,8,1,24361,240.82,26.93,50.14,40.62,23.23,269.23,27.09,96.4,209.16,131.11,24.12,8.22,7.28,3.14,141.77,64.23,45.75,79.35,187.9,19.06,32.35,34.42,69.69,377.35,142.02,31.53,306.66,146.03,447.39,240.82,91.52,17.1,97.83,84.35,35.43,206.67,53.35,167.05,61.24,60.75,121.19,21.94,45.04,102.57,33.53,194.23,59.72,57.3,113.38,31.93,54.44,8.53,24.01,11.52,75.63,213.02,181.83,31.85,10.43,37.91,37.45,81.05,217.94,179.71,273.96,72.14,50.17,71.11,35.27,246.32,77.07,260.15,200.19,158.43,153.57,5.07,27.24,252.52,91.96,103.25,24.02,120.32,85.91,35.49,51.47,57.06,0.33,165.51,257.8,0.16,1,89,102.46,92.34,117.46,113.09,4.37,,0
2725,33.32,454.15,10,3,27624,24.96,39.89,13.03,223.78,18.9,256.17,88.87,150.85,9.49,177.23,125.11,151.73,36.74,14.63,94.55,18.55,25.91,57.87,313.01,182.4,143.31,54.13,23.36,422.7,52.5,39.14,154.45,41.06,176.05,96.72,308.33,203.37,193.44,46.42,34.49,13.37,9.73,64.68,118.41,26.34,12.29,75.51,28.91,39.7,209.44,35.58,101.27,92.48,48.81,47.76,28.6,8.58,11.13,16.58,27.72,66.02,46.71,476.55,286.58,161.15,59.07,90.83,216.55,3.16,97.44,33.17,15.2,317.52,116.6,31.3,74.56,473.47,8.03,114.58,5.94,51.49,13.33,7.11,204.12,34.86,176.41,148.32,157.46,112.69,130.43,273.73,7.63,22.51,34.16,16.88,0,33,101.28,104.89,107.57,101.62,5.95,,0
2726,42.01,161.01,1,1,21711,47.33,71.65,15.37,20.12,59.52,182.0,221.24,2.65,164.72,75.56,127.71,129.56,35.83,6.43,43.06,58.33,99.22,1.7,32.96,239.56,8.38,30.86,316.14,413.13,28.01,20.11,91.0,79.79,330.0,59.01,275.09,39.04,106.14,127.07,100.04,7.55,80.96,98.01,10.56,85.2,136.01,16.29,267.59,40.48,59.06,127.02,42.15,27.95,41.19,198.24,40.45,110.04,15.68,30.91,348.67,305.15,318.26,65.48,9.78,177.59,5.05,88.74,76.38,5.02,77.48,20.34,5.86,71.3,112.21,85.35,139.43,51.81,26.23,7.28,21.15,49.71,19.05,168.87,153.47,149.51,183.3,45.16,10.47,6.91,44.49,0.41,72.24,42.36,176.51,14.55,0,26,91.66,91.92,100.37,64.35,36.01,,0
2727,8.06,2.95,9,0,6571,65.06,4.38,85.58,166.42,34.71,152.63,134.99,80.47,51.72,24.26,123.22,325.27,75.14,78.74,299.22,4.78,51.06,68.77,36.22,26.16,23.59,35.84,38.13,119.38,34.92,25.7,324.93,148.93,143.0,92.11,99.18,273.3,155.52,12.8,4.16,255.65,48.1,126.99,20.6,59.04,122.65,31.18,24.72,18.16,42.74,40.54,136.49,32.28,54.69,176.18,98.46,356.28,72.92,37.2,74.92,119.92,106.53,121.15,482.27,73.48,15.74,38.6,55.29,23.95,158.82,16.88,3.65,192.79,137.53,244.51,17.96,11.04,27.83,12.31,10.8,225.78,198.0,132.22,8.24,59.52,212.46,667.71,8.32,80.47,1.48,47.23,75.73,45.92,4.12,169.78,0,47,100.65,109.64,95.85,96.82,0.0,,0
2728,46.96,333.86,5,3,23319,98.48,59.58,64.79,59.13,147.32,58.69,49.07,72.6,34.97,133.93,133.01,218.78,118.27,34.88,27.82,253.65,80.85,89.79,26.29,57.12,201.61,69.09,134.86,8.01,144.96,372.7,242.02,113.14,33.68,160.79,41.64,220.97,37.32,34.09,82.06,224.2,2.19,57.84,457.69,14.08,38.37,176.13,194.31,93.24,560.18,1.7,111.24,2.46,420.64,97.01,86.66,176.38,76.31,16.05,324.4,290.77,385.13,49.75,186.62,176.62,70.58,85.99,96.91,25.02,17.09,156.85,164.98,71.01,62.53,48.74,176.77,62.14,21.93,21.12,16.25,157.87,50.31,221.57,146.12,26.88,356.04,35.95,56.34,184.92,14.28,102.65,172.34,57.05,9.34,1.27,1,35,118.08,110.58,110.0,89.69,20.3,,0
2729,45.08,218.65,5,1,7740,9.35,178.47,28.03,65.06,75.0,55.94,40.66,341.94,16.46,24.85,135.76,9.04,8.33,4.04,14.23,21.68,24.4,167.92,3.06,359.08,14.85,8.85,26.25,28.02,269.87,4.27,9.05,94.35,21.93,397.61,372.79,87.86,51.11,80.6,19.54,221.2,66.93,74.56,99.37,20.3,53.79,19.16,67.85,32.59,169.36,49.41,139.8,94.99,125.94,151.33,72.99,112.11,203.55,60.22,37.76,105.95,17.5,129.89,13.69,218.56,239.22,95.29,2.35,15.84,152.13,6.27,20.91,4.38,36.75,28.93,0.06,146.46,49.0,71.28,18.28,139.45,219.54,38.04,272.63,327.22,67.73,239.96,119.2,59.72,66.83,53.77,30.55,248.42,156.98,131.85,1,44,94.31,95.54,81.94,101.97,0.0,,0
2730,18.03,334.48,10,2,8567,36.99,21.85,97.82,245.96,93.11,162.64,18.18,91.6,51.7,123.59,108.55,32.89,69.66,175.46,200.84,63.1,26.17,2.42,18.22,132.87,188.59,203.1,40.86,236.85,39.97,162.88,269.86,95.99,113.1,116.06,93.61,136.13,92.94,34.97,119.79,1.49,112.79,351.06,39.9,62.9,183.42,12.7,18.38,95.28,34.18,52.34,258.31,105.98,4.23,60.52,62.44,91.89,432.35,10.27,113.53,52.36,182.11,83.91,438.75,97.61,179.85,289.55,165.11,52.02,55.07,321.21,53.49,23.82,25.17,63.39,31.12,245.84,7.0,74.15,116.73,40.57,22.0,12.45,51.22,2.28,215.33,169.09,177.8,16.04,142.78,51.31,24.68,121.81,75.63,78.17,1,50,106.46,92.99,108.03,96.82,11.21,,0
2731,80.27,486.36,7,8,24900,71.31,80.65,29.76,103.31,58.55,12.22,30.02,40.26,20.27,53.83,6.46,122.54,9.13,329.84,25.14,79.63,265.93,99.23,116.86,11.86,36.09,37.63,29.22,7.9,131.69,57.19,234.74,28.13,23.89,205.09,83.24,177.89,41.31,120.9,77.49,15.18,80.42,194.86,258.56,84.62,31.73,14.98,342.61,22.36,40.31,34.41,402.64,8.54,3.8,23.23,72.63,25.17,53.78,69.73,151.86,10.84,289.35,44.3,31.58,3.03,3.38,120.86,95.65,33.33,41.26,4.03,144.98,63.98,25.74,7.13,71.01,168.22,2.55,42.29,68.45,38.53,35.86,141.68,23.34,22.16,187.89,187.54,166.99,87.52,195.32,313.11,49.97,177.92,283.52,132.9,1,44,90.08,89.98,78.61,97.9,0.0,,0
2732,43.62,838.19,2,5,23726,25.99,221.28,104.42,17.26,37.86,54.02,10.35,0.0,103.43,102.65,27.22,181.01,23.18,124.62,296.31,20.78,365.06,24.22,275.38,28.18,85.64,100.4,161.75,5.29,68.27,373.68,39.78,1.5,216.21,29.46,138.95,37.54,153.78,56.04,19.98,141.85,59.17,38.6,11.07,197.23,32.89,1.89,122.17,261.85,174.07,63.27,47.37,244.59,162.36,226.32,122.7,14.65,8.08,68.9,106.04,20.62,417.29,96.04,64.05,42.97,191.52,215.8,77.64,66.92,19.52,200.27,258.15,55.66,61.74,38.81,97.1,25.24,118.4,383.6,10.16,243.97,135.16,22.0,15.38,53.24,247.3,205.63,371.14,20.34,68.61,25.88,48.69,559.16,41.5,39.61,1,87,113.28,112.34,104.17,130.6,0.0,,0
2733,31.3,877.37,4,5,94,62.61,79.76,64.6,260.15,126.16,56.21,43.95,126.76,262.43,15.11,138.41,129.24,71.98,389.63,615.57,134.22,141.86,132.84,24.43,105.23,2.98,10.15,111.66,164.93,167.29,195.31,108.27,76.83,410.85,38.02,114.73,44.45,117.77,109.43,18.6,155.98,11.62,21.51,69.32,36.93,213.37,82.63,200.63,94.42,262.65,105.07,13.25,0.86,15.5,53.13,3.63,52.33,66.23,46.52,74.91,126.38,54.57,127.45,19.03,54.42,56.95,162.33,78.05,219.74,64.79,57.57,31.49,32.39,133.23,67.13,45.47,96.98,88.16,14.64,30.79,71.41,187.18,74.49,96.61,2.46,192.38,3.26,181.84,97.24,63.54,13.05,10.09,115.87,20.23,22.65,0,45,99.63,95.92,142.25,77.73,64.51,,0
2734,23.67,696.38,4,9,6126,273.2,113.26,1.94,24.8,206.88,208.86,25.87,11.19,58.99,126.08,81.41,318.46,410.8,88.18,53.65,114.85,139.99,74.65,56.2,165.52,194.26,20.86,52.73,9.35,68.89,249.67,13.45,293.13,53.9,21.3,122.41,4.15,60.47,22.34,408.48,320.93,12.6,254.42,47.63,68.77,224.77,90.77,126.43,92.65,143.7,112.32,9.44,105.48,405.5,61.35,82.14,1.16,122.17,70.38,262.53,73.94,4.23,146.16,101.39,8.69,269.15,34.96,98.56,335.39,139.81,17.62,200.33,260.25,7.64,25.36,65.78,111.57,74.19,159.17,38.36,212.12,34.36,28.24,177.52,56.92,67.23,70.62,0.68,19.65,0.55,75.8,45.46,40.1,58.4,121.53,1,37,110.52,101.74,117.74,94.91,22.83,,0
2735,39.55,1037.32,8,3,13698,81.78,66.12,64.64,171.34,120.65,207.68,139.65,32.66,347.13,85.67,63.24,125.46,10.38,133.77,29.89,18.69,111.16,73.06,268.16,32.99,10.5,113.55,9.81,309.76,501.35,279.41,207.45,268.15,188.96,32.53,114.81,31.22,71.29,19.93,78.99,32.48,162.74,59.0,162.99,21.8,13.07,38.45,12.41,18.44,52.58,58.78,124.12,89.2,6.43,117.8,14.41,55.7,69.23,50.55,71.8,294.25,6.51,219.58,108.63,35.74,142.63,18.51,101.31,14.17,229.76,17.65,83.56,12.25,1.25,32.95,35.17,66.62,148.53,48.1,89.34,34.06,63.15,92.57,114.32,16.62,190.68,24.75,108.84,48.9,71.33,15.09,5.34,105.55,79.85,93.29,0,52,93.61,89.17,136.85,70.21,66.65,,0
2736,39.39,67.29,6,7,22275,92.09,245.51,220.06,74.27,13.48,6.45,43.47,65.39,57.83,78.51,51.25,35.75,4.78,72.21,184.59,85.45,155.99,67.94,87.75,83.47,120.63,125.9,18.09,58.59,133.32,7.61,268.76,123.72,135.43,63.47,55.92,63.14,233.59,208.97,132.5,116.34,15.64,38.53,222.26,69.95,169.57,38.84,21.32,189.39,56.55,7.46,28.2,175.95,84.86,106.21,214.96,49.42,9.74,63.7,42.17,2.26,17.63,42.34,2.76,240.98,149.31,132.08,182.16,3.33,119.22,86.53,13.14,102.01,39.63,33.24,469.34,12.37,20.5,115.37,15.34,85.18,126.19,11.69,83.35,22.02,77.54,84.45,241.07,364.04,87.19,293.49,185.45,76.44,41.31,26.26,1,34,97.8,86.55,92.73,109.97,0.0,,0
2737,37.98,450.28,9,7,15385,88.56,186.22,218.0,40.71,68.25,153.36,42.16,150.15,485.47,41.0,35.16,143.21,24.17,342.25,58.13,161.61,17.94,277.16,94.65,24.82,85.38,76.53,27.07,116.75,102.79,83.35,3.64,54.89,16.35,41.13,22.1,143.87,16.5,285.58,5.57,141.99,71.84,59.12,682.33,119.96,6.17,199.05,22.49,313.95,267.55,7.58,132.6,228.62,6.8,29.01,441.51,1.28,158.02,89.9,56.41,84.26,156.38,63.15,33.98,13.58,10.59,64.39,150.98,2.63,34.83,102.47,39.5,105.77,93.25,34.88,166.32,28.29,8.6,226.35,93.19,19.8,43.41,37.41,96.3,65.7,144.84,36.64,19.95,134.47,29.99,162.47,175.02,48.04,69.97,133.56,0,14,105.57,112.35,108.7,79.32,29.38,,0
2738,30.38,720.36,5,4,12190,13.21,41.93,11.74,58.81,119.31,7.95,101.92,305.12,56.5,51.47,121.08,14.67,95.38,31.71,175.0,39.24,22.83,330.33,29.86,120.41,200.74,38.47,152.54,38.94,66.85,235.08,63.72,39.05,42.26,16.69,69.06,146.89,46.82,35.71,122.11,138.71,170.93,94.13,7.56,44.99,37.81,57.65,26.39,67.5,33.72,110.63,4.84,109.64,2.48,193.46,22.48,54.87,284.57,172.32,38.97,83.18,177.96,75.48,76.63,57.03,310.5,29.98,0.04,94.46,166.87,91.83,206.74,204.13,162.65,91.28,362.51,30.16,48.01,26.18,107.24,324.5,66.87,8.7,210.23,71.03,78.16,60.71,193.71,38.7,97.24,46.61,59.64,130.69,31.73,29.6,0,20,95.42,83.16,88.09,112.69,0.0,,0
2739,32.35,210.94,6,4,11934,62.23,40.1,44.72,21.23,226.1,254.18,38.26,56.83,36.6,183.76,110.19,30.18,1.51,44.49,102.8,34.83,45.79,136.87,238.78,134.54,48.63,39.28,241.8,142.92,22.02,140.8,48.1,89.87,52.59,17.26,13.98,112.16,279.75,13.05,369.61,38.96,1.68,59.87,95.24,151.52,52.79,267.56,30.88,134.28,106.35,20.81,296.31,8.48,2.68,65.45,13.51,138.2,26.57,255.14,198.16,70.61,54.04,44.39,53.39,31.29,12.61,155.12,68.36,66.78,12.41,62.26,32.1,181.13,11.15,190.65,148.56,20.66,15.2,3.57,134.94,45.83,26.36,404.57,54.27,51.01,10.12,94.48,223.21,57.14,41.55,8.63,56.63,67.22,58.15,35.38,1,50,89.38,86.99,89.58,78.33,11.24,,0
2740,22.63,87.03,5,6,21599,106.51,57.88,6.88,34.13,26.46,132.65,20.2,35.62,198.16,48.21,18.15,214.65,7.56,19.42,10.09,26.9,182.9,31.82,280.68,87.29,50.57,37.24,13.88,95.68,162.99,23.07,34.6,178.76,80.59,42.56,81.14,66.8,113.64,46.12,187.98,9.21,97.65,48.29,16.0,27.44,25.18,30.84,58.92,171.22,48.27,27.74,25.7,93.67,49.48,233.02,27.19,27.89,95.92,9.42,64.62,22.74,68.53,15.4,60.37,19.39,172.21,156.08,68.99,38.13,313.85,116.57,114.47,177.88,22.7,83.78,47.46,15.22,62.89,281.39,244.08,320.21,59.95,76.72,31.3,25.88,61.35,55.52,9.1,25.08,17.84,141.59,239.13,167.48,16.95,72.31,0,22,81.91,76.64,75.54,107.87,0.0,,0
2741,11.11,271.16,3,3,21799,101.4,64.62,333.01,151.42,148.74,155.82,83.04,37.71,213.82,124.08,8.95,13.91,39.62,20.05,215.39,344.96,125.16,12.42,125.05,66.91,187.33,139.57,3.87,5.62,82.09,6.54,243.2,9.9,5.31,204.53,22.52,109.65,4.12,80.96,109.97,106.11,149.83,30.35,4.33,6.65,173.97,88.01,35.53,6.99,247.56,56.69,62.21,33.29,11.35,200.42,72.2,59.94,92.24,94.7,22.31,53.42,107.59,201.96,30.32,29.24,192.31,60.45,8.26,167.93,189.3,242.78,381.39,34.22,41.24,34.62,6.03,109.26,41.49,171.51,78.33,334.95,18.45,57.99,266.28,134.7,115.94,252.91,58.74,62.0,29.79,127.17,6.41,181.77,8.92,6.19,0,36,100.0,90.14,109.14,114.04,0.0,,0
2742,7.07,199.51,1,0,25215,7.83,4.08,7.33,121.41,24.84,44.37,19.04,307.47,459.31,4.96,111.61,3.14,6.12,114.23,165.0,12.57,2.9,5.53,135.41,111.42,4.75,12.24,127.02,90.04,188.46,18.94,145.74,85.22,78.1,19.32,89.92,159.48,144.45,2.78,177.48,32.74,79.61,267.07,20.33,3.77,60.24,137.59,125.76,301.61,53.48,8.72,59.46,88.26,1.2,34.03,7.77,161.07,147.62,316.47,137.02,25.19,37.67,39.23,35.41,23.29,296.11,199.23,79.56,28.64,26.76,82.27,2.42,83.37,59.9,20.55,3.92,50.72,9.71,149.61,63.9,108.74,199.47,141.43,98.52,139.99,22.7,42.69,12.47,208.9,25.75,16.98,193.44,70.36,272.51,5.68,0,61,88.15,90.17,81.28,90.54,0.0,,0
2743,23.85,560.39,4,5,21483,101.25,52.57,73.26,228.05,297.01,99.54,1.34,7.58,29.38,45.67,547.32,55.62,200.8,268.34,88.26,81.9,71.85,25.87,282.01,47.34,120.96,119.81,87.94,54.41,46.84,10.56,114.65,301.77,28.19,56.06,233.26,103.33,11.82,11.41,110.87,13.35,150.56,108.77,29.85,316.34,39.35,142.14,77.48,72.85,108.27,119.24,55.13,76.9,14.51,9.8,122.49,141.42,134.84,146.84,45.51,65.54,93.13,196.46,315.46,84.24,1.44,245.27,36.14,103.28,65.02,158.69,3.58,6.76,110.29,229.16,81.38,26.1,148.04,172.88,42.58,10.55,118.46,31.78,64.81,99.88,27.1,97.83,73.8,206.34,34.86,90.64,19.97,143.17,181.43,139.47,0,46,105.2,91.7,118.21,92.36,25.85,,0
2744,37.53,47.27,7,6,10225,141.25,27.32,6.63,68.26,138.48,18.31,118.19,159.36,69.3,48.6,145.56,12.08,150.24,128.68,27.95,53.44,38.17,27.3,13.9,55.61,15.72,213.54,25.64,153.64,81.26,176.36,68.72,79.94,604.34,33.18,33.07,154.07,23.45,118.76,55.13,117.14,322.26,19.1,130.01,32.46,12.33,6.85,40.38,190.75,20.62,6.2,146.82,455.7,23.94,5.17,109.49,78.22,9.42,10.84,50.59,42.59,68.55,66.59,108.61,69.25,10.96,17.51,561.11,7.42,35.17,147.02,91.07,76.49,40.4,103.84,132.56,34.71,162.37,67.63,56.26,34.84,24.53,13.56,73.26,328.17,2.63,156.42,33.42,6.89,321.9,97.15,75.94,48.9,161.93,4.9,0,73,92.87,109.1,96.7,97.63,0.0,,0
2745,35.14,233.0,2,8,15871,87.31,11.43,20.01,198.32,53.48,245.96,223.96,16.58,118.43,173.39,169.52,141.27,66.63,202.21,214.19,378.65,40.61,54.75,21.35,26.0,467.56,292.74,235.48,55.44,100.49,60.36,34.08,126.67,6.25,133.53,104.17,172.41,84.32,33.57,203.58,71.3,365.53,155.41,88.17,189.24,24.37,136.56,85.66,68.4,109.11,130.92,121.14,98.68,20.68,25.25,16.74,63.75,99.21,41.37,138.39,14.21,356.31,120.82,210.69,128.52,39.43,119.97,50.01,144.49,61.39,3.54,156.17,102.35,4.7,194.62,173.01,12.52,49.67,184.95,218.69,30.37,100.15,299.51,63.93,91.61,155.82,27.77,71.88,50.1,19.53,140.55,3.63,57.08,49.07,178.68,1,48,114.56,93.05,132.55,95.17,37.38,,0
2746,13.51,697.02,3,9,12103,0.64,129.98,18.42,18.94,118.79,154.68,38.04,94.34,180.17,41.87,116.28,24.26,63.25,4.04,7.31,28.93,8.23,253.75,55.32,250.25,61.6,202.04,171.79,78.33,3.45,36.3,46.08,4.72,153.4,32.58,30.24,310.13,167.19,20.88,65.34,162.4,101.45,17.16,24.1,50.22,112.27,7.83,60.71,88.98,21.4,85.87,59.82,95.29,43.99,125.9,225.35,7.66,68.48,37.25,14.41,161.61,170.03,21.06,50.97,7.14,86.31,207.99,187.05,43.36,59.43,119.63,232.87,236.92,4.36,14.53,116.13,76.35,38.11,65.87,34.62,104.67,340.73,353.21,68.67,120.4,177.98,112.55,47.42,78.36,13.19,157.97,76.07,236.09,67.66,125.27,0,78,93.52,81.05,79.93,120.12,0.0,,0
2747,31.1,166.9,5,0,13298,63.0,247.95,34.79,0.25,15.99,68.13,53.3,308.56,24.13,84.28,95.38,15.43,13.17,4.1,48.7,47.76,121.61,5.17,48.94,24.26,188.68,3.06,161.73,174.23,10.9,44.77,11.38,58.17,99.8,35.74,25.33,137.49,63.97,32.46,92.7,40.89,34.2,36.76,64.97,119.1,107.44,229.5,150.55,6.71,45.44,19.67,16.41,22.05,69.62,210.81,80.44,15.17,89.83,81.67,11.22,13.29,186.98,134.21,83.03,31.32,75.6,165.66,19.67,7.59,21.77,244.59,5.05,96.88,15.57,39.33,125.65,234.78,148.18,268.07,120.83,74.87,109.22,14.28,325.23,146.41,9.03,158.88,112.92,21.28,91.12,73.34,204.2,96.51,14.75,43.58,0,70,82.79,75.57,70.44,102.83,0.0,,0
2748,47.65,595.43,2,4,3907,68.77,51.86,44.16,259.51,94.97,115.89,0.84,4.83,72.67,4.62,57.45,131.57,51.4,168.72,133.54,291.86,19.15,70.64,47.1,78.48,257.59,119.27,110.58,220.36,389.75,106.6,40.42,86.94,67.49,94.79,74.31,8.38,154.61,98.82,136.79,205.25,156.41,12.75,86.25,39.79,152.84,8.8,36.29,15.02,76.36,82.84,65.27,38.81,79.83,187.92,188.27,347.58,300.13,36.22,30.74,21.45,203.92,45.17,98.63,196.86,26.5,41.96,151.0,47.94,124.87,179.62,4.85,34.94,158.88,44.78,188.13,130.74,267.3,89.32,181.18,177.3,40.62,41.71,88.87,33.97,292.7,21.16,321.45,272.71,60.42,9.48,47.73,41.98,167.79,56.58,0,63,108.83,88.81,108.73,111.55,0.0,,0
2749,33.84,727.74,6,7,17415,248.8,391.68,31.54,203.67,174.09,10.89,27.05,29.67,7.01,18.69,41.83,52.07,36.45,48.74,102.64,71.77,44.58,116.41,82.52,126.4,28.83,101.55,82.21,24.45,25.97,66.26,100.87,55.56,211.1,20.03,44.89,218.95,158.56,19.68,27.87,320.6,348.76,3.29,92.65,49.61,16.82,67.2,89.27,15.34,69.07,15.57,51.18,217.28,188.64,166.96,521.36,35.26,94.21,20.65,19.74,84.82,22.41,34.24,63.24,72.94,77.83,57.71,25.55,40.39,69.53,8.68,129.82,47.57,148.01,58.85,55.68,121.67,43.72,96.92,170.6,84.99,217.98,38.02,46.71,9.38,46.89,201.23,80.58,112.77,113.34,33.39,11.57,39.92,72.62,76.07,0,66,89.69,89.48,86.11,77.93,8.18,,0
2750,25.34,404.56,8,2,27567,41.12,185.98,28.71,9.81,7.85,38.3,251.13,33.0,8.2,176.69,158.88,68.89,22.44,171.47,30.99,66.24,98.02,12.56,68.58,67.95,86.64,149.5,81.19,28.44,59.22,14.1,5.97,54.63,56.84,145.29,78.21,56.15,174.59,64.43,134.12,176.96,263.45,22.58,209.73,57.63,17.55,1.1,39.9,212.38,19.03,130.08,45.72,59.41,34.67,22.63,125.94,70.02,154.31,37.09,136.37,11.33,78.95,34.09,11.13,170.68,236.36,528.89,20.69,64.24,286.55,20.01,12.9,50.41,108.85,51.3,11.13,104.04,154.55,77.54,537.57,31.67,141.64,230.96,6.62,30.87,219.62,83.58,175.84,1.56,87.38,58.18,49.92,18.79,165.95,2.95,0,83,93.88,97.16,74.29,119.02,0.0,,0
2751,3.84,515.19,4,9,1264,52.64,34.24,7.91,41.41,284.52,24.67,147.07,308.75,45.35,106.16,221.41,11.83,288.94,135.65,301.4,103.98,39.44,12.48,32.42,94.03,407.98,104.33,139.34,4.88,369.7,285.81,27.83,68.3,30.56,15.13,134.41,67.61,198.46,238.91,49.13,267.85,157.99,106.46,56.26,1.08,156.49,115.76,139.55,82.76,107.79,57.91,6.9,103.62,106.36,46.31,436.52,38.44,1.59,10.49,48.13,103.42,52.74,168.25,50.72,74.78,104.47,146.5,208.78,76.71,42.96,166.9,120.2,18.63,14.17,19.26,2.09,90.16,7.34,94.45,376.88,6.01,122.58,154.37,95.47,19.95,91.58,1.48,113.56,168.59,94.86,0.43,71.34,7.86,199.23,90.02,1,84,107.35,99.61,124.94,90.89,34.04,,0
2752,37.66,514.93,6,2,17566,98.24,154.93,294.25,22.5,74.3,34.38,102.1,21.44,147.1,209.81,7.98,84.18,35.59,117.34,133.17,355.48,290.71,228.94,115.99,67.98,114.79,2.75,11.01,2.06,22.88,172.78,395.22,75.43,217.19,195.59,12.73,29.27,153.67,104.3,4.79,93.54,116.86,84.19,84.22,110.51,17.76,57.82,405.65,121.1,100.33,58.96,7.13,107.13,71.17,41.18,139.67,229.65,15.79,131.54,87.24,77.24,72.87,353.35,9.36,90.53,156.37,1.28,52.77,85.75,83.39,145.04,50.56,119.19,69.34,12.31,74.67,307.91,85.63,44.43,127.99,208.9,52.63,16.12,220.89,69.61,11.74,230.35,83.83,201.54,9.48,191.61,53.4,238.12,119.67,3.47,0,50,110.26,93.4,126.87,104.27,22.6,,0
2753,32.27,521.07,3,5,26515,38.31,171.31,47.62,90.29,11.32,311.17,119.13,71.15,9.37,102.23,0.83,119.12,55.03,18.16,60.32,8.56,216.52,106.44,34.4,105.98,77.69,29.84,33.82,24.05,96.41,238.56,215.87,7.97,28.57,368.1,271.5,19.27,98.38,91.35,59.59,15.78,76.56,11.1,109.97,25.37,254.68,60.45,76.79,97.22,201.75,28.64,21.77,41.55,153.04,105.36,75.75,192.31,187.96,19.68,59.09,5.33,182.86,70.53,28.01,163.21,122.18,40.05,104.26,164.41,91.63,81.16,69.61,297.24,122.5,10.71,18.91,56.16,378.97,59.53,113.61,2.35,68.06,74.04,14.24,139.03,181.52,34.69,63.01,231.11,150.42,168.25,161.92,288.44,225.66,6.5,0,42,101.81,87.12,93.94,118.01,0.0,,0
2754,14.63,289.16,10,9,21134,88.42,47.19,60.73,5.12,208.35,372.44,81.8,263.96,53.34,118.87,4.79,19.28,75.01,35.68,309.48,90.59,319.32,255.86,71.49,169.73,49.79,149.14,55.84,148.39,212.9,25.77,137.59,315.14,75.58,17.02,23.27,4.26,59.17,30.65,68.46,55.51,306.77,122.84,41.98,91.16,30.22,153.25,185.93,106.29,18.22,9.48,95.56,263.64,62.83,272.55,164.07,165.48,236.28,12.61,28.81,16.59,55.22,189.32,77.99,70.68,14.65,64.62,136.71,143.89,9.57,145.03,13.55,77.36,69.4,133.16,31.94,149.85,108.95,18.16,14.92,54.89,78.89,18.2,67.93,14.53,36.21,113.2,188.13,43.37,122.77,68.46,61.78,55.85,35.86,29.81,1,84,99.77,86.36,127.95,70.72,57.23,,0
2755,26.45,0.0,8,9,12251,10.0,354.81,295.75,16.03,46.87,45.69,238.3,58.49,67.36,31.39,40.55,89.46,47.74,364.2,22.26,168.46,94.24,61.43,7.98,19.38,26.93,42.27,3.93,401.67,36.46,27.24,118.8,257.95,33.2,8.64,303.68,77.47,18.01,193.74,130.48,287.32,25.63,73.38,256.7,160.67,69.94,142.1,6.83,206.57,144.82,84.0,304.96,257.88,259.68,130.86,2.41,35.52,5.39,56.53,26.88,397.55,49.16,23.38,199.3,22.22,321.0,135.41,4.24,19.35,254.13,8.78,37.49,12.33,47.28,11.4,98.59,27.27,0.42,150.99,36.35,111.84,160.7,171.24,90.86,54.49,168.59,18.5,87.19,45.22,73.67,110.93,100.82,41.49,7.46,134.64,1,64,105.92,104.24,101.25,84.76,16.49,,0
2756,43.44,464.34,1,8,11070,43.87,262.94,12.23,25.55,177.07,109.97,214.99,259.87,18.01,329.6,122.5,165.87,40.7,162.43,176.93,92.43,1.62,62.33,124.09,86.22,36.6,79.13,108.06,10.57,57.02,46.12,48.17,271.29,29.16,34.61,136.5,114.16,65.98,46.61,78.23,179.73,138.87,41.86,115.74,49.97,52.04,32.04,26.66,8.21,78.35,184.67,24.35,370.77,61.69,134.81,393.2,27.85,130.04,3.93,58.48,43.24,86.75,18.41,77.48,22.16,47.8,40.18,143.08,46.87,87.27,89.47,358.14,34.12,52.18,9.61,97.79,267.3,221.6,111.43,48.51,9.59,158.42,60.07,118.73,508.06,308.91,39.7,133.53,67.57,92.47,125.54,27.15,61.34,38.8,98.91,0,50,105.74,97.85,107.0,116.8,0.0,,0
2757,28.58,121.51,2,0,10575,295.03,89.41,371.91,376.14,23.04,193.3,3.92,157.64,51.76,94.79,11.52,97.21,2.12,193.76,70.68,4.11,12.37,85.38,56.6,150.78,25.48,330.85,33.53,98.59,197.3,51.08,10.89,8.18,139.42,260.22,98.33,153.81,130.96,46.08,152.83,24.05,29.37,94.37,301.11,51.83,13.91,203.37,16.39,296.22,61.29,39.37,115.53,149.11,70.28,101.25,347.39,124.41,56.33,103.64,151.91,247.71,114.25,11.74,27.55,166.1,31.34,33.43,73.31,8.61,57.45,76.37,65.49,51.22,41.88,117.79,40.21,83.03,3.02,153.09,58.78,21.98,272.85,64.41,31.5,179.97,5.78,16.57,85.74,30.0,261.2,69.15,39.48,278.57,197.13,42.55,1,48,105.44,95.1,116.57,83.06,33.5,,0
2758,39.55,682.39,4,1,14476,56.91,78.95,242.11,8.99,13.41,24.32,155.31,34.19,389.56,54.51,3.24,59.53,156.26,29.92,42.01,31.71,282.61,187.45,83.72,82.85,472.24,82.49,42.9,27.37,9.88,24.31,49.29,8.17,50.53,15.38,94.71,8.64,215.36,26.72,172.28,43.98,22.67,222.82,94.09,297.54,10.1,9.38,64.72,56.24,248.41,95.74,165.47,74.7,25.8,273.86,27.84,185.46,80.55,61.31,14.77,17.02,65.18,607.34,461.13,33.92,98.94,268.05,8.77,70.61,84.41,10.46,69.38,3.49,101.26,42.3,19.6,41.96,38.22,266.14,38.68,132.5,25.5,279.42,44.46,77.02,31.82,395.98,22.06,7.29,161.24,13.3,41.09,123.17,256.01,37.69,0,45,104.32,119.39,93.34,93.69,0.0,,0
2759,12.61,214.34,5,8,24112,258.38,169.7,24.96,176.86,196.14,34.44,130.24,316.31,165.48,454.35,193.63,113.3,122.19,219.66,180.82,17.27,195.58,147.9,887.57,151.41,2.89,1.17,144.48,18.11,125.69,207.06,95.58,326.41,36.0,114.17,257.35,220.37,20.75,26.59,42.61,454.04,204.09,196.54,77.7,25.79,183.11,131.06,140.91,34.74,128.93,19.26,35.12,8.0,47.28,39.13,38.43,27.0,69.48,182.49,8.02,12.44,191.11,60.76,112.67,133.21,39.18,10.66,267.99,36.16,114.29,208.1,276.64,2.81,99.18,23.92,373.51,14.27,196.03,0.47,9.51,282.52,267.69,238.36,57.7,44.58,141.67,35.0,134.4,27.74,55.96,76.51,256.33,319.09,49.85,53.28,0,46,134.11,132.25,174.26,123.78,50.48,,0
2760,38.55,665.37,7,0,28610,15.63,5.39,354.84,369.71,123.98,31.22,4.89,272.41,26.35,73.11,62.73,87.72,105.66,55.36,23.19,141.25,67.65,45.58,400.66,127.1,109.95,135.3,284.77,43.0,38.37,110.04,70.03,260.3,92.56,152.24,70.1,40.08,118.88,179.49,86.43,82.36,280.74,44.31,27.62,82.67,44.98,133.0,173.15,44.32,37.94,28.65,36.16,179.1,5.19,130.94,126.66,120.49,34.14,242.99,34.46,116.71,42.7,26.57,327.03,3.02,3.05,158.39,3.77,24.05,42.76,136.53,165.22,120.47,56.03,48.07,31.24,177.31,6.69,25.7,30.87,153.27,539.6,261.9,81.63,282.8,54.32,23.33,18.32,224.34,3.52,390.92,104.1,6.82,113.89,320.37,0,30,113.35,109.04,123.03,120.31,2.72,,0
2761,33.62,622.63,8,7,8815,44.2,13.58,5.71,186.23,142.17,50.29,99.22,31.47,40.14,109.19,72.09,182.18,108.69,11.88,51.76,83.95,108.42,488.6,68.05,182.17,277.8,17.71,1.23,11.73,77.91,26.38,34.43,294.45,79.45,75.34,36.08,71.63,105.73,96.06,62.06,14.96,97.57,42.01,54.54,37.72,85.1,337.93,210.95,148.17,127.99,19.24,24.5,2.94,34.5,4.45,20.16,48.36,75.62,332.63,42.32,82.35,67.46,0.2,181.98,85.77,186.44,9.85,32.05,148.39,25.25,126.28,46.36,43.63,5.9,209.24,19.7,413.22,1.63,3.67,346.15,112.48,131.68,55.31,93.59,16.36,296.59,76.36,92.6,108.2,79.33,120.35,12.27,86.46,11.06,17.77,0,80,93.95,96.97,99.21,97.61,1.61,,0
2762,54.23,199.45,7,3,20327,15.77,107.02,80.21,29.21,107.76,36.97,42.98,30.03,19.04,8.18,137.13,19.76,224.84,55.5,252.01,9.73,119.59,96.77,72.42,22.57,82.02,122.82,166.79,7.84,28.1,243.02,16.83,31.14,118.49,43.11,15.47,259.74,35.47,5.97,108.72,194.58,363.98,384.46,47.2,12.41,44.99,35.12,328.87,221.44,61.72,153.63,88.74,513.58,657.79,3.9,23.56,96.3,36.63,143.68,52.0,141.93,77.41,186.6,10.23,47.47,54.63,13.83,13.0,106.8,121.74,2.19,88.58,177.11,106.13,107.74,389.36,61.68,154.74,67.91,21.24,8.9,117.93,18.27,23.76,203.42,24.0,90.93,84.95,31.07,70.92,361.0,138.37,13.31,108.27,57.89,0,84,106.01,116.75,78.25,94.66,0.0,,0
2763,15.66,227.4,4,3,6641,43.95,115.2,14.9,48.41,74.78,4.65,70.43,81.51,89.4,176.7,97.68,45.53,5.78,9.48,96.87,177.29,37.05,1.23,66.44,197.27,175.86,60.88,16.94,158.07,34.27,164.91,53.33,148.62,152.67,154.6,22.77,5.83,66.77,26.58,212.96,87.82,30.42,34.62,30.36,21.51,14.76,40.02,170.47,165.06,43.01,103.22,379.04,178.65,338.84,81.51,156.71,87.75,121.65,46.1,118.0,87.21,21.15,82.1,31.92,2.78,269.94,34.94,4.0,91.13,151.25,173.27,91.1,48.5,120.08,10.34,35.79,20.95,1.62,55.66,218.42,5.67,50.97,77.96,122.16,224.67,161.22,202.34,1.06,35.1,61.39,153.82,431.18,59.94,98.85,36.91,1,39,93.72,83.91,85.82,101.67,0.0,,0
2764,13.1,445.24,9,9,15149,0.48,102.67,17.43,64.76,49.19,40.5,130.08,192.23,4.19,43.47,11.26,7.27,164.85,58.38,406.6,125.83,48.01,128.58,252.93,185.35,55.78,73.6,16.45,168.95,124.64,88.11,37.87,10.46,4.13,36.65,43.31,35.53,67.57,191.11,80.15,0.01,146.47,84.06,181.35,42.17,136.77,4.21,69.95,3.76,241.39,29.67,2.4,57.28,90.37,29.53,47.02,173.86,630.34,7.41,234.26,64.09,123.12,39.33,139.09,16.32,165.65,161.76,429.84,47.11,27.44,31.9,15.04,51.24,38.31,215.62,117.01,36.21,14.83,181.5,182.82,137.41,139.39,22.89,130.72,28.96,15.31,17.17,60.89,103.81,31.72,138.18,49.64,189.13,47.52,225.28,0,73,96.85,100.84,88.36,101.81,0.0,,0
2765,44.35,0.0,3,2,15489,138.08,272.94,11.97,21.0,169.15,69.86,59.76,68.06,3.11,358.22,7.55,112.66,71.73,195.69,36.6,25.36,23.01,15.01,25.52,109.35,44.01,159.06,23.4,53.35,233.95,12.96,333.64,43.21,204.15,91.3,73.46,9.26,53.58,1090.54,71.19,216.35,61.17,15.43,90.78,322.37,19.45,74.83,59.81,24.65,48.8,36.71,50.51,108.82,7.37,60.5,81.02,306.29,77.45,165.26,78.58,113.61,121.52,140.16,9.34,60.8,50.79,12.6,5.03,42.89,31.66,144.65,199.11,76.04,116.65,100.58,84.29,15.62,12.51,171.67,40.78,40.07,31.93,65.62,22.91,20.67,95.95,39.81,195.74,471.74,71.87,53.47,1.04,153.57,110.82,99.29,0,84,102.47,137.26,99.79,85.98,13.81,,0
2766,23.81,832.48,4,0,18714,5.79,38.47,79.78,14.4,152.27,415.25,3.95,137.55,86.56,183.89,223.69,11.47,63.71,2.36,162.31,80.11,238.1,178.53,167.74,118.86,1.8,30.39,498.36,221.67,58.33,122.3,5.81,55.63,79.27,304.1,18.15,133.28,283.69,65.58,123.28,251.54,128.37,252.54,196.61,152.97,82.25,118.14,3.54,17.04,37.85,266.22,40.8,251.5,57.24,71.25,131.96,40.86,5.06,11.75,72.84,370.62,422.98,18.55,18.26,91.82,1.64,96.41,22.55,28.79,20.72,230.61,81.3,17.27,82.85,116.84,143.84,145.77,28.54,116.86,116.68,147.72,7.48,88.84,212.39,30.74,14.58,107.45,52.68,65.32,37.18,103.19,157.25,58.74,27.57,129.65,0,62,110.78,102.75,124.75,83.05,41.7,,0
2767,36.7,731.33,2,0,20201,289.98,58.14,70.55,101.06,215.92,42.62,330.79,95.06,98.18,14.72,49.04,50.33,22.59,42.18,91.11,38.75,65.38,24.62,71.63,74.56,77.15,42.69,127.43,44.49,0.94,89.58,219.5,56.23,94.65,43.27,288.17,444.02,63.68,25.46,384.18,576.84,95.07,137.55,77.33,249.32,177.02,43.39,111.83,11.54,10.82,303.06,116.97,112.91,144.67,21.57,43.1,29.03,47.03,164.01,8.64,75.88,137.74,11.28,6.28,67.79,379.52,220.45,185.17,62.78,39.28,19.27,24.21,118.15,38.58,31.34,80.07,88.65,38.4,28.52,121.38,120.24,62.13,316.06,156.11,121.05,209.2,91.52,35.57,197.9,12.05,29.74,173.92,98.1,53.32,510.54,0,19,114.36,114.25,88.11,122.11,0.0,,0
2768,31.51,86.08,2,4,19880,42.5,138.95,123.85,193.18,49.56,162.82,28.78,203.26,31.89,136.03,41.09,2.01,1.15,119.49,281.19,32.35,1.3,72.59,58.93,22.68,8.73,563.19,66.27,309.29,102.19,190.15,386.58,132.13,1.53,332.45,3.09,95.27,10.74,89.14,155.66,36.77,20.77,32.63,139.88,171.22,86.35,79.59,83.31,75.07,292.28,69.82,127.06,207.83,61.5,38.02,54.07,37.16,61.2,118.08,41.84,90.09,23.08,77.4,201.29,131.17,46.48,1.11,277.45,212.93,4.02,50.93,205.39,93.98,101.98,174.04,19.98,61.94,49.93,39.71,165.34,87.67,54.91,25.47,2.33,14.3,0.49,15.87,12.13,48.02,77.17,160.22,17.65,43.23,23.63,96.77,0,84,97.03,96.99,127.87,72.84,55.04,,0
2769,8.59,565.15,7,9,28485,285.82,91.64,37.28,81.92,38.49,99.92,148.06,322.06,18.36,148.24,22.55,15.89,19.07,42.73,7.92,94.49,171.76,61.56,24.57,119.45,13.22,55.77,97.0,92.26,27.86,40.49,123.08,314.91,3.54,15.62,116.62,82.92,15.22,0.59,54.05,51.89,33.92,91.48,1.62,69.82,89.18,58.84,127.41,147.31,94.89,184.59,47.99,111.05,97.14,7.6,123.14,40.5,10.63,25.97,162.54,110.13,29.84,119.61,81.18,145.71,193.96,70.91,10.11,55.8,44.37,20.57,70.76,65.97,181.28,4.79,102.85,126.74,124.15,54.25,108.71,7.83,68.59,98.17,73.03,197.0,17.73,207.6,308.43,70.69,75.03,114.92,299.64,21.51,137.01,114.99,1,42,89.07,73.7,87.85,101.58,0.0,,0
2770,9.79,760.71,2,4,17640,12.23,9.68,183.82,47.29,46.18,290.66,31.71,162.26,90.34,5.32,73.77,300.59,7.73,10.01,404.24,17.08,20.87,6.18,42.34,72.89,339.59,138.19,201.12,88.04,1.44,123.84,171.3,212.85,197.34,221.62,67.26,323.4,57.87,20.31,104.61,62.83,11.08,105.27,42.22,102.57,163.6,174.96,184.11,146.3,337.48,52.56,63.03,111.48,193.39,18.56,75.08,26.05,70.17,278.87,147.89,58.5,12.28,233.95,157.17,174.89,68.06,51.5,37.8,26.71,1.73,409.08,59.2,21.7,122.67,12.9,100.95,35.25,41.97,43.96,92.74,16.08,52.35,6.04,0.91,35.69,13.01,222.54,3.68,85.64,270.79,120.57,1.37,152.5,25.68,25.57,0,75,102.97,99.15,117.68,71.96,45.73,,0
2771,6.57,192.62,5,2,19777,131.74,80.66,119.82,54.69,49.45,19.14,163.11,23.07,117.97,57.2,124.73,6.01,103.39,4.23,87.92,25.13,9.75,60.72,258.89,20.32,24.86,26.92,121.59,186.6,151.72,78.26,32.24,343.02,77.57,13.34,15.55,44.04,111.86,78.64,45.34,111.04,120.29,132.38,59.32,196.71,87.36,79.14,26.57,68.36,12.68,228.33,24.5,108.02,19.93,11.21,14.68,55.7,120.87,3.9,32.61,65.33,505.13,67.27,15.26,136.68,18.88,113.69,25.64,33.34,85.73,20.58,101.26,9.92,0.75,44.98,147.36,246.99,84.24,45.14,228.21,14.24,35.85,1.32,14.47,49.76,187.28,136.38,95.1,8.98,31.36,4.03,60.94,102.47,84.03,42.26,1,33,80.53,80.37,85.8,69.17,16.63,,0
2772,23.67,261.78,9,7,8593,79.14,46.79,198.24,67.94,59.16,53.24,138.58,47.36,73.21,163.44,62.34,9.34,69.36,475.33,41.6,58.38,29.65,75.56,86.72,66.55,44.62,153.35,202.06,53.66,7.76,56.74,335.76,10.08,249.26,58.35,491.14,107.7,74.76,111.31,81.18,25.53,99.71,95.6,36.67,32.63,75.99,56.04,271.24,3.83,5.86,60.08,21.59,145.63,59.6,103.13,33.17,135.61,144.9,21.56,466.51,124.99,1.79,93.25,26.19,12.5,90.15,6.07,257.15,131.78,12.88,27.74,75.16,101.67,91.49,98.75,53.83,185.96,1.64,64.23,129.12,39.92,106.19,90.18,6.69,73.9,80.81,272.15,155.72,18.97,9.84,25.86,265.24,13.13,64.02,54.81,0,17,96.65,98.95,102.45,86.84,15.62,,0
2773,36.34,1107.88,7,1,24105,94.46,5.11,13.96,26.6,209.3,2.58,38.19,33.92,94.76,221.77,189.53,4.8,56.18,7.89,110.26,36.7,32.66,9.72,41.07,55.8,185.48,107.43,77.03,30.09,80.4,20.38,138.79,1.29,55.96,204.2,31.44,290.77,124.68,53.88,55.15,183.3,30.16,8.88,81.16,206.07,167.64,38.75,303.36,34.25,159.34,20.47,254.02,74.54,121.04,107.67,41.07,100.37,8.65,77.77,83.36,149.11,107.59,138.93,0.92,37.46,30.09,63.41,55.27,122.25,66.53,295.01,180.73,12.58,196.0,283.24,60.33,135.8,42.98,102.01,205.27,48.48,18.05,50.01,5.99,27.75,31.66,16.77,10.37,32.62,50.65,4.72,117.07,28.99,43.69,198.22,0,35,86.83,77.63,72.88,84.55,0.0,,0
2774,29.96,753.8,9,8,17077,292.24,282.88,55.74,12.67,12.99,122.01,16.61,30.98,92.26,159.55,36.45,62.76,140.81,170.68,112.84,76.72,83.41,254.37,69.49,87.97,92.71,119.78,338.23,164.7,12.35,65.29,221.44,16.09,41.31,66.68,64.4,188.93,18.52,59.17,1.86,5.82,19.4,33.93,89.45,34.23,50.86,51.84,44.37,237.43,88.57,90.42,144.41,246.08,48.96,47.93,37.18,15.59,48.88,24.38,102.17,14.61,66.53,90.8,108.02,155.61,33.84,48.45,1.81,19.39,22.99,77.01,341.09,200.05,58.25,38.63,206.29,134.42,269.1,133.7,39.49,232.19,178.13,239.02,34.01,73.46,178.23,11.25,26.86,258.35,14.34,37.73,88.81,9.49,53.56,410.75,1,27,100.14,90.41,110.4,115.69,0.0,,0
2775,44.08,488.55,3,4,11391,133.91,18.96,25.9,218.66,24.91,45.91,211.76,56.37,4.54,539.42,6.84,3.95,13.24,286.81,67.24,43.81,347.63,123.16,51.04,9.39,35.78,243.4,28.86,310.31,12.9,119.74,5.74,172.01,138.92,28.43,76.04,7.31,5.5,46.79,10.83,47.6,9.85,35.75,66.76,65.73,42.2,23.49,79.57,23.57,35.21,19.09,233.5,2.16,127.41,77.82,380.54,41.9,321.76,118.75,23.91,158.98,23.54,90.97,27.25,14.82,56.23,26.29,51.29,38.07,24.38,83.2,7.42,156.1,73.78,133.26,16.97,44.28,50.97,118.49,59.29,29.54,12.13,20.86,48.31,148.39,207.3,80.87,128.57,59.16,37.33,54.96,244.38,71.49,130.44,20.06,0,41,86.69,97.6,110.98,74.46,36.52,,0
2776,29.11,248.12,9,6,1694,272.21,28.54,18.58,12.78,150.61,4.68,319.3,6.7,71.75,22.85,97.02,5.12,301.72,19.46,51.57,36.67,6.81,218.06,209.14,162.53,30.12,37.39,314.52,101.04,301.17,25.95,126.7,169.28,116.36,33.58,167.34,10.59,152.3,13.07,33.42,73.13,98.31,292.3,45.25,145.05,394.59,103.27,32.99,35.14,50.55,216.22,117.22,50.3,6.67,134.86,15.89,64.27,119.7,167.29,61.72,32.78,73.08,22.56,24.12,54.06,17.73,63.59,240.97,33.82,123.81,189.89,34.14,40.39,45.01,31.39,14.9,168.96,153.62,198.63,113.12,120.88,23.64,253.9,94.15,100.27,42.25,232.44,7.1,56.63,22.38,213.07,167.4,109.32,59.0,87.6,0,32,101.56,90.18,109.07,102.0,7.07,,0
2777,32.2,733.08,6,5,1346,46.95,456.74,65.79,342.65,99.41,2.96,2.36,239.38,229.81,23.76,109.11,35.17,17.68,107.34,80.36,95.18,4.34,14.28,0.38,94.42,36.31,200.91,55.98,70.1,178.32,176.35,35.89,0.04,88.23,36.26,21.01,120.15,71.56,149.87,15.0,197.44,133.89,105.37,10.73,89.26,33.83,37.97,223.27,21.34,45.12,67.64,121.77,575.61,43.31,158.56,137.89,74.71,130.5,128.36,286.53,230.74,32.83,50.03,21.47,8.59,61.11,241.71,155.92,9.14,1.37,12.14,5.56,212.26,7.06,52.91,79.35,618.44,19.93,57.96,111.45,59.42,1.88,121.62,36.49,23.38,12.23,55.19,39.6,144.79,59.43,174.93,198.17,43.24,16.03,19.81,0,71,99.37,112.92,98.21,88.42,9.8,,0
2778,35.31,566.45,6,8,25106,17.17,76.46,147.98,138.67,13.61,312.95,8.72,407.31,3.91,69.51,105.65,118.81,14.57,222.77,94.61,164.61,2.52,74.81,55.56,40.53,44.65,54.28,23.71,88.93,65.97,67.29,78.05,3.34,56.96,47.52,84.48,29.35,2.28,1.2,27.77,91.18,112.47,14.02,62.15,74.35,292.34,10.69,11.41,54.7,43.57,193.0,52.69,60.69,106.04,138.41,21.12,76.87,168.93,34.41,39.07,225.48,25.24,78.65,346.11,26.88,254.84,0.49,189.24,184.09,67.17,11.95,36.76,164.38,185.28,184.98,256.72,22.85,6.08,55.43,282.51,58.27,113.48,71.43,32.41,150.43,133.13,77.86,323.92,101.0,47.25,32.09,50.19,175.15,547.74,151.95,0,45,101.07,100.07,87.38,132.3,0.0,,0
2779,5.87,596.17,8,6,20801,64.37,165.12,34.67,149.45,19.75,55.37,52.47,28.61,3.81,85.62,131.82,55.73,108.93,234.07,39.1,3.55,47.4,58.06,21.03,7.81,21.48,149.28,37.14,204.04,405.8,35.34,18.8,93.23,6.4,4.64,18.42,78.92,270.15,141.42,114.01,79.76,43.52,22.37,49.97,14.28,301.44,159.78,58.42,52.91,13.98,49.59,94.95,29.37,72.51,248.16,331.69,34.62,171.26,56.54,61.22,28.61,158.8,59.39,22.24,210.22,33.64,21.72,41.5,137.34,384.44,98.25,89.49,169.0,8.26,30.36,0.79,33.79,128.84,8.71,153.7,49.35,82.6,110.41,103.06,32.54,19.73,128.89,2.67,98.9,434.86,40.31,140.15,91.54,21.79,137.88,0,47,91.4,91.75,78.1,94.48,0.0,,0
2780,43.98,285.23,2,9,25685,50.14,287.87,138.35,50.48,103.96,72.51,171.37,259.25,42.46,330.28,36.2,35.54,151.69,74.92,90.67,70.37,8.39,319.51,52.1,267.17,6.08,168.48,232.69,34.86,171.56,118.45,18.6,7.75,35.48,46.42,296.84,22.26,28.55,15.2,520.22,45.48,29.44,27.68,30.01,82.41,35.86,63.77,61.06,494.93,18.07,177.01,232.93,152.51,52.13,391.26,64.95,329.36,116.77,21.88,59.37,27.19,146.39,80.51,12.89,207.58,114.44,108.61,83.45,59.63,61.1,63.75,16.35,139.29,391.23,122.92,205.07,7.68,89.76,102.35,68.41,17.1,19.71,124.63,82.9,40.01,11.51,27.65,270.05,372.4,27.12,71.67,28.88,213.05,6.85,164.72,0,30,115.67,114.69,115.12,103.74,11.38,,0
2781,35.5,885.97,5,2,14326,24.6,2.33,46.76,76.65,36.91,75.69,104.65,71.48,75.63,77.75,7.31,355.13,29.33,40.81,5.71,8.94,97.08,97.81,297.82,156.49,125.38,33.4,12.88,122.05,155.6,116.4,43.99,131.73,113.88,144.86,38.08,10.6,11.9,13.83,61.82,10.51,4.47,2.39,15.82,7.29,156.97,78.01,86.29,46.89,39.46,139.98,22.51,6.2,72.01,189.07,2.78,25.34,118.41,291.26,30.48,8.23,154.17,401.43,24.21,39.99,20.8,300.38,108.2,133.69,88.97,96.31,36.66,37.57,19.17,62.68,556.86,6.78,442.7,5.86,55.18,200.41,85.49,81.11,6.86,54.19,76.55,7.61,182.11,35.34,75.69,69.65,24.85,108.52,243.57,55.17,0,74,89.76,101.95,89.63,109.3,0.0,,0
2782,20.1,719.91,9,2,19778,35.71,48.25,72.82,193.92,145.22,173.71,87.0,53.02,44.41,429.41,48.96,59.17,145.47,180.25,7.17,107.54,166.86,34.2,402.36,189.79,22.56,69.58,45.81,259.39,67.06,176.0,410.32,50.72,21.19,4.59,132.51,14.46,55.51,8.39,261.57,60.14,78.94,26.36,102.3,41.81,21.19,38.38,90.82,37.73,66.71,216.06,22.3,10.05,39.35,32.57,79.77,40.39,38.66,126.87,125.72,158.0,23.41,247.45,132.9,270.84,36.5,94.2,68.98,20.57,67.36,7.74,157.92,14.18,69.1,8.54,76.9,301.5,16.38,55.76,79.77,193.48,21.25,83.83,32.39,5.23,29.88,467.82,27.64,16.14,58.1,289.59,287.43,3.43,81.97,170.62,1,42,102.2,103.3,125.08,94.81,30.27,,0
2783,33.87,484.32,1,5,23729,200.96,135.87,14.35,270.78,8.61,54.47,87.9,55.11,22.89,39.46,33.32,148.45,11.5,62.04,186.47,108.38,65.25,0.75,5.77,73.69,159.55,27.03,138.01,203.2,19.78,235.8,123.52,6.92,80.37,60.58,168.28,24.32,71.49,134.4,7.99,35.71,355.43,190.94,27.17,17.62,27.89,82.81,110.82,25.65,55.04,19.45,182.02,83.92,61.3,104.39,7.15,38.75,22.87,54.03,6.17,81.44,110.97,59.58,33.36,31.76,173.17,97.22,193.77,93.17,14.42,30.33,80.75,14.06,12.06,70.01,115.94,53.93,216.01,31.75,116.0,115.11,85.04,46.8,158.63,31.37,21.47,6.29,159.34,348.41,107.65,9.62,57.16,51.13,138.92,30.95,0,69,83.93,74.63,88.03,89.35,0.0,,0
2784,24.46,0.0,1,3,28147,172.2,229.5,3.23,140.14,3.68,204.13,28.23,196.52,101.01,45.97,4.78,285.01,14.45,49.61,278.44,7.09,61.63,49.28,193.72,47.53,70.68,1.05,61.57,0.01,5.73,127.2,124.44,198.35,24.54,45.91,39.47,45.71,26.98,188.21,0.77,3.46,16.91,227.14,237.91,13.9,43.66,92.83,79.08,174.43,135.44,113.66,92.46,103.64,419.2,38.1,40.55,356.46,103.79,14.17,41.61,115.17,0.63,316.91,35.4,13.57,5.31,28.46,247.88,14.48,191.22,43.81,88.45,215.52,3.25,449.44,80.59,10.6,23.02,41.08,9.71,52.29,95.41,130.04,15.93,77.3,94.39,3.11,113.96,330.31,58.13,183.35,93.53,109.94,199.76,1.15,0,77,99.09,100.64,92.52,100.38,0.0,,0
2785,55.66,530.5,4,7,25407,45.46,152.83,121.38,27.03,135.02,62.77,26.27,36.44,22.84,64.89,23.1,142.29,6.44,210.37,11.12,96.74,80.52,351.61,123.13,54.72,11.03,256.69,33.99,63.4,172.82,117.99,86.04,202.25,112.11,10.78,3.99,26.45,459.84,116.45,68.67,11.48,190.35,365.35,27.5,85.53,131.76,23.41,36.16,172.52,74.36,13.79,157.32,14.06,25.34,83.03,25.65,17.25,31.29,54.89,89.95,111.3,146.81,1.19,40.5,12.61,170.11,53.09,148.05,36.51,68.35,62.64,243.14,1.21,136.38,202.04,45.23,79.63,29.64,5.43,167.34,54.49,47.69,30.85,107.82,33.47,9.99,36.16,86.07,71.2,332.27,137.47,27.4,112.75,139.5,47.12,1,55,91.15,87.04,95.4,90.77,4.63,,0
2786,49.63,537.48,2,7,26969,221.41,10.34,292.04,66.95,34.87,35.03,21.0,130.28,2.62,21.3,93.49,214.99,142.67,105.75,110.1,34.18,194.95,104.17,33.24,416.62,233.17,220.92,17.16,135.2,220.28,53.29,50.31,138.77,62.06,13.73,14.89,16.44,12.76,17.94,25.03,47.03,54.85,200.45,384.68,69.01,110.09,2.56,157.69,462.86,74.72,32.12,60.4,113.47,7.27,46.36,41.64,17.51,30.03,210.79,110.42,381.13,104.09,13.31,17.86,85.01,40.53,57.96,0.08,4.89,146.97,29.27,10.31,6.99,60.22,355.57,101.87,72.04,17.58,85.55,51.24,20.19,217.29,283.4,27.07,247.43,14.31,135.21,31.01,30.71,150.64,97.59,14.62,44.07,40.72,43.35,0,85,97.69,102.96,114.36,81.29,33.07,,0
2787,40.55,434.99,4,1,13853,109.3,226.92,269.46,4.09,0.67,1.0,78.03,45.94,80.63,174.02,111.86,11.16,5.04,155.11,141.29,37.29,48.93,111.63,132.79,17.47,25.68,66.97,4.82,184.55,119.44,8.1,223.21,132.09,112.06,117.79,162.86,3.94,38.12,24.87,32.31,227.06,18.99,2.57,81.06,3.17,80.73,180.91,25.89,230.33,101.46,96.68,62.94,105.98,57.86,103.56,10.66,192.59,21.81,13.05,42.33,0.48,159.99,44.92,154.5,125.45,180.78,50.66,75.58,29.38,88.73,14.2,92.38,134.5,52.74,135.65,271.94,1.78,25.73,43.18,190.23,93.48,166.82,4.89,106.72,86.89,234.88,28.56,396.4,101.07,107.75,3.99,17.57,13.84,158.7,117.26,0,23,91.01,78.24,91.91,100.88,0.0,,0
2788,1.92,720.92,2,4,2604,134.56,51.74,14.13,151.18,45.89,3.48,385.52,151.26,81.38,83.05,34.34,80.28,110.74,146.62,44.05,5.63,237.14,16.54,104.33,298.81,50.26,53.94,50.23,93.71,1.95,39.06,63.89,28.62,346.01,49.53,13.22,66.67,241.15,14.81,266.75,70.58,72.53,81.58,21.49,70.57,55.36,11.49,41.73,103.55,54.8,99.74,108.98,198.93,238.29,400.71,595.31,117.87,71.81,163.83,59.02,123.11,99.8,94.31,82.92,46.57,121.33,29.65,162.01,125.11,54.09,23.16,31.6,10.05,37.16,100.5,50.09,31.35,180.06,28.53,78.94,26.29,102.91,15.69,35.22,99.79,18.52,220.16,77.91,11.49,75.36,124.74,17.9,43.73,95.84,94.85,0,69,97.44,97.67,98.6,70.8,27.79,,0
2789,0.0,322.94,6,2,17419,35.4,3.97,12.27,140.98,22.23,206.78,29.77,14.76,254.36,156.16,24.33,24.71,75.38,20.16,73.45,52.61,28.88,19.53,92.77,52.12,100.91,79.67,195.04,207.39,172.46,85.44,615.23,6.38,3.11,19.57,75.45,153.82,4.47,47.78,33.11,45.67,178.45,63.07,174.21,37.12,42.2,99.21,68.43,182.76,88.6,33.62,271.55,38.08,11.44,2.7,50.55,58.21,33.51,110.48,89.78,35.33,61.89,48.31,62.77,279.84,66.51,13.66,48.04,149.72,4.02,316.55,69.79,104.94,68.92,12.88,232.21,53.94,77.34,5.54,171.09,32.62,114.36,18.79,372.66,78.05,6.55,113.9,6.04,9.36,42.47,111.87,401.98,43.9,28.35,268.3,0,82,92.81,102.21,94.19,101.48,0.0,,0
2790,20.64,628.26,1,0,981,474.38,6.36,14.6,15.31,3.71,245.88,64.15,44.76,75.69,29.77,34.05,61.36,307.57,78.57,55.86,126.33,511.74,180.75,8.26,67.65,323.07,46.56,134.73,195.0,194.78,12.17,219.12,83.11,25.27,374.67,30.63,56.45,33.24,128.49,155.71,144.78,100.4,64.97,102.92,57.82,96.31,65.37,28.03,13.75,188.45,249.55,149.32,93.43,15.42,58.46,27.42,285.21,149.89,25.98,137.69,25.93,29.77,123.04,89.37,127.08,88.32,579.55,271.44,34.81,210.19,169.88,190.01,26.68,191.41,22.21,111.16,78.44,25.08,69.95,125.38,86.14,31.0,425.72,28.15,60.23,8.56,25.24,77.64,18.76,60.2,20.49,87.53,43.81,137.92,210.89,0,24,115.41,116.02,133.84,117.23,16.62,,0
2791,32.05,866.28,9,7,15400,0.26,35.23,218.96,26.68,69.9,27.85,128.07,57.18,93.77,82.1,20.75,133.6,137.77,37.55,62.61,296.95,24.33,8.05,39.82,73.55,37.1,19.37,3.3,56.06,120.69,85.69,103.42,33.44,29.41,111.81,11.95,60.76,91.91,132.78,259.76,140.94,49.59,221.47,104.54,402.31,0.14,136.69,90.19,26.73,406.07,143.33,143.9,42.0,38.48,97.86,50.09,54.99,248.89,673.86,13.32,34.85,70.1,287.83,3.78,153.74,28.38,65.03,107.82,111.9,116.71,191.91,14.98,18.66,122.58,5.65,75.2,123.32,37.25,118.46,66.82,8.94,97.42,268.99,28.85,164.37,366.33,18.58,44.29,156.95,424.64,212.76,81.08,58.03,54.07,0.66,0,47,106.21,112.24,72.51,106.35,0.0,,0
2792,29.47,293.52,10,7,15648,29.46,109.91,44.31,98.6,434.79,10.47,57.52,334.08,12.58,52.84,21.46,67.13,62.47,16.33,168.47,60.52,131.73,171.52,63.72,0.92,128.8,11.11,390.39,198.11,32.96,3.95,0.41,68.73,79.98,20.33,151.89,47.69,70.74,6.93,331.23,64.26,38.88,62.26,36.86,19.42,22.97,85.33,188.41,65.31,306.65,113.68,99.86,172.98,115.16,173.95,82.7,130.36,41.55,263.57,81.01,22.37,202.81,15.66,82.43,17.81,89.64,65.71,9.6,11.88,46.88,0.63,3.25,36.38,35.44,9.43,159.26,161.44,235.33,75.42,241.91,40.59,253.36,9.99,79.61,20.61,253.44,72.96,94.48,41.2,22.32,74.93,242.32,54.33,85.59,295.73,0,11,98.02,95.67,96.12,94.12,2.0,,0
2793,25.12,341.18,8,7,209,265.62,95.9,139.33,56.94,1.76,188.6,29.62,371.97,35.46,151.54,116.3,58.22,108.42,136.43,317.85,51.39,120.17,42.57,9.78,87.9,0.91,8.24,141.81,36.36,123.49,101.12,57.86,133.11,175.62,21.17,56.72,26.93,196.32,66.68,139.8,6.44,66.38,3.13,88.25,91.07,275.41,5.21,61.84,14.78,23.07,114.81,219.66,29.5,116.54,516.18,17.66,96.97,40.23,119.78,38.74,20.54,11.75,43.84,35.66,29.13,2.67,16.14,80.99,119.57,15.82,7.12,82.58,26.19,5.43,388.19,38.79,113.13,329.98,156.72,361.04,130.23,176.47,139.2,182.71,37.22,84.24,10.94,9.31,57.0,2.78,84.0,59.08,33.25,54.26,62.18,0,21,95.84,98.87,106.18,95.57,10.61,,0
2794,20.98,820.18,7,9,5098,375.36,134.99,29.76,39.04,44.74,44.17,86.65,19.77,151.04,96.77,132.72,83.37,135.36,173.27,51.16,205.54,244.49,12.62,34.76,118.22,4.56,202.86,34.61,27.73,270.33,215.55,4.71,4.75,196.66,74.01,124.1,14.64,97.75,36.21,71.67,39.13,108.36,18.03,3.64,177.64,41.22,25.36,4.85,98.08,62.96,36.76,112.32,51.84,34.09,181.16,89.22,287.63,118.5,17.04,122.64,37.58,1.0,409.45,304.74,78.65,103.16,51.64,8.95,58.46,109.57,12.73,42.41,84.68,47.64,9.99,34.73,203.75,145.64,108.61,25.37,149.88,346.81,85.91,115.02,109.74,140.69,209.71,0.07,457.62,10.18,83.31,156.04,22.83,25.13,194.44,0,48,102.34,96.03,108.32,105.16,3.16,,0
2795,26.17,46.43,6,1,22389,83.28,104.09,59.97,132.69,95.72,63.15,138.73,53.76,135.02,253.48,32.76,155.66,58.38,41.59,44.9,17.96,13.68,219.03,69.37,0.3,43.77,55.85,161.51,25.76,132.88,95.89,293.56,243.35,33.44,180.94,30.24,92.04,16.45,81.6,14.12,267.98,34.83,16.2,325.62,66.36,45.72,4.29,31.75,17.36,431.0,4.57,160.33,22.15,92.77,16.07,17.63,146.72,5.81,203.26,457.08,429.6,54.11,662.6,1.28,61.36,112.91,182.5,78.09,94.66,65.6,121.53,3.12,151.18,1.23,67.79,49.29,140.71,21.83,60.66,427.32,24.0,22.1,65.84,33.5,146.85,123.98,17.24,187.56,244.03,69.9,83.27,9.93,209.69,8.2,13.91,0,16,107.66,119.04,101.35,94.62,6.73,,0
2796,9.66,0.0,3,8,13087,34.41,15.72,65.79,237.61,96.71,70.14,42.75,107.28,46.92,30.25,29.76,6.74,189.99,31.49,12.79,100.52,59.35,84.2,208.46,53.02,5.92,160.28,185.52,30.9,191.74,586.08,38.26,39.85,125.23,90.32,157.92,193.07,69.46,21.87,9.29,89.59,49.08,145.2,32.21,3.85,15.01,8.91,150.86,333.75,41.28,24.88,1.11,41.45,181.55,228.66,3.42,16.7,60.57,21.56,156.42,157.55,23.75,607.48,269.47,22.75,47.37,23.95,0.05,70.57,57.41,92.44,52.25,147.34,35.45,172.14,218.14,100.87,149.39,92.74,251.65,129.91,38.85,119.96,80.6,145.87,8.44,107.22,56.64,13.01,78.81,51.23,0.45,116.62,30.21,66.52,1,39,96.36,104.41,99.27,85.2,14.06,,0
2797,38.48,550.93,10,2,27645,236.28,35.84,37.02,43.49,53.4,66.25,577.59,99.47,21.39,23.38,62.4,3.93,206.36,12.72,14.98,102.74,57.88,33.82,82.76,77.3,329.09,60.78,60.87,29.6,70.55,66.4,66.8,206.07,13.95,73.77,5.0,293.98,20.24,380.55,109.16,17.67,109.75,58.77,44.91,13.0,297.1,88.03,31.86,237.13,23.76,157.67,68.86,205.29,40.4,0.42,2.53,11.33,49.85,40.36,221.02,143.4,146.05,162.1,34.21,104.22,9.15,158.86,175.04,117.82,87.84,133.94,137.75,144.28,274.88,105.49,48.81,17.37,92.02,85.92,101.98,138.83,7.18,156.02,187.23,85.06,78.7,13.74,121.0,174.4,101.37,121.35,38.81,174.53,145.45,160.81,0,30,103.79,94.88,94.23,113.19,0.0,,0
2798,29.58,829.25,1,4,22777,34.78,31.53,58.56,165.4,26.05,117.43,193.04,43.9,250.55,66.79,42.17,91.29,463.14,95.22,55.76,378.18,255.86,81.64,73.79,58.66,65.29,123.92,38.54,88.9,26.92,24.99,247.66,46.15,23.93,37.09,49.31,7.05,220.83,211.58,70.66,77.78,95.76,71.33,233.0,51.33,160.22,57.81,59.49,258.86,59.8,144.01,86.13,14.62,189.61,30.82,2.2,4.42,21.02,15.68,16.88,31.11,7.3,90.05,0.0,116.01,76.03,71.05,8.73,81.38,89.84,355.32,135.15,86.51,18.38,55.61,221.19,124.17,93.02,178.3,8.47,341.81,37.63,96.81,127.84,90.99,11.58,133.55,120.55,245.81,44.09,354.14,2.39,324.17,191.3,194.93,0,12,107.58,98.72,110.24,130.69,0.0,,0
2799,35.65,549.52,10,5,605,0.83,35.81,405.9,41.0,32.75,38.04,58.35,76.9,104.61,211.74,155.99,5.17,0.12,92.35,17.48,81.48,66.56,258.34,199.94,230.86,7.31,2.47,10.24,45.49,25.52,34.52,39.56,128.31,76.52,56.54,104.03,61.86,289.53,44.81,38.5,50.59,181.73,154.88,99.52,219.83,111.52,3.74,227.43,316.46,106.94,29.87,366.48,61.92,16.14,255.13,176.08,143.16,68.66,67.59,72.48,57.92,9.58,3.38,86.45,87.87,123.16,16.92,164.07,222.11,228.2,110.6,121.67,12.64,100.31,24.77,41.95,133.73,141.11,294.82,109.33,3.5,38.81,70.52,41.95,106.72,36.68,8.79,146.58,100.55,87.43,87.44,267.92,201.63,59.23,56.01,0,44,102.38,89.39,84.69,105.31,0.0,,0
2800,24.67,624.09,6,9,15966,80.74,3.79,170.48,88.2,98.97,5.48,324.2,24.44,51.23,86.37,220.84,216.89,127.16,173.85,159.43,16.87,25.62,4.36,103.88,22.33,168.55,2.45,260.83,45.09,97.3,285.1,154.32,235.79,164.96,317.7,68.05,26.71,21.36,5.07,277.17,2.07,75.68,72.18,178.71,65.95,77.75,213.23,235.92,308.24,167.64,211.8,22.31,45.48,97.17,295.62,47.05,22.59,107.75,14.33,29.89,28.53,149.39,49.3,256.87,189.72,147.79,98.8,258.51,55.81,88.98,190.57,207.43,4.2,45.31,121.82,178.61,121.4,77.08,70.64,288.19,23.94,23.23,103.79,7.34,202.18,43.44,107.24,6.72,37.2,250.58,3.52,40.71,254.46,59.41,88.92,0,83,114.54,92.31,124.57,106.93,17.65,,0
2801,38.47,141.29,2,3,10812,137.23,49.7,46.73,42.65,64.27,103.61,96.85,144.92,62.78,146.68,43.85,40.49,167.95,17.17,173.06,2.78,29.24,196.15,125.12,47.42,28.05,23.89,121.12,45.31,9.75,132.93,45.94,47.31,124.9,23.44,22.07,36.58,138.4,37.0,71.39,7.79,105.71,23.41,93.47,178.84,3.56,13.79,78.88,189.37,22.61,36.65,70.64,53.62,64.95,6.12,147.81,111.69,49.92,136.39,100.18,211.39,47.69,15.9,32.81,137.1,21.45,213.44,19.17,163.88,1.21,96.32,1.51,153.37,6.22,52.47,149.84,135.94,1.98,5.49,224.02,118.02,3.91,170.5,56.44,45.26,204.06,18.55,115.99,217.42,199.39,348.29,13.28,44.21,296.65,35.91,0,12,85.79,73.13,78.04,104.47,0.0,,0
2802,31.65,449.02,8,5,21659,251.65,3.43,223.75,110.41,9.97,41.15,137.24,126.62,27.58,55.33,44.51,500.86,419.8,224.88,14.28,122.53,32.75,112.93,19.29,108.58,88.29,52.13,51.75,396.3,51.97,177.96,26.7,2.06,105.0,230.34,21.93,189.86,91.83,38.8,172.67,43.66,32.94,32.04,57.91,150.23,132.15,25.13,131.5,33.28,109.24,319.11,87.69,37.79,8.93,85.34,211.17,67.19,39.48,138.82,122.22,147.91,47.62,317.76,160.51,55.3,9.37,0.9,140.81,36.58,347.36,115.54,132.13,117.12,14.66,567.23,63.36,50.82,98.39,107.41,30.86,187.76,280.95,21.45,69.39,96.47,161.93,4.48,115.86,34.3,2.56,100.08,34.59,49.78,99.96,22.52,1,39,111.05,110.01,125.67,103.82,21.85,,0
2803,33.67,464.09,1,5,29029,239.78,178.94,56.46,0.72,64.95,461.94,95.4,70.74,52.0,32.89,11.44,24.41,72.57,2.61,68.59,181.09,157.84,10.44,54.3,6.29,128.12,306.97,36.01,67.86,46.26,5.31,37.43,60.08,51.43,154.68,2.05,8.27,462.51,170.97,9.38,13.91,101.88,135.59,172.99,34.62,4.89,220.96,65.52,7.76,61.4,21.24,81.68,313.35,1.91,59.66,203.49,14.73,19.96,33.63,139.1,3.73,115.6,7.06,20.83,11.89,97.48,48.7,14.06,12.11,361.86,93.67,37.47,21.44,3.3,15.5,105.45,465.7,19.26,18.92,183.69,42.3,385.94,43.05,35.43,49.72,477.08,162.38,94.76,53.95,46.8,272.28,131.9,7.63,44.01,153.9,1,30,97.31,115.55,91.25,116.66,0.0,,0
2804,25.79,152.47,9,1,5888,234.45,24.12,2.65,275.62,271.16,62.23,28.35,151.32,60.91,15.97,288.04,97.61,57.17,30.95,43.18,18.19,175.36,146.86,32.38,6.36,6.13,99.92,140.96,4.28,15.61,95.67,59.02,8.81,25.56,11.87,10.63,0.99,135.09,61.67,31.29,21.42,183.93,34.69,53.52,197.42,35.81,98.21,26.41,100.12,12.5,13.48,173.01,8.27,236.25,223.94,113.16,44.07,68.17,184.81,38.94,40.03,77.76,41.5,2.7,478.85,12.29,14.34,197.59,7.15,17.44,8.69,85.52,176.58,51.53,139.46,177.67,8.74,213.65,74.99,153.26,262.49,57.08,24.31,37.08,63.98,183.72,213.87,7.45,20.06,99.51,55.1,91.18,3.05,315.83,69.53,1,24,89.81,91.27,83.02,94.77,0.0,,0
2805,40.41,151.21,8,8,23104,274.97,156.18,9.45,9.1,30.21,218.57,14.69,47.68,449.31,35.93,70.03,137.83,80.88,46.93,460.87,88.89,108.35,159.02,38.68,46.7,58.24,43.21,3.4,125.12,284.88,163.89,84.56,105.23,3.65,25.57,85.31,92.79,0.61,53.31,121.66,101.25,203.04,35.57,151.99,30.0,46.91,222.34,265.02,146.59,1.95,2.05,71.25,18.49,4.33,31.09,29.36,21.07,100.01,45.27,36.14,46.14,109.39,184.58,30.81,28.58,36.19,131.94,67.7,118.19,140.61,93.32,322.04,56.24,115.16,75.33,278.15,445.41,4.79,12.6,12.15,129.11,9.68,48.72,17.03,32.52,19.19,64.02,133.86,133.48,51.15,65.16,48.76,55.05,89.88,32.48,0,46,94.88,97.77,112.73,94.66,18.07,,0
2806,38.89,427.96,9,3,16877,15.44,62.37,0.07,4.94,309.97,91.53,120.95,86.49,350.7,108.47,179.76,132.76,1.84,438.76,21.86,3.0,33.0,224.04,11.0,33.52,436.96,17.78,288.91,9.55,54.25,38.67,115.69,34.56,151.0,98.59,54.62,451.3,13.49,104.02,263.77,83.55,22.87,89.85,96.08,20.5,45.89,101.98,157.01,133.46,104.04,23.79,25.76,9.14,66.21,63.8,10.12,9.16,25.71,8.72,383.38,66.19,163.67,201.4,85.85,146.14,10.29,26.32,128.07,13.67,73.13,21.42,52.0,114.45,71.79,174.14,0.82,338.3,61.83,4.15,41.15,118.78,249.65,21.16,85.17,176.05,34.69,102.58,261.76,199.35,84.93,252.7,82.84,38.96,1.46,175.76,0,54,105.84,108.29,115.88,100.58,15.3,,0
2807,31.72,175.56,3,3,17124,199.19,9.0,172.81,2.17,41.7,28.13,139.87,10.39,107.78,273.93,45.97,84.14,147.8,56.73,52.21,142.45,69.21,139.17,52.74,61.83,342.17,43.93,42.58,33.92,297.8,45.79,60.5,98.79,209.56,19.25,297.91,1.9,102.12,163.1,32.56,48.62,203.28,35.76,73.26,142.62,10.39,53.78,57.81,20.31,14.92,293.87,15.44,4.26,113.68,280.37,36.98,33.92,106.46,55.43,17.02,534.13,11.26,46.91,6.83,18.91,8.04,179.59,38.03,71.42,43.64,109.2,9.68,208.98,28.06,121.74,8.49,84.04,50.64,103.85,72.74,11.76,250.6,19.01,109.39,109.1,244.86,157.57,13.66,52.26,77.55,58.7,65.83,3.19,214.0,137.37,1,64,94.76,94.75,101.05,88.77,12.28,,0
2808,9.79,826.61,4,6,28673,18.83,3.92,119.41,8.26,29.51,20.06,118.36,137.65,112.07,16.81,77.11,102.17,401.24,188.26,33.63,18.44,104.69,1.3,102.01,6.72,103.26,35.44,163.08,112.07,108.02,68.89,145.48,86.89,29.26,161.54,23.53,23.71,284.65,35.13,28.88,1.69,9.74,36.38,112.16,94.79,0.42,236.87,92.85,48.83,3.9,76.53,32.55,740.72,76.35,1.45,98.63,1.31,399.6,33.88,10.87,24.06,102.92,488.12,230.2,141.37,89.23,405.89,22.76,6.57,155.44,142.43,177.77,3.67,143.47,109.98,50.13,329.4,20.76,138.95,12.58,37.16,7.74,39.79,236.52,33.48,4.0,182.42,20.8,37.82,3.58,104.59,53.69,35.97,59.9,65.87,0,88,98.43,120.59,87.81,91.08,0.0,,0
2809,38.82,478.92,2,8,27035,101.06,231.79,26.03,2.67,48.52,16.72,103.13,269.11,34.09,37.97,1.35,10.78,167.25,113.06,108.15,148.77,173.32,52.22,28.51,177.06,33.7,21.8,36.03,280.41,6.79,16.94,5.52,51.73,275.15,139.19,15.67,121.25,52.8,147.46,61.72,30.66,46.74,207.04,134.27,43.45,44.28,129.07,15.53,31.42,40.0,25.85,70.61,41.56,10.37,188.92,172.56,5.18,48.21,47.94,106.16,178.29,0.98,101.39,344.85,46.76,244.53,185.77,99.89,48.75,109.43,62.8,0.31,143.27,167.67,11.81,25.72,198.72,159.36,283.03,184.54,169.76,191.23,108.17,195.8,91.59,265.26,54.04,49.19,263.26,90.49,23.01,21.65,3.09,20.19,14.77,0,34,96.85,84.35,90.63,116.24,0.0,,0
2810,50.09,360.3,3,8,17903,86.47,45.2,24.07,116.95,54.63,60.93,140.18,17.91,216.3,123.23,0.93,242.15,29.96,20.14,171.27,165.52,70.05,145.18,19.58,21.71,79.96,178.84,80.17,7.89,56.53,39.69,324.73,234.05,62.6,5.33,42.85,2.57,62.65,48.9,31.67,61.79,169.56,189.5,59.32,26.98,319.75,118.12,57.93,264.82,16.97,105.95,52.85,168.98,177.39,85.48,527.22,14.82,27.26,40.97,157.57,57.56,32.08,102.4,40.96,94.88,12.25,123.76,89.27,145.83,37.86,30.39,127.95,66.42,11.12,400.86,297.2,15.73,23.2,50.26,230.69,140.88,78.5,26.88,38.8,87.85,67.69,105.41,45.73,211.7,140.54,1.33,191.76,92.97,484.34,22.81,0,44,104.46,102.42,94.74,113.33,0.0,,0
2811,0.0,380.35,4,5,10603,39.99,23.82,59.12,135.81,5.12,26.54,183.17,69.92,340.09,61.96,5.35,72.17,68.82,23.63,116.5,7.67,243.46,130.8,591.82,15.6,35.57,82.82,38.62,41.67,468.01,38.48,108.31,32.43,205.88,1.73,85.5,165.06,9.59,31.98,16.75,45.43,83.23,9.73,8.09,18.43,129.41,430.1,78.29,621.54,1.01,413.65,54.19,139.82,16.34,9.49,140.72,298.5,245.67,5.48,216.03,108.93,118.64,19.52,82.48,364.22,170.88,6.11,40.1,477.49,57.97,3.91,251.89,48.91,162.44,84.66,39.02,86.27,164.69,60.36,170.33,31.97,111.38,1.14,21.66,121.9,13.14,117.38,82.19,69.54,5.15,63.06,34.47,34.79,140.74,2.94,0,19,110.21,131.39,109.16,89.22,19.95,,0
2812,52.4,434.95,7,9,2169,17.15,39.75,205.93,4.71,50.78,8.38,104.95,38.53,383.7,37.51,0.32,116.28,114.15,164.69,72.28,49.86,2.67,87.26,66.1,104.12,2.37,436.33,150.11,21.89,125.78,36.68,71.04,2.31,164.74,65.87,100.68,94.29,150.97,25.81,7.04,100.65,223.6,8.45,23.5,75.29,128.81,36.67,467.04,129.54,158.14,40.7,65.65,322.87,47.34,54.32,11.99,11.62,165.14,16.09,69.9,8.12,37.69,7.2,9.32,81.82,7.02,64.74,3.67,89.91,126.04,31.88,13.89,13.2,48.6,80.93,148.01,4.59,462.85,37.66,38.56,5.11,10.7,4.99,262.79,56.69,14.53,59.76,576.25,27.64,31.79,65.2,37.24,116.78,72.01,67.92,1,84,88.97,110.9,91.54,86.03,5.51,,0
2813,18.32,547.61,9,0,22868,60.6,21.82,105.04,42.41,72.25,456.08,30.51,19.73,202.8,17.29,112.31,14.76,29.43,9.96,253.88,149.88,17.29,22.52,232.98,43.72,7.98,152.69,16.45,188.25,83.21,77.64,132.59,205.34,51.44,50.0,177.98,3.0,186.74,27.47,170.39,58.12,4.84,126.77,96.69,129.94,130.89,8.42,168.8,220.84,27.26,91.93,5.39,38.59,260.7,27.51,81.35,407.8,19.94,151.36,2.86,73.39,102.39,5.17,0.48,209.41,4.07,82.46,19.4,50.37,25.8,58.25,16.46,69.43,521.49,254.8,63.01,19.67,12.77,241.91,16.61,333.26,14.34,4.58,109.8,83.19,19.9,158.87,76.37,21.67,73.3,11.81,153.52,113.43,33.97,7.82,1,66,95.22,102.63,96.03,89.08,6.95,,0
2814,0.0,924.51,9,6,7351,64.3,23.26,514.86,162.6,44.05,101.99,28.17,135.88,223.7,133.07,47.24,5.6,96.35,266.64,176.3,218.14,265.28,191.29,125.78,12.36,340.12,204.31,186.44,361.71,110.68,79.96,40.61,262.64,126.62,10.85,89.42,127.88,1.45,110.2,196.13,54.73,118.26,202.99,119.31,248.36,39.74,113.46,19.12,72.24,49.28,708.71,111.39,139.58,381.08,161.0,112.66,8.58,41.76,250.18,321.73,123.75,44.36,35.7,214.17,6.28,3.49,51.1,98.31,18.84,57.35,104.69,56.42,26.77,204.87,17.14,16.5,60.42,176.01,132.05,120.55,4.12,52.3,66.83,105.34,29.97,48.75,139.2,41.85,55.6,145.55,66.02,163.65,155.31,62.74,145.36,0,37,124.57,114.54,152.03,80.9,71.12,,0
2815,55.86,133.91,7,0,28581,6.88,26.8,0.55,164.51,37.97,5.18,34.74,96.97,11.08,170.46,81.66,26.32,338.27,30.63,91.01,131.31,33.31,16.87,83.0,38.38,0.18,24.56,155.75,3.77,68.85,48.45,32.54,165.81,24.22,65.83,20.29,73.25,149.23,9.42,207.91,9.58,3.14,69.77,52.59,133.33,32.55,116.68,173.49,5.35,6.75,20.28,33.94,256.57,23.72,27.4,164.49,97.19,482.82,440.98,131.5,30.78,119.19,2.37,229.65,66.26,88.66,83.14,132.05,21.53,72.58,374.58,238.51,70.49,73.97,103.53,139.61,250.78,46.12,14.7,269.95,52.34,225.62,151.42,0.53,13.45,16.88,84.04,40.78,20.18,121.68,61.68,48.46,46.34,353.82,30.32,0,15,93.93,100.65,67.2,108.26,0.0,,0
2816,57.22,631.64,9,3,12296,329.89,33.37,17.08,76.98,211.35,166.21,26.42,52.31,65.5,67.56,29.13,172.79,324.6,177.96,17.04,23.49,11.65,126.9,41.7,153.72,163.96,35.0,70.45,124.5,2.87,255.92,65.98,154.04,38.35,13.51,55.58,171.81,73.77,220.77,164.6,7.41,2.77,75.9,42.67,160.52,186.06,248.06,19.4,94.66,209.5,22.53,58.04,127.84,19.2,22.26,48.6,99.55,16.11,148.77,15.78,18.55,28.23,388.69,182.97,48.49,11.31,5.37,50.11,40.52,111.21,214.24,44.7,93.48,63.7,46.02,17.03,106.41,72.29,24.46,172.18,149.83,32.56,83.48,83.32,347.97,63.1,236.74,167.06,15.04,19.46,218.96,110.26,87.37,95.32,126.81,0,55,99.33,86.54,101.67,97.01,4.66,,0
2817,68.65,318.44,1,6,3807,99.91,121.04,10.33,96.47,175.46,21.21,134.95,64.21,159.57,43.28,40.87,363.1,228.43,128.47,86.27,6.8,194.06,21.6,187.2,163.41,159.42,1.12,129.41,87.52,148.9,107.32,350.21,24.21,41.75,5.1,58.26,118.87,26.18,31.47,50.73,27.83,258.74,211.14,170.25,490.62,102.46,39.11,66.42,56.43,233.37,37.33,148.0,15.81,6.48,131.6,153.94,97.29,121.97,41.55,23.37,116.94,46.5,41.81,42.13,7.33,61.49,28.9,537.25,40.48,77.76,170.51,226.99,246.19,39.5,201.8,47.57,67.01,2.89,45.57,8.49,150.68,215.22,25.47,61.38,74.82,39.68,45.37,208.6,340.32,188.36,51.86,49.75,40.27,148.25,9.29,1,33,109.19,102.64,113.39,115.06,0.0,,0
2818,18.67,548.77,2,8,27007,237.74,248.38,71.91,33.32,282.68,53.2,72.54,18.28,16.65,1.69,10.08,28.91,152.86,3.76,21.81,24.81,279.92,55.6,54.55,414.06,13.78,10.4,24.22,29.81,34.93,91.73,129.33,209.7,205.63,172.92,93.18,21.11,32.55,312.42,68.08,49.98,183.22,17.5,135.06,194.73,47.63,15.38,1.03,51.93,120.32,4.05,159.45,4.8,17.19,26.8,6.24,74.97,180.9,125.78,10.24,31.71,67.11,54.96,142.36,8.73,9.24,223.26,68.61,495.64,462.9,514.42,71.15,356.8,58.12,81.59,253.15,133.01,70.97,37.05,27.28,58.41,30.54,10.2,70.9,22.66,130.98,75.31,94.2,117.13,32.15,44.17,26.51,14.5,43.27,155.27,0,61,100.6,113.43,100.17,126.31,0.0,,0
2819,31.36,272.38,5,7,14430,132.17,137.51,42.92,18.85,108.01,99.05,106.92,74.3,56.18,157.32,44.62,210.45,40.3,25.65,140.65,31.49,36.74,180.3,44.02,84.74,55.68,221.25,293.25,33.11,131.89,93.79,174.91,50.13,61.69,18.08,136.32,57.12,70.93,16.86,32.79,356.04,108.91,81.81,69.13,154.3,156.29,13.03,369.92,95.09,18.37,10.45,1.79,242.24,50.16,38.75,144.46,7.51,46.99,46.34,1.77,158.48,120.62,79.01,24.98,60.6,94.62,87.79,86.62,62.88,16.82,208.16,196.63,28.08,388.17,33.94,12.4,5.69,400.65,93.25,3.44,330.02,268.95,8.67,82.48,87.71,134.29,357.96,110.93,66.28,186.02,226.99,21.22,119.74,46.79,17.76,0,81,105.13,96.08,96.87,126.17,0.0,,0
2820,0.51,790.22,5,3,15534,186.85,156.92,14.91,14.26,145.82,355.43,101.27,0.99,161.29,77.07,129.25,35.86,136.31,5.49,42.73,23.44,0.35,23.73,69.95,23.19,30.36,244.87,97.86,189.57,190.23,112.49,37.33,40.56,21.62,9.91,31.77,237.69,144.45,283.48,374.99,119.89,45.47,37.1,157.63,68.47,65.2,179.09,58.82,228.45,24.31,57.7,145.25,88.24,5.19,7.53,28.98,118.93,36.68,8.98,30.19,243.93,396.54,156.95,12.34,10.28,142.77,35.14,0.26,299.69,131.38,14.8,199.07,14.45,190.16,46.87,239.42,165.49,65.35,191.45,79.55,490.26,27.37,15.41,14.56,6.65,34.17,252.88,78.54,99.1,144.39,91.36,100.61,198.76,58.7,35.03,0,54,106.09,100.91,89.33,115.46,0.0,,0
2821,50.75,743.69,1,3,5332,201.29,177.92,87.77,52.71,114.21,313.17,99.62,58.97,309.09,233.32,26.19,48.24,56.4,111.73,48.93,261.91,20.99,77.53,133.95,71.98,1.36,71.24,21.36,221.14,39.37,182.96,130.81,228.84,24.71,233.64,4.23,124.61,22.41,1.77,131.41,23.86,30.58,178.94,25.54,75.25,53.44,13.36,80.41,338.33,25.63,68.88,128.65,23.32,57.51,19.96,215.02,288.76,54.18,2.51,110.55,60.3,98.02,2.88,120.83,15.2,46.96,131.68,7.12,52.61,9.19,52.04,99.36,10.58,42.89,208.59,1.29,106.96,119.22,31.37,168.12,70.81,69.34,154.13,28.29,72.32,101.81,115.21,2.32,265.72,97.37,61.54,333.36,46.22,105.84,67.18,0,10,97.08,84.99,122.05,89.31,32.73,,0
2822,41.86,553.01,10,1,4412,7.03,3.7,126.83,266.56,20.95,82.38,57.83,97.62,27.49,94.47,25.07,24.32,195.58,283.97,4.29,28.4,225.29,10.74,40.03,179.52,102.17,97.3,65.67,61.96,106.47,77.33,56.39,165.86,63.74,260.4,22.79,4.63,5.39,68.37,69.79,13.6,19.66,141.76,8.1,108.78,61.88,137.48,791.99,110.74,8.55,150.69,8.76,88.02,3.87,9.08,8.41,490.75,35.4,26.87,61.97,175.28,185.73,227.61,644.17,325.12,312.09,70.49,43.54,65.64,23.33,143.99,1.17,5.67,211.6,132.67,169.27,352.66,7.35,208.62,22.7,67.4,53.17,120.47,141.06,313.23,275.85,6.06,147.66,14.17,0.71,145.62,76.7,133.88,9.52,17.05,0,32,112.98,133.94,95.31,109.78,0.0,,0
2823,26.89,554.77,4,8,29425,29.84,57.16,1.68,102.81,27.39,88.55,197.77,26.97,95.01,267.84,169.87,52.97,71.76,39.47,105.98,61.73,110.77,31.54,214.97,246.4,200.19,37.42,142.89,37.19,19.74,175.87,99.75,44.98,93.9,77.72,443.01,54.53,37.87,125.68,92.97,11.45,100.97,193.53,123.2,279.21,67.47,50.4,112.48,108.59,88.19,202.06,22.88,85.5,8.19,49.64,1.7,12.3,114.93,89.0,204.69,184.46,50.65,37.71,66.48,8.21,16.42,313.63,61.52,4.68,97.78,114.64,50.78,84.26,2.13,14.81,139.64,11.22,32.42,30.09,44.2,17.81,108.79,25.69,281.2,37.31,143.83,151.59,333.59,44.73,83.33,31.48,8.85,81.41,18.74,48.01,0,50,93.25,84.63,97.67,81.15,16.52,,0
2824,25.21,748.05,8,7,1122,270.42,22.93,74.05,35.52,40.8,364.63,9.82,109.54,76.67,99.36,418.55,57.25,23.3,48.12,11.2,11.32,32.89,82.93,193.9,154.46,72.07,376.63,47.12,536.44,28.1,73.45,97.14,18.32,184.8,143.74,98.88,41.34,33.34,14.09,233.8,108.77,20.62,363.46,253.26,44.03,52.23,15.91,150.17,83.66,29.47,267.02,117.25,13.32,93.48,16.89,28.2,115.21,211.12,28.9,109.72,17.44,17.66,48.05,137.36,11.23,190.68,12.9,166.18,68.78,130.26,85.8,64.36,82.78,72.08,42.03,24.73,39.25,136.91,116.88,26.54,41.87,20.3,164.34,14.98,70.34,97.22,182.44,177.59,171.55,109.31,774.33,187.57,129.85,142.54,54.02,0,57,112.11,122.05,123.85,119.95,3.9,,0
2825,52.02,316.22,5,6,17815,93.81,142.54,216.89,24.47,43.7,12.34,62.0,17.82,35.93,105.06,39.51,124.64,41.5,125.92,90.24,39.68,10.93,247.48,190.68,89.99,65.78,184.51,107.79,44.4,30.56,131.17,139.8,107.98,114.63,54.83,33.79,35.91,32.05,96.6,278.67,2.7,94.76,135.85,197.35,37.04,55.64,91.47,38.52,13.75,29.77,166.31,285.28,43.11,2.33,148.04,55.24,59.51,130.5,231.09,210.67,154.82,233.76,37.37,60.6,104.48,173.29,66.55,249.35,49.34,36.94,29.54,365.86,9.01,14.99,237.93,87.84,51.43,52.4,99.23,35.64,106.73,262.96,99.74,3.67,117.09,156.26,28.74,252.48,1.73,46.36,155.44,79.58,111.31,60.74,153.27,1,29,100.32,78.88,91.22,106.51,0.0,,0
2826,39.66,367.67,5,1,268,46.43,118.93,62.55,122.89,79.39,32.76,55.55,421.04,88.24,60.81,37.99,125.26,206.17,25.33,216.28,61.45,98.89,34.0,60.09,83.13,114.2,25.46,170.11,98.79,3.39,155.72,108.07,37.94,16.9,23.93,210.8,133.21,136.64,113.86,226.9,16.74,381.88,135.6,108.19,288.02,137.42,29.17,9.93,46.23,126.44,146.17,22.25,36.4,37.51,63.56,12.5,367.62,10.62,645.39,64.93,12.44,62.57,15.2,321.09,50.4,20.21,37.59,17.12,124.14,47.53,97.56,174.75,54.89,178.48,44.01,111.56,97.1,37.14,154.11,37.46,36.42,54.05,12.6,19.6,60.49,122.46,68.25,48.04,62.54,4.31,9.16,94.39,2.22,124.93,224.29,0,56,99.32,103.34,93.06,72.58,20.48,,0
2827,37.65,688.88,2,2,26035,36.56,42.94,115.13,5.53,201.67,17.4,32.23,39.75,59.61,199.77,193.33,13.92,139.22,6.52,68.3,44.15,195.65,38.94,151.72,106.29,140.22,88.5,57.97,56.24,98.63,34.63,162.77,128.02,6.33,182.46,169.08,54.38,27.23,41.02,153.79,37.29,10.54,80.42,17.36,34.94,193.61,104.86,151.45,185.45,47.35,74.23,129.67,1.54,180.77,5.68,8.36,33.83,280.59,189.88,142.74,48.34,23.59,41.42,209.07,60.79,294.19,84.25,34.21,50.54,200.45,89.84,163.7,237.25,53.85,270.94,161.83,13.86,3.78,60.24,109.42,265.05,10.87,39.54,46.3,34.88,54.42,127.4,127.19,117.22,107.06,88.92,97.51,87.49,371.54,17.09,0,25,98.05,79.02,88.81,114.03,0.0,,0
2828,31.26,49.11,2,6,12164,72.28,21.11,231.28,72.26,174.37,202.78,39.31,78.87,6.16,33.61,107.58,124.32,144.97,86.08,59.17,119.51,160.26,9.16,92.59,105.45,10.56,41.13,222.64,49.04,210.74,232.09,50.67,28.79,53.43,140.54,199.96,146.21,95.57,224.17,74.2,29.27,454.38,7.13,58.88,129.52,24.02,15.62,143.3,166.71,112.35,20.57,108.49,5.24,5.8,87.61,177.37,71.09,107.25,17.2,34.65,210.28,77.22,160.77,12.88,250.56,252.69,49.57,75.88,158.17,32.88,108.49,108.36,36.26,118.21,7.3,153.69,60.23,251.82,43.78,51.32,75.06,176.36,152.94,77.13,284.98,16.73,44.6,611.13,137.86,69.17,8.28,54.11,103.63,0.01,108.28,0,41,107.09,96.5,99.36,114.3,0.0,,0
2829,55.4,296.49,2,2,16439,31.17,46.65,110.6,43.45,103.41,114.78,27.43,95.97,6.61,74.07,1.35,59.77,252.51,74.24,19.65,269.07,31.45,86.82,144.15,64.84,29.46,0.04,359.63,66.13,48.54,15.56,47.33,100.2,2.04,174.3,47.29,98.28,46.93,133.53,139.04,108.29,10.23,237.31,115.68,42.84,61.05,162.72,24.73,30.34,14.24,6.2,201.22,20.18,19.71,34.7,5.26,3.47,33.3,14.24,489.56,103.08,65.56,1.59,92.71,36.1,29.97,45.34,87.34,67.27,20.34,297.14,98.39,37.22,141.36,73.22,19.22,19.74,8.07,92.76,10.44,164.5,131.28,306.76,67.09,84.78,36.89,4.87,13.87,335.78,18.35,109.88,96.33,111.09,67.83,31.47,1,85,83.66,89.1,83.37,87.62,0.0,,0
2830,39.1,187.04,8,0,29174,29.19,49.32,6.6,14.18,317.17,71.23,202.49,711.47,333.49,73.22,94.98,61.81,56.71,17.06,3.11,247.87,569.74,40.01,111.8,36.2,61.04,60.02,173.76,9.41,32.74,41.18,83.17,321.82,94.9,186.16,120.69,75.41,141.66,238.82,39.46,52.22,85.81,390.75,66.7,711.0,128.53,114.94,171.07,335.56,11.11,80.32,67.68,63.95,2.04,43.47,5.49,247.32,80.05,57.62,34.79,19.57,97.02,94.6,1.44,6.45,41.84,187.47,20.92,90.15,135.91,69.76,108.04,74.35,84.65,163.73,293.92,29.75,108.1,92.28,1.17,43.76,360.04,148.27,66.52,137.23,53.12,82.16,102.75,57.52,27.46,28.2,75.44,47.01,6.24,52.27,0,55,116.53,135.58,137.06,93.0,44.06,,0
2831,62.88,189.14,6,6,12993,119.55,73.73,27.72,84.67,86.49,62.24,66.64,53.82,21.5,72.88,16.15,216.06,349.61,50.09,35.73,107.68,1.41,118.39,89.5,160.64,67.96,143.24,91.57,8.3,34.41,12.69,49.17,5.79,75.1,690.43,344.03,56.14,60.93,157.47,8.67,43.16,6.65,146.2,22.96,25.47,8.32,103.6,64.82,193.78,314.14,69.17,12.69,80.92,10.11,4.59,246.34,44.02,194.09,4.69,36.15,10.84,13.68,133.63,59.82,5.2,50.59,31.99,125.79,77.33,67.7,51.29,310.5,11.12,55.61,65.83,4.1,264.79,61.52,51.51,21.84,143.77,100.13,17.86,10.62,155.48,59.93,17.91,40.59,312.96,44.33,168.99,177.8,76.47,38.41,285.89,0,30,93.09,105.87,99.77,96.76,3.02,,0
2832,48.46,525.32,7,5,23536,743.42,83.57,61.12,100.58,300.22,16.33,89.81,219.35,81.53,18.25,20.25,19.08,16.32,343.69,86.63,19.19,93.38,64.99,101.29,123.09,78.08,204.1,15.04,444.77,18.98,176.01,105.86,29.18,22.62,107.87,59.61,36.27,31.96,74.23,54.94,146.7,17.94,159.85,0.83,120.42,31.13,3.32,28.16,119.65,45.82,5.52,185.98,435.31,396.46,111.08,8.15,401.15,18.16,212.46,6.75,19.71,32.65,84.54,35.38,156.42,38.33,68.58,81.46,135.53,14.63,51.96,34.48,88.88,42.79,8.77,113.26,63.25,209.76,47.73,193.63,64.27,269.68,92.16,234.06,89.04,28.19,4.2,39.33,90.16,74.18,305.53,161.67,153.51,82.13,22.0,1,78,108.31,121.42,126.82,96.77,30.05,,0
2833,23.64,428.17,3,6,28735,140.35,84.59,70.41,69.87,106.46,6.52,102.48,113.74,105.46,66.49,51.58,10.91,71.75,84.47,52.95,22.92,32.33,162.79,0.12,61.33,176.56,93.37,131.03,70.07,89.3,339.97,82.8,201.49,59.69,54.41,165.89,207.52,185.15,7.06,107.16,16.33,245.56,79.87,160.62,101.31,55.52,213.34,324.16,11.22,99.87,74.13,16.21,139.74,33.52,88.78,106.52,15.56,21.56,59.63,70.82,424.42,79.91,32.25,67.7,31.43,318.37,100.43,57.52,19.7,219.93,0.72,5.56,163.79,208.95,0.73,7.82,16.61,89.85,36.7,64.91,134.53,455.22,33.08,18.02,56.25,126.82,68.99,143.95,191.01,2.37,106.64,40.96,54.79,134.62,9.5,0,80,98.3,89.94,90.54,96.28,0.0,,0
2834,42.72,64.77,6,2,19614,90.62,2.68,68.18,294.82,10.44,44.71,140.47,45.4,3.43,4.71,5.67,36.84,79.65,65.07,42.09,159.01,71.94,17.67,413.48,31.2,12.43,124.04,41.11,220.2,93.61,135.39,116.98,104.62,83.63,35.64,14.38,18.99,98.32,56.49,21.63,218.44,75.07,119.27,70.93,59.54,0.93,97.12,328.73,93.71,16.45,77.26,26.4,197.93,20.99,68.5,369.04,28.36,172.75,207.63,142.12,63.36,59.13,5.54,18.62,88.42,81.56,30.53,122.21,52.15,40.99,113.65,79.23,146.88,83.76,84.37,163.05,0.29,329.82,70.86,15.0,105.59,65.94,1.9,96.54,163.73,68.88,0.92,2.77,17.25,446.56,151.74,35.78,17.41,9.28,43.18,1,83,89.71,91.9,86.52,88.06,0.0,,0
2835,14.01,548.22,3,9,12780,114.72,132.91,9.67,14.5,8.21,60.56,2.93,219.98,2.71,35.31,23.53,1.53,104.69,116.06,46.71,574.39,3.52,150.08,158.44,44.09,138.02,16.28,131.45,5.64,49.67,231.82,19.23,160.36,79.26,21.07,94.7,12.34,87.99,42.38,153.68,169.89,136.13,81.36,33.17,61.57,34.27,54.1,94.47,149.55,352.57,22.36,138.0,18.14,54.98,318.2,51.12,15.26,231.39,50.11,81.85,38.95,404.19,87.61,40.72,92.73,42.51,2.55,132.17,101.07,9.08,20.44,62.12,150.01,37.18,39.56,238.52,49.97,126.02,185.3,68.51,9.46,196.72,195.99,44.27,57.6,298.13,89.36,62.73,249.09,171.68,55.44,317.2,337.49,59.36,91.53,0,31,104.25,102.75,89.24,116.7,0.0,,0
2836,24.47,0.0,4,9,14467,127.45,43.99,3.33,69.22,4.05,246.12,1.58,397.76,49.61,24.8,229.56,69.07,210.28,254.43,242.35,162.23,9.74,84.79,146.62,45.4,318.98,255.55,27.73,56.07,1.38,26.14,105.71,40.88,17.33,403.08,64.96,133.13,113.35,90.67,6.74,93.92,0.08,35.54,53.82,44.11,2.88,97.24,64.64,94.41,222.32,82.83,14.87,45.57,6.93,336.37,179.61,95.84,77.44,264.84,42.89,33.67,281.9,71.51,76.33,52.29,31.12,194.9,207.69,144.97,40.58,168.92,193.21,261.42,182.21,34.54,106.19,3.64,2.65,171.72,193.04,156.47,73.92,245.11,166.33,38.63,97.21,160.95,30.92,25.91,52.55,3.42,146.71,310.99,96.97,168.58,0,84,112.97,97.65,122.51,123.72,0.0,,0
2837,23.38,360.55,9,1,12636,104.66,81.78,101.38,54.47,126.11,26.75,132.26,20.84,26.81,54.3,380.57,134.47,37.99,184.52,94.8,28.97,82.58,157.38,51.61,57.08,341.17,329.81,223.1,14.64,42.93,40.42,23.38,154.82,57.65,87.72,378.03,79.74,139.78,136.06,257.63,42.34,110.45,205.31,52.86,23.14,252.5,142.19,45.29,107.07,169.77,116.49,15.41,157.89,13.75,46.19,341.1,109.87,89.1,300.19,105.44,185.23,32.71,37.7,149.55,132.11,25.47,152.97,32.48,26.35,0.14,23.26,51.87,143.71,73.32,65.78,100.46,339.47,124.99,262.6,160.58,108.66,97.17,53.3,103.07,129.3,35.28,93.78,165.12,41.17,101.68,66.16,265.02,126.35,125.01,46.6,0,79,115.23,90.24,108.5,104.7,3.8,,0
2838,53.53,122.85,2,9,1511,204.47,74.02,16.82,42.07,53.54,71.53,151.82,152.23,100.18,96.49,3.12,143.6,99.46,149.55,29.85,3.28,135.23,113.1,318.27,180.3,37.24,12.45,258.22,11.87,144.43,1.56,16.87,116.78,206.77,205.32,29.48,44.36,140.81,254.34,139.97,41.9,20.42,143.85,104.38,88.23,36.98,10.5,180.15,56.28,358.15,151.02,140.7,6.73,91.77,15.63,355.84,199.91,94.17,241.9,566.94,231.68,237.5,185.09,86.25,173.13,150.94,61.59,182.19,123.49,102.13,108.55,149.49,117.73,107.0,5.17,37.26,49.61,3.88,56.8,25.24,29.06,19.43,59.25,34.69,38.04,47.14,66.1,27.5,225.68,193.83,36.17,9.79,148.41,101.56,292.42,0,19,113.21,97.39,105.01,87.0,18.01,,0
2839,31.34,170.1,1,2,2430,141.81,14.09,75.38,13.59,252.04,123.86,36.2,8.85,53.18,15.19,143.15,89.24,129.99,95.93,82.96,11.15,214.11,527.3,48.29,82.82,19.29,102.47,21.55,107.45,138.14,206.57,18.96,0.95,102.12,6.38,26.35,23.43,162.67,221.88,50.68,14.23,3.94,152.35,107.19,5.06,38.38,117.43,286.46,117.37,10.9,258.4,37.5,60.35,213.98,44.22,298.67,11.38,81.28,228.64,8.72,38.02,47.95,0.41,47.48,27.49,186.43,26.84,25.71,38.42,74.07,149.32,142.82,57.58,140.91,22.52,17.05,124.42,2.01,219.55,143.62,59.24,4.04,241.28,69.22,31.42,150.06,35.87,42.12,195.49,200.68,33.86,134.93,21.49,76.42,72.72,0,33,92.95,89.37,96.1,91.34,4.76,,0
2840,48.29,627.92,6,9,20074,65.19,38.46,112.62,29.7,68.89,42.67,173.43,35.3,3.75,27.02,152.5,2.06,62.26,149.58,101.06,39.84,77.16,49.17,300.12,1.63,129.55,535.38,11.38,5.54,45.53,117.09,15.68,36.4,48.05,55.19,37.65,1.98,48.34,179.61,43.3,34.14,52.47,2.76,1.14,53.65,33.29,278.54,92.74,207.61,44.58,7.14,1.35,105.13,220.5,27.2,52.53,54.46,80.29,366.27,57.89,406.56,5.29,47.14,51.2,38.05,133.0,133.41,287.75,83.17,103.65,165.08,62.8,21.45,32.69,125.48,172.16,33.57,92.95,87.55,171.86,34.3,173.01,40.82,10.28,42.07,177.97,177.14,72.45,3.65,166.88,348.1,90.77,48.73,155.31,38.49,0,57,93.91,97.66,84.41,109.55,0.0,,0
2841,28.83,532.25,7,4,10541,5.5,37.44,24.92,207.76,36.39,16.8,26.93,23.02,51.03,3.6,24.31,150.11,22.85,12.04,16.67,195.36,10.66,74.37,59.6,24.72,63.02,4.41,134.25,59.03,7.37,40.86,250.79,106.21,98.31,154.97,338.19,104.76,7.97,85.1,135.58,93.1,124.14,8.63,66.02,44.75,11.5,175.17,14.42,305.87,93.05,69.57,20.43,166.64,100.57,63.36,102.42,167.58,37.63,270.96,55.62,2.58,25.02,9.14,163.23,62.3,20.43,49.75,75.12,47.24,64.63,47.21,4.79,15.23,51.52,227.18,40.35,66.21,108.44,31.39,96.59,146.36,101.25,166.63,430.42,107.46,151.79,47.05,379.3,28.61,48.04,53.95,21.58,219.35,2.78,47.2,0,38,86.29,86.88,64.78,96.59,0.0,,0
2842,37.24,197.58,1,8,29954,38.32,46.22,102.79,35.92,131.95,49.22,416.08,117.0,4.02,45.53,49.07,61.92,60.24,118.45,10.98,17.33,20.59,116.97,57.83,320.98,194.89,111.12,50.92,126.72,96.41,86.87,5.17,9.69,25.97,79.43,151.54,18.86,171.54,20.56,60.12,211.77,208.88,23.7,68.07,71.26,129.0,91.43,195.36,19.36,69.07,263.47,57.21,10.98,77.15,44.09,53.98,338.77,126.52,358.8,78.3,68.87,412.16,71.88,52.34,9.72,24.54,289.01,42.56,71.14,43.88,146.23,60.37,73.35,32.35,104.48,28.1,4.87,70.49,30.24,5.63,136.19,75.53,136.67,147.83,105.84,16.15,12.32,180.54,17.64,152.41,292.16,99.44,51.68,50.2,114.02,1,41,97.32,91.48,86.95,87.2,0.0,,0
2843,32.09,446.72,2,0,16017,61.23,60.31,54.6,57.68,135.74,352.79,27.48,12.73,105.92,45.89,179.73,28.75,11.76,17.93,109.74,86.22,172.36,172.96,84.43,353.64,296.85,180.23,18.44,14.26,103.78,51.34,471.64,1.27,268.69,121.41,178.4,0.55,35.59,58.13,71.6,37.27,197.12,149.79,120.83,117.87,236.75,119.68,49.57,1.62,152.52,29.01,96.8,77.11,193.19,41.0,157.72,81.65,164.09,1.19,197.14,215.22,158.61,40.48,139.69,149.26,189.21,63.21,44.83,329.04,9.98,170.67,18.53,231.2,238.9,116.27,56.17,2.91,390.59,120.31,11.35,55.41,52.72,244.76,12.59,125.04,13.52,0.38,21.56,13.57,313.16,7.79,0.09,105.15,43.69,4.44,0,10,110.4,101.46,121.99,100.23,21.76,,0
2844,49.92,32.32,10,8,23833,71.95,186.47,42.88,10.15,113.14,36.34,3.24,223.28,76.49,5.28,200.37,147.96,9.33,7.59,93.66,196.11,9.6,40.25,218.67,55.6,37.18,44.96,23.75,218.23,1.55,358.91,29.85,153.89,141.88,164.63,43.57,32.35,71.05,206.6,75.5,108.95,47.97,186.72,110.57,140.9,3.07,21.06,226.71,23.85,244.08,97.54,106.37,113.84,89.61,95.72,150.48,27.77,193.36,27.06,103.36,21.04,214.76,153.97,59.4,46.87,13.62,134.92,305.66,96.91,74.82,54.24,128.88,128.94,54.45,45.76,10.71,37.42,350.62,36.67,22.92,239.75,118.01,44.28,52.34,24.75,190.94,100.28,64.83,58.48,42.7,140.81,165.18,18.76,48.28,3.48,1,65,97.52,81.35,97.44,93.65,3.79,,0
2845,49.86,773.56,6,6,29883,127.04,52.97,63.2,51.06,1.91,11.57,79.61,46.5,7.06,83.54,169.9,135.51,115.57,259.01,67.99,17.85,330.68,183.16,7.14,169.87,49.55,253.26,181.53,93.75,135.85,33.0,9.79,209.77,63.56,126.88,84.8,55.34,64.48,190.73,152.46,12.47,24.84,2.5,30.27,215.71,323.13,6.3,53.67,52.86,140.18,29.03,40.89,23.02,215.99,268.53,18.7,18.63,61.96,200.07,240.13,27.46,57.35,76.03,31.83,22.17,49.5,71.92,35.26,56.44,30.14,164.18,28.16,222.51,87.99,4.86,38.72,72.53,22.42,161.27,136.49,280.64,13.5,9.72,75.56,30.34,10.29,206.24,154.8,110.47,154.75,95.59,32.4,26.82,52.26,17.08,0,14,92.58,82.05,104.6,81.76,22.84,,0
2846,14.42,151.72,9,0,25158,97.45,64.99,36.94,25.31,118.71,133.95,15.64,1.29,557.79,70.64,190.04,151.27,143.14,1.86,165.64,35.8,15.01,46.28,36.95,216.19,128.28,38.15,103.15,104.49,6.86,6.47,66.5,7.64,68.3,63.94,338.34,142.82,19.53,123.2,3.05,247.22,117.33,49.56,186.84,33.21,64.04,92.29,222.97,141.47,247.99,18.17,106.22,3.37,103.07,84.3,79.96,60.61,192.97,254.29,35.64,24.37,101.25,290.73,82.88,45.62,42.08,9.67,108.76,271.64,149.93,196.56,15.08,34.49,27.36,254.15,10.49,31.85,106.84,104.69,11.3,20.73,76.76,217.89,140.99,21.65,185.38,13.92,14.65,18.53,78.44,29.3,69.28,5.55,6.33,143.81,0,52,96.11,93.07,90.62,80.6,10.02,,0
2847,36.38,635.31,9,1,6451,97.22,227.88,39.11,19.0,97.6,15.52,103.0,32.59,265.09,225.06,16.19,72.73,185.47,103.91,132.92,223.46,29.42,38.58,183.17,123.13,316.64,34.0,102.63,27.82,31.93,168.13,0.21,46.99,51.52,4.74,41.44,95.79,9.63,10.9,300.87,2.31,23.15,16.94,36.58,156.29,176.79,39.69,69.73,331.35,186.69,358.19,212.75,9.12,21.02,15.79,75.67,130.69,132.14,28.2,92.31,36.8,35.71,31.62,145.73,160.01,145.22,49.85,10.77,32.68,68.02,155.92,135.45,3.53,1.61,6.83,114.39,77.43,79.71,141.51,204.97,31.75,30.1,16.15,64.23,38.04,162.89,139.78,55.97,70.22,164.91,195.82,11.77,2.66,71.04,11.48,0,73,92.16,83.99,100.52,76.49,24.03,,0
2848,11.57,769.45,8,4,15149,114.72,2.71,39.14,125.53,57.95,278.13,10.27,39.23,91.68,19.04,119.98,14.13,36.05,446.87,78.9,49.45,15.01,288.05,0.04,18.93,49.86,120.81,83.6,14.19,64.35,7.86,6.48,321.46,3.47,91.18,5.92,347.52,92.79,66.08,299.92,408.13,137.6,87.66,21.37,132.12,45.21,8.3,18.04,34.63,9.23,85.31,0.24,265.88,17.37,2.09,260.33,24.1,19.19,31.99,4.99,57.0,106.82,50.82,79.34,93.19,1.87,148.07,155.4,75.12,115.81,96.67,60.01,381.16,10.51,11.67,44.13,103.84,104.09,57.91,151.18,65.93,49.31,0.85,11.67,105.35,176.12,53.46,157.54,19.65,8.12,40.26,34.46,62.89,341.29,37.24,0,47,90.04,101.86,86.97,89.39,0.0,,0
2849,40.47,1109.74,6,5,28202,42.42,156.04,90.34,229.01,278.43,141.58,25.39,67.1,34.25,9.37,9.98,85.96,7.57,114.2,78.89,125.78,158.34,14.91,98.74,194.27,79.95,114.12,59.78,262.54,87.1,50.91,133.19,143.23,170.46,113.22,716.01,115.55,412.48,77.75,48.98,146.38,232.23,29.54,18.68,49.56,119.48,9.06,89.12,256.88,120.93,94.02,20.73,86.03,99.65,130.2,107.07,54.7,229.99,108.37,57.56,65.52,144.37,117.82,3.55,114.15,30.06,42.47,62.36,13.92,32.3,93.81,114.78,190.1,4.09,109.44,98.0,75.75,153.97,226.92,254.16,4.85,6.52,106.85,163.11,34.75,273.64,116.89,53.04,2.47,154.62,13.71,114.07,9.6,71.2,176.45,0,27,109.53,100.58,105.9,93.46,12.44,,0
2850,23.6,485.52,9,2,28130,0.52,152.08,364.71,79.17,4.06,5.86,53.3,31.07,17.18,177.52,160.22,84.12,343.83,112.6,29.14,13.93,11.19,83.16,94.61,53.0,84.4,390.13,19.36,312.09,26.38,78.19,5.94,146.41,7.39,48.91,85.78,334.17,60.62,234.69,58.53,343.01,219.32,93.32,102.51,90.88,434.35,68.05,117.35,60.19,5.16,40.48,43.34,364.51,326.77,59.52,4.24,27.08,9.59,0.21,172.12,30.31,7.27,36.68,62.88,104.07,2.44,57.33,115.83,32.83,58.26,146.09,157.19,14.78,69.96,77.23,54.52,89.63,26.93,29.93,83.08,63.83,118.99,169.3,13.98,167.8,19.74,73.09,33.49,117.06,10.1,21.3,185.05,65.27,67.65,318.68,0,21,100.54,104.24,99.68,82.05,17.64,,0
2851,33.1,333.45,7,4,20630,34.4,301.44,32.19,77.44,81.3,38.55,7.39,30.11,134.01,5.29,205.48,109.82,128.25,64.65,231.42,75.14,45.35,17.87,192.02,37.41,44.19,45.81,8.9,6.62,261.77,50.58,95.02,120.84,181.26,32.5,3.55,111.24,47.26,25.6,59.69,496.85,98.65,364.86,88.39,110.35,103.63,27.69,154.54,172.7,40.32,56.21,110.37,61.3,225.25,78.26,21.99,50.37,27.8,13.15,130.03,10.7,10.69,11.86,21.03,52.48,175.1,201.61,7.85,38.16,148.06,9.77,78.8,138.67,14.92,68.44,147.78,51.69,66.37,270.9,90.63,226.51,6.26,7.56,65.95,47.92,117.62,6.32,44.26,76.54,24.5,7.18,52.28,40.48,16.01,128.27,0,31,87.34,86.93,89.9,79.21,10.69,,0
2852,35.43,299.63,1,4,19929,187.92,2.34,4.84,135.94,5.64,121.81,15.31,16.89,103.82,75.74,61.87,42.94,50.33,0.74,175.13,178.07,43.05,92.62,37.49,37.89,26.88,39.69,49.81,68.28,89.07,32.25,308.56,104.48,51.96,26.05,96.43,11.83,99.7,14.32,74.47,5.79,19.65,54.43,65.19,24.48,58.99,73.93,124.44,181.17,59.2,4.48,149.34,14.09,7.79,18.9,84.25,117.11,2.3,6.67,10.58,65.89,24.59,110.41,126.76,24.27,109.13,39.76,51.68,140.14,190.78,63.75,106.84,11.52,43.99,30.69,32.14,62.79,226.58,65.82,199.08,36.64,1.68,21.45,108.47,29.53,429.87,47.88,17.54,112.83,141.45,13.69,101.85,187.82,14.98,183.43,0,60,74.92,72.22,72.91,94.13,0.0,,0
2853,12.86,809.58,4,4,23790,114.12,15.32,84.73,26.01,11.54,81.04,132.28,235.95,67.93,33.31,40.3,31.74,7.35,79.71,3.67,180.4,78.96,44.42,108.8,8.19,53.53,22.98,36.42,79.75,18.54,43.44,0.12,10.78,62.05,59.19,22.56,73.64,337.31,147.6,118.15,235.62,263.74,82.36,59.78,38.88,137.64,29.95,12.79,63.02,3.75,36.2,28.15,93.92,57.85,76.15,73.67,131.85,41.66,63.74,103.19,48.2,65.49,8.71,11.1,218.25,12.65,189.63,0.27,27.58,77.33,114.55,41.33,3.57,288.52,15.06,120.6,23.6,171.6,153.56,186.77,132.51,20.0,12.02,104.1,23.97,196.61,198.07,35.43,5.97,193.13,18.35,390.68,27.56,74.63,116.46,1,16,82.6,79.47,59.08,99.2,0.0,,0
2854,41.06,567.21,10,4,27540,209.18,133.65,45.24,213.36,70.82,60.45,30.49,10.69,93.65,35.26,16.46,81.49,45.59,38.56,6.49,88.28,118.06,276.58,134.01,133.83,21.51,323.57,294.73,17.31,39.63,29.73,15.73,197.42,25.12,290.54,30.25,32.71,33.68,116.93,75.08,85.54,11.32,0.81,131.75,220.66,262.45,382.89,19.67,2.75,152.47,61.72,56.97,50.54,13.31,55.63,25.95,115.05,55.99,401.74,158.22,33.96,30.76,6.55,226.0,34.13,129.54,20.15,23.63,88.52,143.63,80.11,43.38,8.36,98.76,126.61,67.79,27.54,42.85,201.7,94.26,34.47,101.33,68.66,41.65,107.95,96.48,170.95,105.94,25.05,16.91,36.5,34.04,191.74,34.0,66.26,0,37,92.35,87.74,103.25,77.63,25.62,,0
2855,47.43,683.25,9,5,2804,222.49,33.36,103.43,33.28,76.65,105.7,33.35,451.8,25.65,69.82,175.88,12.28,20.06,46.58,224.07,116.15,245.61,98.68,2.42,305.69,13.87,8.92,182.01,31.34,41.76,22.85,48.4,1.49,34.49,27.79,27.1,15.53,119.41,178.86,202.83,174.15,45.44,348.9,33.23,74.19,18.33,82.57,98.9,274.88,96.14,22.13,34.43,55.2,93.21,103.6,118.47,215.35,33.31,172.54,383.95,156.56,162.26,132.44,75.28,67.34,40.16,96.62,107.72,107.12,3.91,7.14,7.63,44.67,17.56,39.43,166.74,29.79,71.48,199.1,50.86,311.89,69.63,4.33,340.82,230.15,129.4,27.63,151.43,69.89,41.82,237.59,650.91,33.6,87.2,71.83,1,59,109.78,111.85,93.86,114.93,0.0,,0
2856,39.15,458.85,4,8,8472,158.37,268.8,155.13,41.16,225.62,60.28,206.92,44.58,67.56,152.73,32.14,62.32,113.75,6.31,111.37,38.81,193.6,126.29,35.73,158.03,170.71,9.26,32.9,227.6,310.58,21.07,157.24,154.5,62.11,55.21,119.27,193.27,256.14,0.38,113.59,94.1,208.89,5.61,85.38,88.96,196.84,202.95,6.32,20.13,197.89,350.44,45.36,342.85,56.24,111.29,32.1,17.73,97.57,13.17,18.66,36.2,33.98,128.98,232.28,170.94,10.76,54.76,34.73,245.75,48.57,249.77,36.1,3.53,3.05,116.44,9.65,5.22,305.47,2.07,85.8,3.87,147.47,256.57,54.34,47.73,57.25,124.33,29.62,52.12,16.37,86.75,39.76,4.96,347.11,31.43,1,81,104.99,93.35,115.36,83.71,31.64,,0
2857,4.05,925.29,10,0,11599,18.12,15.67,161.32,241.63,59.68,37.22,154.16,32.83,13.24,180.96,89.83,17.56,97.66,31.69,31.21,74.72,43.86,186.43,114.02,114.3,87.23,61.34,329.38,5.97,125.07,22.47,155.72,179.81,122.13,37.58,38.12,103.91,37.2,13.6,538.24,101.86,63.15,12.24,229.95,80.7,91.41,546.86,159.73,72.98,45.93,39.48,201.99,88.18,67.93,27.6,5.45,93.82,227.53,360.42,3.79,22.65,84.83,60.41,88.05,418.06,108.65,145.26,258.33,39.58,41.53,60.28,8.59,17.48,43.15,236.64,54.26,666.11,37.52,83.76,119.15,61.96,128.52,93.27,64.74,70.39,26.97,125.15,128.79,23.06,2.11,47.48,53.87,53.8,118.54,57.02,1,13,108.28,119.19,94.76,99.2,0.0,,0
2858,48.75,684.71,1,3,5451,54.46,133.81,137.95,14.83,148.14,59.18,94.21,33.08,207.01,71.29,90.45,103.12,120.49,8.56,10.03,11.75,28.38,162.12,30.99,40.68,97.53,169.0,143.04,47.37,178.49,12.49,37.9,286.41,63.88,10.5,39.6,123.37,178.94,81.23,41.97,120.05,34.14,88.27,372.74,90.05,52.62,25.85,115.26,170.32,1.28,134.78,179.46,41.06,261.33,79.78,35.24,23.64,80.43,63.95,29.93,27.67,101.26,57.79,49.6,75.28,2.53,162.09,68.75,46.09,24.01,234.57,32.55,14.79,209.94,191.06,42.34,101.53,92.44,174.29,11.68,62.29,269.29,59.81,87.32,89.03,298.35,51.85,48.44,194.6,12.01,259.26,256.12,174.44,214.02,96.72,1,25,99.63,80.1,86.9,119.41,0.0,,0
2859,12.7,30.73,7,4,15242,6.76,28.04,181.9,54.79,171.28,50.59,30.5,7.13,84.8,64.13,54.83,45.57,47.65,117.41,14.78,16.98,133.41,13.03,22.24,65.99,7.66,183.97,16.62,50.26,45.92,165.0,115.9,252.54,51.97,221.34,30.79,218.7,7.93,484.51,99.57,77.48,17.49,272.04,26.4,86.27,238.8,15.44,55.92,85.43,264.4,33.34,35.57,128.23,35.51,150.44,225.86,24.51,18.39,108.52,145.83,120.14,60.09,138.41,179.42,101.69,155.64,411.38,15.04,4.14,318.35,106.99,40.02,91.89,15.3,146.36,50.82,79.52,38.51,326.34,14.72,121.1,20.77,105.47,278.17,152.17,88.18,25.81,43.53,121.65,379.92,100.17,81.71,35.55,203.62,130.95,1,55,105.71,98.31,77.43,123.46,0.0,,0
2860,16.06,227.51,4,9,19534,37.83,11.33,15.28,34.13,316.65,73.48,38.93,109.15,35.2,75.24,28.56,40.17,66.4,275.08,224.25,124.71,59.6,68.78,112.33,32.66,144.96,75.61,416.87,71.03,365.69,98.11,7.39,237.89,23.3,22.75,93.3,115.37,14.42,29.8,100.55,154.9,11.38,173.5,33.03,131.11,79.08,11.24,355.6,9.87,191.41,23.1,66.38,87.84,184.14,185.99,36.77,6.68,47.15,381.98,116.11,72.22,125.69,70.77,7.12,152.06,76.91,59.95,81.88,1.62,221.48,4.44,55.88,247.65,166.62,160.18,157.89,132.32,52.93,347.28,49.85,94.91,17.89,220.37,128.57,108.74,106.03,63.1,13.41,8.94,73.06,88.9,195.99,9.13,31.29,4.47,0,76,103.26,95.5,108.11,99.39,8.72,,0
2861,34.38,0.0,1,4,8318,9.1,48.8,185.38,20.65,381.11,80.28,105.49,49.49,236.23,58.01,77.1,33.75,1.95,49.93,32.74,105.65,181.27,18.18,0.06,38.64,411.2,42.1,257.31,19.17,39.69,49.3,227.45,216.63,10.03,102.22,132.2,248.7,164.41,38.37,36.88,75.27,55.34,7.22,262.79,751.0,6.38,61.55,17.43,163.26,14.26,70.07,1.14,38.91,65.08,57.38,68.49,14.81,184.91,120.0,74.29,17.28,190.73,339.25,24.45,387.68,50.17,37.56,18.45,14.7,672.65,84.67,55.3,155.03,65.75,1.09,3.55,26.24,64.99,10.93,68.98,27.08,130.13,90.44,3.06,165.01,212.43,107.69,125.37,128.43,167.47,175.4,86.02,318.28,9.97,61.97,0,80,110.19,131.34,102.96,104.63,0.0,,0
2862,5.17,331.77,10,7,10988,142.49,200.21,10.38,175.89,4.62,348.37,34.36,140.77,110.36,360.46,50.66,296.34,53.37,100.85,118.25,20.2,64.07,12.45,126.58,30.18,17.85,55.84,30.84,29.33,94.82,157.08,48.73,50.66,233.78,56.61,29.6,227.32,6.8,33.09,73.27,47.51,146.28,11.0,24.56,49.5,40.97,248.31,176.34,34.95,12.38,43.65,45.89,162.83,44.9,126.36,61.53,4.75,7.76,31.46,18.48,45.08,52.37,22.73,38.05,5.62,77.89,26.55,458.24,14.0,46.19,32.37,6.0,53.07,114.61,62.01,2.79,132.32,73.33,73.79,4.62,204.13,100.08,2.93,545.59,54.49,148.35,113.18,50.84,39.69,72.85,126.0,54.41,88.3,99.8,195.54,0,58,90.26,98.05,105.88,102.47,3.42,,0
2863,39.85,730.43,10,7,27228,28.57,42.57,63.51,127.61,7.23,0.16,60.53,134.64,73.44,7.28,175.8,92.28,183.48,434.69,44.46,84.43,13.13,9.48,44.58,122.04,54.66,12.31,335.34,292.77,47.97,206.67,198.89,709.61,62.86,43.84,179.73,4.01,45.0,112.44,39.98,317.88,159.57,157.58,144.47,11.98,81.38,215.82,61.54,469.58,106.13,49.45,11.74,103.21,51.47,37.51,108.61,33.42,47.29,16.54,82.57,148.69,110.21,6.88,302.44,13.08,50.04,51.83,51.97,172.15,243.51,9.09,2.98,29.4,219.96,15.49,508.0,3.56,102.44,55.24,20.91,247.24,6.17,68.61,63.59,63.05,165.91,52.99,119.33,9.07,216.24,19.8,59.56,261.02,37.87,131.23,0,78,111.15,123.45,123.83,101.94,21.89,,0
2864,15.89,384.98,7,1,7129,25.07,117.49,79.74,134.53,266.33,53.74,2.42,119.28,194.72,216.98,363.5,51.14,110.43,47.17,252.25,54.28,74.55,179.33,16.16,75.85,116.65,95.44,46.62,170.47,196.71,63.39,19.41,19.01,44.25,404.58,141.24,306.22,17.28,326.39,333.96,112.84,61.53,23.69,258.36,91.49,0.95,90.62,137.71,128.55,312.88,349.39,37.79,41.83,60.57,78.79,284.2,130.61,134.5,267.74,80.62,152.4,107.24,101.21,183.43,50.85,2.46,16.48,39.43,57.39,23.71,452.09,270.92,134.37,231.87,38.68,26.98,33.21,97.58,92.18,98.02,177.44,19.03,9.91,191.32,123.6,14.75,189.11,119.67,223.69,25.53,95.21,29.08,19.79,44.4,123.03,0,22,122.64,103.05,120.38,100.7,19.69,,0
2865,32.41,207.43,10,8,3347,85.77,39.98,44.11,51.62,118.24,114.04,48.57,182.59,170.63,159.43,19.23,85.36,155.34,40.08,33.23,51.15,111.71,5.37,136.9,263.76,1.25,149.89,172.24,67.42,37.5,6.73,103.71,92.18,288.23,53.45,270.73,20.95,143.51,136.74,247.86,49.54,122.71,208.2,39.46,193.95,9.17,60.57,143.63,8.81,33.31,48.65,17.89,15.57,236.15,115.71,37.31,236.71,25.52,265.04,42.31,92.0,64.81,103.71,20.94,65.28,149.21,202.59,9.1,79.6,36.32,180.46,51.94,197.3,97.47,0.5,9.24,68.74,50.01,57.87,99.7,220.91,155.27,447.48,107.1,29.29,123.45,57.34,196.54,52.7,94.28,220.02,114.0,42.24,61.9,59.29,0,76,102.65,82.62,96.32,109.06,0.0,,0
2866,32.53,916.12,3,9,18997,53.88,69.92,229.19,72.65,209.65,121.99,90.27,56.2,275.33,78.46,142.12,49.89,18.49,221.49,20.64,49.98,164.39,197.58,119.83,46.33,50.59,553.56,108.45,188.4,41.66,359.49,14.23,135.63,121.13,6.97,183.76,26.54,49.76,5.18,231.03,345.0,73.56,4.7,27.64,34.29,66.67,2.18,45.04,70.84,8.76,142.76,51.16,102.43,128.53,27.21,62.46,64.34,7.03,59.07,255.83,48.21,168.92,117.42,21.15,20.68,23.01,370.39,129.79,142.1,56.97,71.4,61.74,55.43,35.29,79.97,90.78,53.66,109.88,36.93,24.5,31.94,25.81,41.01,75.18,44.59,126.94,265.95,86.32,108.55,31.01,99.06,64.74,74.37,50.19,28.93,1,19,97.97,94.13,128.95,83.21,45.73,,0
2867,27.57,426.26,10,0,25805,157.34,24.9,99.93,15.32,108.73,144.8,24.0,43.51,148.95,150.81,17.09,38.4,98.67,14.61,543.0,1.71,29.27,49.73,104.53,160.44,47.56,27.87,114.82,6.2,0.49,257.21,73.01,13.24,124.99,53.92,109.11,78.67,31.2,22.91,73.05,68.0,62.47,32.47,130.72,47.44,180.7,7.2,31.93,173.15,8.6,96.34,58.47,156.55,21.12,101.1,212.83,466.28,44.85,145.83,163.41,19.89,9.84,148.23,165.58,82.47,0.67,95.49,36.3,175.24,108.67,112.24,11.77,90.67,137.28,168.22,116.21,123.49,44.31,130.95,29.88,50.55,0.29,136.94,207.87,72.19,35.09,86.56,536.02,0.58,133.47,42.51,166.85,62.37,71.41,74.54,0,30,96.71,97.72,89.83,101.95,0.0,,0
2868,42.27,627.34,7,6,10223,67.49,214.23,59.19,28.79,18.54,32.98,42.69,0.48,99.47,114.26,136.66,28.44,147.03,147.55,360.63,158.46,95.39,41.28,66.73,87.54,55.25,232.91,100.47,184.87,51.78,172.56,2.34,141.85,10.62,31.3,49.78,23.93,20.21,12.51,40.36,81.58,138.34,3.98,29.49,167.38,194.35,163.32,246.11,23.65,86.57,180.78,50.09,48.36,104.15,76.88,23.26,238.33,211.66,56.17,136.06,46.43,75.18,4.96,75.52,24.93,12.4,50.46,44.05,10.46,274.88,56.83,81.59,58.17,130.85,7.63,296.31,213.04,24.84,7.2,7.28,14.83,221.29,168.6,31.56,98.5,62.12,101.88,94.0,130.55,37.79,465.11,62.52,318.54,113.24,74.78,0,51,98.19,88.78,97.73,109.04,0.0,,0
2869,45.41,563.9,2,0,2721,80.82,55.78,178.52,115.76,35.05,30.49,257.73,183.85,100.48,92.4,81.73,196.32,58.47,315.35,162.14,116.05,49.36,35.57,30.88,37.98,101.5,83.22,28.66,54.66,36.46,4.72,107.97,61.59,266.53,623.18,5.45,2.64,112.09,146.06,57.64,193.02,2.34,63.35,163.81,127.01,29.77,133.26,76.31,43.66,142.04,1.05,74.29,102.72,9.42,5.59,103.44,2.37,33.84,42.59,152.48,126.16,14.81,205.17,21.54,137.45,1.33,134.77,38.34,71.75,64.12,23.68,41.12,39.14,6.01,12.69,137.53,303.22,185.85,42.56,244.5,145.87,19.45,34.37,113.31,116.54,20.53,50.65,14.8,5.28,53.89,138.25,207.24,9.93,109.45,249.21,1,33,95.0,93.4,119.44,87.85,31.6,,0
2870,13.7,509.06,5,4,1417,35.37,150.58,18.95,47.77,631.52,6.29,82.59,17.6,218.44,47.07,40.87,146.48,344.99,25.24,5.41,83.28,21.49,250.57,30.27,13.19,286.69,31.2,6.34,0.74,44.62,97.5,110.32,114.81,36.16,92.08,65.86,119.3,203.8,107.04,91.45,258.75,403.41,19.11,40.76,162.57,42.59,286.83,135.52,29.77,76.2,147.57,136.59,14.54,31.03,387.56,10.65,230.93,93.5,54.64,237.56,153.46,2.39,7.22,8.57,90.89,6.96,6.84,1.13,1.34,186.1,30.27,220.23,31.95,120.03,158.79,159.34,83.32,218.17,37.3,73.7,12.07,164.46,106.5,97.96,123.07,179.75,223.66,66.16,13.25,30.75,45.49,7.75,43.64,117.97,26.08,0,14,103.14,107.65,101.28,86.47,14.81,,0
2871,13.13,452.84,9,6,22012,105.65,52.57,79.32,92.26,116.5,44.03,102.81,9.95,44.1,51.52,15.84,121.66,145.37,5.94,49.14,211.52,295.34,21.44,9.78,167.07,42.4,64.8,152.81,118.14,306.42,59.86,320.17,21.37,151.37,31.34,51.75,68.2,14.29,34.84,113.99,434.48,1.65,269.25,40.2,48.35,8.58,212.91,43.15,192.27,121.22,20.94,67.75,18.46,224.89,115.99,1.42,83.87,239.81,30.89,58.69,140.87,203.64,21.74,24.36,95.75,4.87,259.98,416.53,55.91,8.4,114.22,39.74,211.72,27.42,50.9,33.02,891.36,333.03,0.46,116.49,19.42,70.66,322.22,32.51,141.52,333.41,190.83,166.81,29.57,418.84,27.2,111.52,34.87,114.5,103.42,0,89,118.84,133.26,100.35,156.04,0.0,,0
2872,35.07,503.14,6,2,26352,42.74,46.38,181.02,125.15,17.72,16.23,76.08,161.28,35.9,19.23,183.74,128.13,92.23,104.04,2.88,20.87,26.11,114.85,92.98,95.24,50.2,43.85,67.88,147.59,81.21,82.53,18.4,98.64,68.94,52.53,124.66,68.52,155.57,45.82,47.64,77.95,26.85,47.45,13.64,38.29,122.12,10.76,295.03,15.71,91.51,118.71,15.65,199.0,62.07,117.41,28.05,117.77,147.63,48.92,116.31,65.29,140.02,106.0,136.98,64.61,5.37,225.46,11.76,18.94,8.04,124.54,132.69,36.64,163.21,7.36,169.52,223.61,503.47,77.11,133.25,36.95,208.31,58.04,26.6,69.81,11.96,109.51,73.71,37.55,173.67,52.35,228.87,118.46,31.15,52.22,0,32,89.9,75.93,76.49,104.34,0.0,,0
2873,14.66,833.48,9,0,14764,3.62,140.36,115.72,65.65,178.55,136.42,19.96,14.01,35.56,185.55,185.07,20.12,63.63,160.49,1.63,42.72,91.46,20.05,45.39,200.22,80.25,56.32,56.07,206.73,90.48,162.0,100.43,173.47,119.32,41.95,124.41,102.3,72.86,126.15,103.73,3.65,41.44,4.45,68.11,38.59,37.63,119.93,183.06,170.9,128.59,191.54,127.44,122.33,133.62,156.12,110.43,18.1,145.39,59.09,85.45,87.9,38.31,258.58,18.23,104.43,456.4,345.84,7.57,103.08,168.66,122.18,33.83,200.98,427.53,29.17,43.22,11.65,110.64,100.45,81.13,83.35,219.95,39.98,83.91,77.05,27.47,68.87,67.7,655.31,71.4,42.99,34.5,9.44,35.51,54.59,1,81,106.78,101.32,93.77,127.14,0.0,,0
2874,28.05,178.32,4,1,22784,151.59,20.28,62.98,6.98,50.84,210.15,338.85,33.85,34.47,174.41,12.33,12.95,151.91,47.06,84.37,91.25,8.43,37.68,44.09,201.24,166.42,36.71,193.15,212.78,188.26,44.68,106.81,82.53,349.16,74.77,102.26,86.52,80.46,55.36,184.0,104.06,27.44,41.12,9.76,4.29,39.21,171.79,201.95,41.83,57.37,9.41,594.27,350.66,132.71,58.42,50.38,31.18,304.83,137.19,83.61,76.55,77.99,32.06,4.7,58.14,49.9,12.32,80.02,103.66,26.94,148.88,3.13,100.5,29.84,271.15,24.81,92.6,59.18,265.3,35.36,75.2,139.95,33.08,21.39,159.55,18.81,73.77,40.28,48.1,10.56,25.81,154.43,61.66,5.74,11.75,1,35,95.82,98.02,107.7,72.79,34.91,,0
2875,18.17,649.22,6,4,199,57.84,116.62,62.7,89.46,0.16,181.52,79.75,243.36,31.79,381.95,91.83,290.07,143.05,13.34,105.58,277.47,107.36,84.93,170.19,85.67,266.19,19.97,22.68,4.22,74.86,44.31,113.97,114.81,293.41,6.71,36.3,242.49,33.75,172.34,274.75,25.66,343.98,193.75,122.54,253.92,1.54,260.16,32.91,47.19,288.74,82.88,41.38,24.55,41.02,164.61,155.65,92.07,89.74,53.98,55.38,148.01,278.73,107.42,59.85,50.91,19.2,27.45,42.17,105.59,254.61,13.53,301.88,271.63,20.06,49.49,186.18,62.6,18.46,64.82,93.33,72.08,110.51,32.96,24.1,7.03,26.9,612.39,228.07,57.42,4.4,4.54,5.72,296.14,89.2,184.44,0,68,118.21,110.66,119.19,109.56,9.63,,0
2876,14.07,399.68,4,9,20699,87.89,141.26,86.63,77.13,148.69,55.68,90.25,323.26,4.86,18.72,176.85,213.89,40.07,19.4,87.73,7.12,137.67,89.19,78.25,92.33,8.81,52.06,69.86,142.16,66.12,3.69,17.62,12.55,10.72,139.8,85.15,66.77,254.52,280.45,29.99,97.99,38.81,5.65,71.46,24.51,233.66,22.16,14.8,44.24,50.69,50.29,104.21,149.57,123.03,149.79,115.13,33.58,79.18,117.57,90.87,76.67,42.15,6.59,54.6,58.31,57.58,13.75,73.03,2.39,17.56,219.14,34.37,159.9,92.27,96.46,12.15,8.07,113.96,8.18,20.71,14.01,49.78,17.74,170.07,149.54,14.9,143.44,131.98,110.28,22.87,133.07,13.19,45.08,56.04,283.34,0,22,81.75,70.35,83.34,76.16,7.18,,0
2877,38.12,364.46,3,3,6798,5.05,12.11,214.76,49.56,4.46,164.72,35.94,30.88,27.66,63.32,71.9,115.4,208.47,159.09,134.59,12.69,67.55,36.7,33.36,12.94,2.74,15.26,324.05,103.34,10.39,251.89,86.62,227.92,18.01,23.76,16.86,40.45,34.4,164.61,338.64,1.37,122.49,41.85,39.09,56.09,84.97,207.76,58.68,33.94,154.28,93.47,56.54,76.08,181.18,146.38,7.25,1.51,56.61,99.14,235.11,273.28,10.49,17.07,64.86,15.48,8.58,25.67,292.08,217.48,2.42,64.6,0.3,68.41,308.21,162.03,21.02,26.38,7.94,287.41,167.15,139.35,113.63,6.73,277.48,282.57,2.5,11.98,50.55,23.56,114.75,76.6,55.29,61.45,141.58,15.96,0,17,92.1,91.34,84.17,101.12,0.0,,0
2878,39.79,250.74,5,8,4941,101.55,48.72,113.84,91.69,6.02,319.93,3.1,101.34,104.29,93.49,196.38,28.77,23.11,16.19,5.2,226.91,260.33,196.95,37.09,75.33,231.33,239.35,185.63,19.38,42.79,2.15,222.44,372.76,30.83,203.6,25.02,146.06,10.45,309.01,69.24,102.65,46.72,100.27,55.87,33.04,25.51,1.61,91.64,161.67,110.0,173.02,45.49,28.02,34.71,5.83,66.75,92.09,9.68,127.72,37.22,76.78,4.59,17.88,19.89,226.72,7.35,5.67,43.83,162.73,109.84,14.38,76.48,40.18,18.38,26.7,42.46,57.16,128.12,85.48,37.57,105.02,16.41,7.18,16.58,127.34,39.63,15.69,1.39,11.31,106.41,110.23,52.75,283.76,440.9,173.9,1,50,91.34,91.85,120.02,78.83,41.19,,0
2879,32.99,489.16,6,6,1408,37.89,140.82,83.1,1.45,4.46,32.17,47.7,273.6,183.3,123.89,14.36,103.87,64.13,105.99,37.71,50.47,36.1,59.56,180.35,182.84,222.9,4.61,283.75,131.11,43.92,53.26,8.63,135.9,161.17,441.8,107.32,114.36,45.86,42.11,10.3,206.29,5.0,123.65,143.73,29.21,29.51,18.68,21.38,13.94,70.22,48.14,11.43,192.07,12.51,88.82,357.59,60.72,69.89,4.71,40.49,70.61,230.11,16.17,22.44,57.73,297.3,42.07,1.96,252.79,74.26,203.6,125.16,98.26,177.19,101.09,208.74,109.79,155.1,11.24,50.87,93.72,31.3,162.82,41.53,67.36,6.68,105.82,212.39,218.17,476.86,60.11,124.02,17.84,20.19,4.38,1,10,100.76,96.66,108.36,118.42,0.0,,0
2880,17.28,228.52,9,5,25580,79.94,173.77,120.2,37.04,133.57,39.84,93.99,60.83,204.14,26.16,21.73,111.01,39.5,108.11,27.18,7.88,27.69,41.05,285.86,223.13,61.88,14.45,3.26,144.8,45.85,33.91,8.97,50.23,204.71,54.5,148.0,47.56,13.42,122.54,146.86,26.38,73.68,91.0,80.0,75.35,24.09,107.84,83.05,235.14,118.02,29.2,57.68,68.97,162.55,192.42,21.37,120.65,128.35,135.75,133.97,15.37,34.79,108.3,196.18,152.52,4.54,358.68,23.1,32.46,41.3,132.61,119.6,444.89,94.36,68.83,0.44,34.67,21.35,111.18,68.9,135.32,13.7,42.13,185.05,58.82,14.19,128.29,41.33,42.07,29.73,3.92,691.92,40.59,121.19,231.2,1,15,97.47,101.15,82.84,111.21,0.0,,0
2881,36.72,644.77,1,1,7151,148.99,103.87,13.56,35.76,145.09,94.62,73.21,67.16,344.2,17.92,118.56,8.01,55.78,77.85,161.18,4.59,41.07,85.97,63.93,85.24,18.34,41.82,260.0,38.59,130.64,5.78,70.42,11.48,5.39,102.94,56.9,106.22,90.37,62.89,51.81,81.33,328.0,7.54,67.83,61.52,313.75,37.59,81.86,81.8,32.19,20.08,50.53,98.64,128.89,174.55,192.01,2.22,35.73,132.57,176.99,18.23,103.56,255.14,85.04,158.83,40.75,120.04,132.75,154.36,68.99,71.88,172.55,128.67,427.49,78.35,190.81,11.6,65.24,127.61,13.38,6.71,74.63,238.39,115.03,4.41,36.65,17.12,8.47,106.85,106.29,30.29,9.85,312.5,16.93,124.65,0,49,94.89,85.16,81.07,100.44,0.0,,0
2882,39.63,233.06,1,3,2434,241.14,322.88,77.32,55.77,183.36,237.07,101.3,156.3,209.99,102.3,144.44,60.77,113.99,100.58,33.43,34.3,121.79,129.37,153.6,0.92,262.75,227.06,67.0,10.42,58.92,15.23,5.85,22.39,32.36,154.41,13.27,124.27,81.47,56.38,32.97,51.13,32.88,13.2,245.0,25.67,31.19,92.26,108.33,3.65,697.9,20.1,43.66,140.16,12.83,198.47,91.78,357.48,183.79,96.79,26.96,15.42,89.43,60.81,11.53,286.55,4.92,40.18,154.85,4.78,292.66,109.12,269.95,29.15,22.86,9.61,1.97,135.95,179.29,32.14,39.0,417.96,18.35,5.0,2.14,118.61,12.99,62.95,56.61,141.63,29.14,57.68,429.67,48.22,189.41,67.82,1,53,107.41,115.74,114.57,99.49,15.08,,0
2883,27.08,55.43,2,8,8461,315.29,53.44,6.63,50.61,20.35,231.95,39.24,47.61,2.04,13.33,143.09,338.84,73.26,225.85,20.12,288.38,109.37,49.89,174.5,67.92,23.52,20.57,79.81,93.11,82.52,195.86,81.99,103.11,34.71,64.46,58.74,62.3,46.34,9.06,82.84,54.56,137.53,69.22,61.26,0.99,270.45,131.06,12.66,64.31,64.16,19.35,132.65,130.87,18.49,44.17,6.43,87.31,80.04,249.43,6.41,117.83,15.23,15.23,27.71,242.04,83.67,67.19,55.56,51.31,99.36,128.13,198.26,163.0,29.08,143.71,14.26,44.62,103.08,189.7,36.67,43.34,290.44,283.31,139.24,221.74,14.34,11.88,92.0,132.92,24.31,29.73,118.85,110.31,62.36,29.39,0,50,93.13,81.6,101.71,100.39,1.32,,0
2884,23.47,396.77,6,4,9687,78.06,75.69,23.54,18.31,136.45,151.08,76.13,83.79,26.13,78.49,52.79,62.73,7.68,78.82,71.29,60.96,121.8,179.94,335.04,13.11,9.57,134.78,334.93,19.38,61.15,77.35,54.75,45.09,36.57,122.29,103.29,12.88,61.0,91.28,43.15,51.16,224.67,116.8,74.91,96.3,424.31,189.7,2.24,304.98,30.34,45.14,41.77,136.86,4.29,15.81,34.12,47.56,19.54,170.12,162.56,122.36,144.09,5.95,110.27,20.29,143.25,43.61,237.02,344.02,46.52,13.45,175.93,33.21,28.05,4.8,32.17,18.8,7.58,363.06,107.39,18.93,92.05,93.53,53.51,97.85,301.44,13.78,10.99,91.45,142.0,80.54,35.76,17.69,65.63,218.15,0,72,94.08,91.51,87.59,97.74,0.0,,0
2885,34.53,173.25,8,3,22752,37.29,14.44,242.86,73.08,162.73,2.07,38.36,23.18,426.99,131.26,136.74,219.71,77.0,35.54,382.08,48.34,10.29,88.46,54.39,18.45,30.53,11.33,4.5,269.49,52.25,10.33,0.32,65.69,36.1,140.38,155.53,361.37,527.32,21.96,32.72,101.55,134.73,95.8,75.77,168.72,32.03,246.63,177.12,9.6,55.8,74.67,25.13,178.67,206.36,140.74,94.87,49.09,43.9,108.23,334.13,341.34,18.71,13.39,290.39,36.63,157.28,117.52,10.89,161.55,108.51,45.79,218.43,47.48,93.78,95.41,87.01,77.72,533.86,46.0,106.43,15.83,28.56,37.64,42.46,234.76,39.87,57.29,103.41,189.99,41.73,197.64,82.16,27.5,232.01,22.77,1,47,113.98,114.27,94.81,108.71,0.0,,0
2886,39.86,370.95,10,5,14877,86.84,13.14,118.19,11.25,37.81,73.77,5.35,6.52,147.5,122.12,85.01,201.6,74.28,10.04,142.25,81.85,55.82,260.24,29.25,82.62,93.37,31.93,305.12,316.75,100.83,418.72,108.53,68.55,24.32,46.14,30.75,359.83,47.05,55.85,140.44,71.01,21.45,5.35,9.39,0.94,3.86,51.6,31.53,160.45,0.43,59.33,3.95,2.41,122.6,90.17,233.19,99.16,123.94,80.67,37.28,89.59,3.04,14.96,20.9,436.42,28.8,66.34,186.13,165.31,105.83,20.86,150.38,54.44,26.87,40.15,226.99,205.04,4.4,242.64,25.56,51.09,30.25,71.16,190.9,79.06,11.64,24.53,16.63,224.73,52.57,35.67,337.76,171.61,163.81,10.4,0,61,95.43,97.39,105.32,100.72,4.61,,0
2887,31.39,1162.97,10,3,10654,22.76,86.56,67.76,104.85,60.86,34.63,85.82,21.6,91.65,108.65,34.15,124.2,125.02,237.54,141.74,101.2,176.11,50.47,96.8,112.69,56.59,26.46,15.81,8.32,210.26,314.66,19.62,32.8,70.21,142.88,177.76,63.65,34.12,5.44,213.08,233.39,12.91,256.46,102.32,57.94,6.41,15.3,102.01,118.67,66.21,69.2,55.33,27.14,29.42,243.66,88.36,171.54,104.41,187.75,9.57,151.52,242.75,105.82,92.5,13.03,31.57,177.86,67.76,104.66,7.77,96.43,9.88,5.81,52.77,42.83,6.03,171.24,198.29,3.9,85.21,613.86,26.94,30.21,0.87,102.71,37.88,73.66,88.38,14.99,25.9,113.12,257.53,23.8,229.13,226.82,0,28,97.42,92.94,92.76,97.59,0.0,,0
2888,59.47,580.68,9,4,26638,82.53,370.06,3.89,76.78,36.8,128.66,20.68,32.1,88.32,32.74,22.87,34.54,146.62,41.09,27.27,4.89,219.82,149.15,1.49,13.05,133.05,117.35,26.68,7.68,142.89,15.44,212.38,65.42,13.66,300.09,48.37,70.43,13.2,314.63,79.48,86.13,6.85,55.35,6.72,68.82,81.68,11.8,180.04,192.67,19.1,3.92,53.34,111.64,152.49,158.97,39.87,4.9,5.99,67.66,26.12,20.22,13.88,23.8,65.2,100.81,115.21,53.78,75.74,80.8,139.8,54.62,64.35,125.06,233.73,22.74,329.33,17.75,214.73,121.83,186.87,34.92,41.78,14.86,60.35,16.97,36.62,35.81,144.58,41.85,19.76,157.49,16.19,45.25,73.01,10.07,0,21,80.42,79.71,85.6,86.19,0.0,,0
2889,39.58,372.76,4,4,7422,42.67,177.67,100.75,18.31,95.16,29.99,117.82,3.59,193.49,111.82,160.64,41.23,8.37,39.38,95.25,11.85,14.63,73.73,255.46,85.86,48.38,234.66,135.99,264.11,98.67,6.42,215.86,135.25,10.93,86.69,269.26,59.16,17.6,219.08,4.23,73.02,15.13,69.61,128.3,68.21,108.78,117.51,83.35,481.49,51.09,133.2,28.46,122.32,89.16,2.22,88.3,10.99,13.63,52.07,144.72,98.78,295.08,413.86,16.54,111.03,81.16,200.51,196.95,191.47,59.45,38.14,268.96,122.77,114.53,2.28,408.65,36.83,14.98,66.37,29.46,111.77,42.59,98.49,107.54,149.96,37.05,2.95,6.29,80.27,619.94,4.52,98.23,32.74,5.57,61.43,0,32,106.59,109.7,97.16,109.73,0.0,,0
2890,36.54,301.01,8,1,7788,38.15,210.74,0.39,24.66,30.15,78.5,135.57,43.87,335.51,19.4,3.03,2.79,136.18,29.71,69.13,97.28,159.55,77.19,74.04,8.17,5.89,235.83,178.89,75.47,161.61,26.94,35.81,49.73,80.87,11.14,136.84,90.93,56.63,129.75,66.33,37.32,292.33,169.5,104.49,36.18,40.1,93.57,43.96,17.79,102.36,233.32,8.82,81.4,24.81,106.37,43.6,24.83,3.04,19.32,17.2,91.38,33.1,7.99,134.34,18.61,103.2,102.78,148.3,59.18,61.47,147.88,106.71,2.36,40.98,214.15,8.3,144.64,38.31,7.14,164.81,59.74,213.46,10.98,101.42,72.87,68.57,56.04,154.05,137.63,412.16,71.57,44.15,201.54,115.31,23.75,1,82,86.62,77.96,81.21,103.11,0.0,,0
2891,46.27,635.44,1,2,17344,0.81,17.22,145.53,82.92,83.18,24.16,40.57,46.0,198.47,208.63,160.44,114.86,105.77,52.09,5.47,0.01,95.92,200.94,140.72,208.43,42.34,243.05,54.11,7.67,58.91,37.73,210.41,32.75,29.41,106.57,68.55,71.31,58.76,35.11,19.51,193.03,50.65,7.11,265.43,35.58,83.76,114.25,42.61,43.59,18.33,21.11,172.92,38.2,13.8,104.33,4.92,60.13,46.34,20.03,114.38,11.79,143.96,254.31,40.19,44.98,62.95,13.24,147.55,184.86,101.12,106.8,126.21,128.24,127.97,108.86,161.06,28.72,121.58,81.59,107.16,206.55,227.59,58.41,68.74,61.71,67.42,382.29,32.4,69.94,14.02,239.65,66.74,198.39,330.56,0.8,0,17,95.41,79.78,91.84,121.1,0.0,,0
2892,43.45,717.76,9,8,5637,64.7,49.68,75.17,32.46,51.23,11.42,56.75,23.75,160.33,3.68,36.07,137.5,70.51,14.46,65.5,45.0,35.88,133.95,10.67,91.59,8.37,91.53,76.31,137.88,8.5,21.63,20.24,378.54,127.0,122.81,3.3,85.92,40.94,34.78,109.53,117.71,24.62,136.87,2.18,235.63,0.7,90.25,37.17,44.99,141.88,3.39,50.16,2.79,9.9,24.76,14.45,217.95,6.06,2.79,30.54,6.01,101.95,224.44,216.55,51.52,133.6,97.76,78.64,67.77,114.79,42.97,206.84,14.35,0.2,8.43,43.06,233.14,22.55,79.93,103.79,42.41,48.05,96.54,87.55,283.28,0.47,5.54,100.12,117.24,642.93,129.83,189.39,2.44,176.01,100.26,1,30,83.36,94.03,72.1,109.0,0.0,,0
2893,38.1,537.38,8,0,8755,18.05,150.54,194.57,47.19,106.03,57.35,14.55,103.16,67.59,95.95,17.17,217.84,17.29,78.63,36.03,5.4,90.88,83.76,79.88,10.69,88.78,241.79,19.03,26.83,221.86,18.13,4.98,3.57,4.17,6.3,35.05,195.86,15.27,52.53,241.76,75.63,110.32,74.45,18.4,186.84,89.96,2.09,17.14,101.42,34.32,252.34,7.76,3.74,82.86,6.9,139.15,77.21,56.11,71.09,100.28,102.22,104.57,28.72,60.59,44.21,79.7,21.86,123.31,23.24,79.02,11.86,94.32,19.42,13.04,68.7,238.32,169.01,173.8,67.5,60.94,65.57,157.68,0.61,255.14,13.45,32.26,34.37,29.22,64.37,83.82,64.27,37.5,58.68,93.41,38.37,0,53,75.44,66.74,70.93,75.76,0.0,,0
2894,28.56,419.83,2,9,19934,358.06,73.03,21.72,11.82,9.64,65.73,198.66,147.47,97.04,57.43,113.69,1.25,66.8,36.57,279.65,9.87,6.07,223.51,86.32,53.21,63.12,21.81,23.83,25.69,12.92,87.6,2.5,142.23,53.64,327.49,149.13,33.82,93.56,15.13,7.09,165.56,250.45,39.65,18.21,320.36,14.87,175.73,77.02,184.85,103.83,89.94,56.19,72.77,16.06,41.06,114.4,111.98,41.28,27.22,27.15,27.8,48.26,55.51,325.05,250.92,212.3,54.23,125.01,28.05,374.04,7.51,65.32,58.05,132.46,111.93,305.6,108.14,24.11,10.0,41.81,53.19,53.59,47.96,2.66,480.51,141.38,31.02,30.33,98.72,1.22,63.32,161.19,6.47,123.38,73.41,1,59,96.22,99.01,89.28,100.9,0.0,,0
2895,24.41,0.0,1,1,20190,62.59,55.15,24.18,18.96,216.75,6.89,26.99,77.8,19.06,68.01,161.58,22.58,49.28,75.55,125.78,98.79,6.13,146.64,56.11,4.83,22.4,121.09,7.34,9.42,55.54,165.31,76.22,106.85,165.64,38.82,438.46,49.04,57.0,339.7,38.46,150.87,8.43,15.51,80.13,185.04,130.04,32.43,49.74,27.3,141.68,657.68,2.46,17.23,371.87,200.27,30.4,1.47,288.19,99.86,172.62,14.95,158.66,37.61,68.99,18.33,248.8,7.92,80.04,3.1,368.08,0.5,80.37,59.92,1.63,86.68,22.1,8.79,43.55,131.08,78.3,41.51,181.63,39.24,65.12,70.78,11.44,57.51,238.47,152.78,184.6,60.66,56.85,68.95,14.46,5.53,0,46,93.86,108.52,69.74,82.35,0.0,,0
2896,39.52,682.92,7,1,5358,21.3,152.63,15.52,45.92,104.25,91.86,96.91,100.33,177.86,143.31,30.27,266.55,54.51,56.99,163.36,7.7,166.44,31.92,16.35,66.53,398.69,114.22,14.32,142.33,289.23,330.86,6.76,300.29,2.22,138.67,35.03,95.19,28.15,18.61,24.42,9.1,135.59,82.48,5.79,275.02,77.88,232.55,205.7,148.88,186.9,206.19,304.92,52.35,141.57,160.32,62.98,132.02,71.32,180.32,359.79,187.26,156.52,170.17,69.32,13.2,171.07,275.46,57.34,26.43,79.76,142.3,4.54,105.7,225.53,289.16,56.16,151.91,59.92,109.56,15.18,167.17,22.28,0.92,61.4,94.12,13.29,78.22,69.43,201.69,125.83,141.2,14.4,321.13,96.35,92.6,0,40,118.31,94.43,118.27,109.0,9.27,,0
2897,42.21,781.02,1,0,12104,157.62,7.94,35.76,65.79,165.73,90.5,9.95,146.02,70.45,42.07,75.78,98.32,159.06,37.52,90.01,9.4,22.88,6.37,66.53,142.24,136.31,18.51,106.63,177.45,64.62,266.98,237.63,10.09,90.84,145.98,82.9,192.54,305.99,311.47,96.83,17.86,112.05,105.77,86.56,161.19,158.3,103.14,140.11,43.4,14.99,11.35,39.88,15.33,513.91,44.84,197.7,122.71,40.64,45.15,52.02,6.39,17.8,154.08,84.15,136.45,89.81,197.28,23.27,39.11,24.8,18.54,98.0,71.22,5.08,269.03,24.32,169.4,90.13,135.46,56.01,71.74,259.27,251.85,35.48,101.69,56.75,70.21,26.54,149.31,92.84,90.72,57.61,125.65,12.59,188.76,0,57,100.81,85.78,91.83,96.75,0.0,,0
2898,36.18,324.08,1,7,18260,25.96,82.56,204.53,0.78,65.74,210.9,158.3,32.62,46.16,42.38,143.54,78.22,33.9,150.65,110.75,321.91,89.66,135.89,1.15,150.92,14.72,222.85,108.94,69.4,7.67,14.6,241.5,11.94,120.16,48.09,88.41,509.76,293.31,1.53,124.98,11.24,62.62,108.03,222.76,55.3,44.47,88.86,177.54,8.86,80.7,44.76,22.57,132.36,50.81,16.4,242.64,30.77,29.39,55.67,29.18,44.07,44.77,101.89,31.14,103.56,85.74,15.99,237.56,31.29,55.94,25.93,35.03,215.42,49.74,3.6,278.04,246.8,189.6,121.41,34.98,82.22,0.45,10.63,278.62,29.29,13.98,31.78,62.71,48.49,111.65,107.17,28.64,32.22,211.81,60.04,1,57,94.91,91.33,98.21,91.23,6.99,,0
2899,33.04,136.52,7,9,22723,16.19,4.5,305.76,61.49,8.82,99.47,16.08,26.74,1.23,65.38,107.43,38.95,13.19,26.98,216.66,16.39,79.11,126.64,81.42,37.98,91.48,8.58,94.72,253.11,29.36,195.09,94.21,23.19,58.1,138.29,34.92,55.68,112.19,79.88,194.64,64.55,204.49,107.28,97.18,131.44,137.7,208.05,82.91,78.05,241.34,23.01,279.89,21.99,63.23,26.4,189.07,133.0,213.94,7.03,441.2,211.59,103.3,96.52,248.76,203.1,355.95,55.91,177.21,371.19,38.36,4.21,2.01,11.99,40.51,745.43,3.56,65.46,75.97,122.41,6.08,51.64,254.35,111.13,157.12,116.67,44.72,263.37,191.71,198.36,48.93,35.27,52.73,120.03,37.38,13.09,0,46,113.35,115.27,77.88,125.76,0.0,,0
2900,33.31,395.59,5,8,13425,134.87,256.03,59.27,61.8,103.38,12.21,103.78,39.06,91.32,175.86,22.09,4.74,49.43,42.84,25.9,234.76,275.51,163.3,232.11,97.7,186.92,162.75,8.76,26.37,198.45,98.05,40.74,24.23,75.89,36.64,7.18,97.21,14.32,93.24,25.56,145.6,65.63,0.63,127.44,252.19,31.92,45.03,232.86,17.03,88.32,110.13,225.68,34.51,42.01,46.03,194.76,3.23,60.49,10.12,26.02,20.78,100.22,46.27,43.92,145.77,180.54,19.66,29.52,8.92,252.9,95.34,8.62,40.44,129.95,203.6,65.94,45.02,13.88,6.25,23.5,34.76,133.29,19.75,21.85,501.95,92.58,73.8,37.82,32.36,14.94,9.0,80.86,61.37,104.45,30.19,0,55,86.35,85.01,101.49,79.1,22.39,,0
2901,30.63,278.32,9,4,7755,430.77,14.26,92.19,187.3,235.7,77.25,172.77,158.22,270.12,196.88,145.32,87.21,3.97,94.97,243.76,127.78,2.76,46.38,50.74,32.58,32.49,13.36,145.49,74.55,4.9,141.91,145.6,18.2,17.48,83.81,137.19,107.61,146.08,28.96,86.19,7.37,72.66,97.33,38.74,104.49,115.47,43.1,133.78,23.97,193.55,53.65,256.28,80.2,120.66,5.42,42.18,183.09,93.05,393.38,90.08,155.2,43.19,46.96,51.39,48.99,21.26,25.24,49.2,22.27,226.37,85.76,5.35,206.7,318.95,238.98,46.93,176.15,131.56,125.85,17.56,42.39,179.61,83.33,17.42,127.38,60.08,168.68,22.64,136.48,124.09,8.01,69.2,26.25,3.37,153.0,1,63,102.99,86.35,111.62,97.34,14.29,,0
2902,40.93,776.3,6,5,19185,192.82,12.59,69.74,102.24,50.72,109.46,126.21,80.05,96.37,10.24,214.62,232.52,172.77,656.26,203.59,88.99,72.85,163.96,135.92,175.16,155.63,57.97,67.06,91.39,254.66,59.55,100.56,335.92,47.1,220.09,14.81,28.27,89.47,33.92,3.27,61.83,52.22,102.33,32.4,6.25,432.32,1.83,211.97,6.55,65.47,0.77,190.37,10.81,49.66,224.44,85.02,175.74,3.9,22.64,112.61,1.72,101.45,226.69,293.28,0.86,225.76,158.28,118.29,351.44,26.2,373.56,39.01,6.1,79.78,23.39,215.94,228.17,54.66,25.23,152.6,22.93,103.97,204.34,27.86,78.53,35.54,39.91,18.84,36.47,53.19,23.89,158.13,27.2,106.9,17.84,0,75,111.49,110.56,145.23,101.13,44.1,,0
2903,30.66,184.72,3,8,14693,64.42,49.17,775.61,0.28,164.01,284.54,106.06,52.39,63.09,260.39,43.35,27.44,12.68,214.01,6.29,101.1,120.08,38.01,44.71,41.43,7.82,252.94,80.14,66.67,13.8,234.37,106.44,73.54,8.9,216.2,179.49,16.94,62.57,7.09,8.21,57.45,11.27,133.74,49.71,129.81,154.03,6.72,134.6,0.74,22.39,299.67,35.7,19.15,128.9,16.95,17.08,21.84,34.79,76.65,231.54,137.96,161.57,64.49,728.28,175.07,633.23,44.54,81.87,233.23,301.39,31.18,41.85,145.22,49.63,195.53,173.62,10.75,11.81,263.07,61.72,63.15,253.14,138.33,97.74,279.36,27.7,79.68,3.86,47.63,57.88,13.83,142.23,339.95,75.08,104.51,0,74,118.41,140.42,117.66,133.42,0.0,,0
2904,14.03,586.92,3,9,29085,275.01,55.91,22.61,12.45,160.25,392.15,27.39,83.63,281.05,460.72,191.73,209.21,19.85,196.19,487.75,22.81,59.78,197.91,255.39,0.55,116.23,128.11,37.01,33.54,142.2,17.15,35.94,83.61,127.41,157.83,9.37,32.03,337.45,1.58,137.83,18.68,86.4,173.33,89.81,252.28,101.96,250.19,106.25,1.77,3.76,19.8,52.26,100.21,32.48,203.81,54.71,13.9,166.4,108.75,94.31,35.47,20.99,113.25,142.16,184.52,163.2,127.72,31.05,274.49,5.37,3.53,7.63,231.18,70.67,7.0,111.22,27.59,152.74,343.51,300.61,151.55,139.44,64.54,31.02,45.55,16.62,30.68,95.11,127.23,112.66,157.62,243.87,0.82,195.65,134.59,0,45,118.24,106.66,143.05,113.48,29.56,,0
2905,29.0,227.23,3,0,15115,27.1,72.05,2.32,22.02,15.72,13.69,104.0,131.63,41.09,1.76,170.31,5.72,96.75,22.01,71.8,41.62,206.0,83.08,123.97,38.17,100.62,111.1,44.56,199.98,236.39,11.71,73.27,61.18,122.48,16.6,250.18,59.16,86.32,108.37,127.03,15.06,110.93,91.01,36.21,61.74,240.88,0.37,65.13,158.13,366.04,43.44,139.67,70.66,148.05,148.31,52.32,105.6,195.03,9.63,71.23,85.68,107.8,199.7,5.89,145.42,34.96,57.9,73.2,44.6,127.83,108.07,499.67,40.35,235.38,12.76,134.99,25.12,317.19,7.44,88.19,9.98,116.37,57.65,455.11,35.22,169.74,25.43,47.74,227.69,219.82,26.55,16.22,110.08,111.42,294.74,0,82,103.39,96.1,75.62,124.38,0.0,,0
2906,35.76,0.0,4,4,9915,208.51,530.74,73.2,122.05,115.33,3.0,294.01,52.81,45.9,149.28,116.71,24.86,97.69,51.4,245.83,39.45,118.9,18.94,45.53,33.29,12.5,141.74,54.43,315.0,7.59,85.08,172.7,96.11,59.96,184.92,7.53,22.35,56.59,317.74,181.7,287.29,3.04,197.18,320.56,53.54,273.64,69.17,161.06,17.35,170.19,267.21,158.46,8.03,58.72,171.92,288.13,48.4,337.15,1.7,27.35,35.45,32.29,142.77,140.12,31.78,21.15,6.76,34.66,122.06,301.35,100.3,70.1,81.71,32.68,113.16,296.38,165.58,30.77,100.63,410.95,127.61,2.03,6.11,30.89,8.06,204.19,83.03,32.54,9.63,109.05,261.67,80.58,82.74,21.9,31.61,0,37,115.4,108.49,117.25,99.33,17.92,,0
2907,43.35,763.44,3,5,10259,198.44,196.41,42.38,46.15,155.51,48.39,42.61,98.24,170.34,4.37,61.56,56.5,14.12,91.63,19.01,13.94,161.68,35.9,176.25,161.63,19.22,114.89,95.04,198.43,393.65,74.98,41.58,237.57,70.02,149.31,74.01,8.36,53.36,57.49,64.6,128.53,77.06,55.79,24.99,29.43,176.35,251.56,251.44,120.57,71.36,84.13,51.26,21.15,97.37,70.56,37.13,213.18,70.16,5.55,178.87,85.01,38.94,248.37,23.19,24.15,207.82,133.45,197.77,18.83,55.88,161.8,81.98,214.72,396.0,61.28,251.39,112.76,125.85,41.1,10.52,130.07,107.69,53.64,117.36,18.46,31.33,9.06,281.49,63.99,92.51,6.77,14.55,46.93,27.98,24.09,0,28,99.79,84.36,106.32,103.24,3.09,,0
2908,48.67,908.71,8,0,7015,408.75,83.02,7.6,12.23,33.7,149.98,15.11,397.15,551.91,381.77,343.0,18.07,50.05,105.53,53.47,16.19,272.14,27.85,26.42,53.54,71.13,247.33,34.59,185.42,41.2,7.01,45.51,39.06,117.32,101.66,188.6,25.34,230.17,27.65,67.78,146.05,10.57,22.12,50.28,163.24,18.68,88.32,142.7,43.35,14.32,55.81,121.48,115.25,31.55,217.17,146.88,107.05,11.27,116.84,193.14,142.47,392.06,199.98,171.29,9.84,417.03,140.83,52.01,20.8,18.09,79.05,41.33,48.48,472.67,247.16,149.32,64.22,80.51,181.31,63.85,7.44,25.94,114.72,186.05,27.76,62.0,92.14,239.35,61.21,6.76,25.65,50.33,254.74,40.71,48.36,0,48,116.54,118.69,129.92,110.66,19.26,,0
2909,27.44,832.15,6,7,20090,101.37,28.06,17.78,263.48,31.08,217.18,68.04,147.48,102.32,79.27,154.32,176.68,220.04,40.68,2.02,44.76,118.82,24.31,35.35,9.14,94.55,46.54,40.48,19.07,88.06,239.05,23.73,36.97,85.38,130.04,167.23,153.61,18.99,4.36,32.45,97.73,33.31,1.27,261.19,156.83,338.06,30.45,58.18,63.6,12.05,111.18,9.88,67.57,121.5,65.89,0.01,48.27,88.09,82.8,21.77,136.41,5.8,236.46,61.65,79.47,52.41,182.98,99.26,115.41,151.75,41.82,21.31,414.48,132.68,195.38,60.28,32.57,6.15,58.98,353.18,3.43,35.39,3.13,229.54,64.02,105.18,62.66,347.65,16.03,17.51,3.55,65.22,16.84,137.25,445.66,0,19,96.93,96.2,89.53,115.72,0.0,,0
2910,23.07,59.29,3,3,14229,5.09,39.15,8.53,33.54,71.69,46.8,12.42,335.67,53.29,82.08,30.34,4.0,54.3,23.69,224.14,439.72,89.03,10.97,95.87,43.38,159.82,213.76,17.19,4.18,68.98,172.96,25.24,108.7,24.84,379.88,77.61,24.85,68.89,17.74,133.08,29.57,28.0,10.17,77.68,1.93,166.53,9.2,108.87,109.61,84.89,27.51,405.37,7.0,0.2,130.49,67.26,54.61,80.85,44.51,349.0,51.08,64.66,130.69,204.64,32.5,2.67,176.68,130.21,238.16,1.83,162.92,17.57,14.72,90.08,358.47,186.95,263.94,74.69,61.96,102.54,21.46,240.4,64.54,163.74,123.83,188.06,38.86,232.53,148.95,57.13,104.8,295.74,31.78,22.15,35.01,1,27,101.45,101.93,95.97,121.75,0.0,,0
2911,3.01,135.3,3,9,13831,26.18,185.42,34.96,89.76,107.31,155.28,50.77,90.41,70.93,63.52,29.91,85.44,8.49,22.86,53.92,15.94,157.77,278.77,59.42,14.13,558.38,55.25,34.78,19.66,165.44,134.71,32.97,93.71,21.95,134.06,29.64,99.81,121.61,38.97,21.99,18.56,175.23,136.51,527.79,422.74,290.26,13.81,16.71,156.72,41.03,59.87,31.47,23.25,27.76,55.93,100.96,464.42,48.49,445.94,99.03,33.17,29.09,177.2,215.58,99.67,57.18,30.16,16.62,258.68,30.29,155.38,70.99,43.48,81.37,2.25,361.51,447.63,69.49,39.8,9.41,75.66,158.57,78.15,17.78,27.18,129.84,69.42,490.27,148.16,22.86,95.06,130.54,132.67,165.71,108.17,0,41,115.55,126.53,95.07,117.48,0.0,,0
2912,21.23,442.16,10,4,10929,157.04,3.74,276.79,51.62,18.69,164.67,34.59,59.09,149.0,17.26,191.59,86.71,56.84,23.61,26.45,50.45,60.9,77.37,27.7,114.75,153.11,1.79,78.73,66.72,104.85,320.4,419.57,145.25,114.63,83.62,70.13,86.32,94.22,103.1,9.27,49.13,8.32,21.76,29.38,30.05,228.07,23.13,243.74,12.95,13.9,8.76,74.25,418.4,15.94,32.52,99.87,49.78,132.54,35.75,14.84,8.13,328.74,64.73,50.07,172.25,11.48,18.08,228.1,306.99,23.41,87.45,287.29,5.0,100.42,17.17,93.83,188.04,224.5,121.22,4.88,31.27,44.15,11.07,93.63,48.36,62.39,23.03,131.08,50.04,53.84,124.04,69.5,1.85,6.39,206.08,1,29,92.69,93.89,104.58,89.15,15.43,,0
2913,44.92,898.11,2,7,122,139.05,63.15,17.73,20.18,256.87,37.55,70.25,150.77,60.94,57.04,242.31,39.64,13.71,48.42,134.77,41.14,90.61,101.39,40.01,3.88,46.4,83.71,148.11,33.64,323.16,60.06,72.63,42.32,0.38,277.41,110.58,5.89,155.41,79.14,5.63,21.24,287.72,17.03,120.33,420.14,37.91,160.15,22.13,14.01,4.44,22.06,41.97,130.57,171.96,171.06,13.91,29.41,32.12,66.08,14.1,315.1,81.27,25.24,174.22,82.85,78.75,115.01,142.48,54.5,24.56,101.22,41.37,55.36,9.66,63.26,144.73,265.45,223.72,52.32,5.67,73.36,116.45,47.1,15.15,75.2,155.15,2.9,203.14,103.88,12.28,151.11,131.48,40.31,302.48,55.97,0,33,93.5,87.32,90.57,95.47,0.0,,0
2914,0.0,48.72,5,0,18961,77.45,131.4,1.32,49.85,157.39,159.02,206.53,69.49,1.27,19.95,98.75,214.92,86.47,34.14,557.44,423.69,23.1,29.27,155.7,125.44,1.71,169.88,13.9,72.73,50.84,0.49,71.9,31.14,32.36,41.28,14.71,31.62,7.72,3.92,169.56,110.63,17.7,29.41,51.92,22.22,131.71,226.67,93.72,3.75,117.34,9.52,46.32,180.94,24.42,186.36,65.21,31.51,34.24,7.7,342.0,127.52,103.48,21.3,75.47,63.18,19.97,183.54,33.79,77.75,7.68,110.73,258.01,31.92,189.57,80.45,222.84,102.4,194.6,204.53,31.16,2.47,22.75,56.94,196.46,172.61,226.5,65.43,494.27,30.22,44.66,74.0,32.28,34.48,87.82,151.72,0,20,98.91,103.91,103.63,114.72,0.0,,0
2915,26.5,541.15,5,2,2462,18.64,129.44,28.58,4.19,23.62,1.32,173.5,31.24,182.98,139.9,11.83,42.99,25.39,210.27,72.25,361.57,107.13,139.58,204.6,41.36,175.81,247.62,70.8,78.94,148.05,187.67,3.66,50.73,98.46,39.28,86.84,5.33,114.25,134.95,335.79,139.98,4.98,66.78,44.05,203.73,388.52,161.51,10.26,27.9,49.96,196.22,129.49,57.46,275.98,91.36,85.07,58.73,50.15,197.59,90.06,189.14,615.01,107.56,122.51,11.89,55.71,270.37,303.67,16.91,1.49,15.48,0.09,18.67,138.93,107.8,178.98,174.47,18.71,39.34,152.84,22.27,71.63,25.65,0.05,42.12,10.35,17.71,237.53,29.47,71.94,131.99,136.95,117.42,50.67,161.92,1,75,108.06,103.54,101.71,87.37,14.34,,0
2916,28.84,264.58,3,5,17752,28.85,3.27,22.43,0.51,37.21,116.95,85.1,214.68,64.82,39.71,116.96,110.14,3.59,9.1,67.43,29.12,137.74,88.08,24.06,2.61,12.09,1.12,19.97,19.08,47.46,398.98,92.44,88.22,68.52,307.9,23.7,100.06,1.59,105.87,626.07,46.09,44.2,26.47,244.37,371.88,143.56,277.95,50.77,48.1,13.18,56.13,90.62,94.83,84.71,147.99,67.61,36.27,156.45,36.49,148.6,9.6,276.44,11.35,1.95,53.61,203.12,106.8,31.53,329.94,194.99,23.38,20.77,323.09,90.63,75.21,146.97,130.37,178.2,284.21,49.75,66.27,80.1,40.3,203.58,141.42,55.45,313.01,71.19,72.85,134.39,255.74,12.87,218.03,196.75,79.1,0,49,108.72,109.82,75.27,137.67,0.0,,0
2917,18.78,882.78,4,8,20926,14.48,76.73,43.15,21.46,66.04,536.81,87.09,85.97,105.25,104.34,167.43,90.43,76.97,125.58,23.25,186.47,2.01,22.2,193.48,14.22,93.83,11.29,68.16,41.96,125.38,26.42,65.7,13.83,71.56,100.1,138.09,60.99,42.81,22.44,7.92,56.38,89.33,209.49,50.15,87.32,125.98,118.67,36.61,51.98,23.92,101.15,7.4,82.9,34.45,1.07,14.54,276.84,127.13,55.96,153.63,55.25,37.56,37.49,107.95,244.46,186.92,24.98,18.89,140.69,124.42,69.41,31.89,36.19,202.15,78.14,88.65,97.0,40.19,166.49,54.63,46.87,245.24,129.18,136.84,61.74,396.83,196.14,63.9,570.44,172.77,35.59,33.48,33.64,444.67,26.59,0,46,100.84,104.32,88.72,131.82,0.0,,0
2918,32.25,1110.74,5,4,11878,347.72,20.93,125.89,129.73,56.42,74.16,7.62,19.24,49.2,44.75,60.17,9.95,118.79,5.72,19.02,81.89,179.51,43.0,7.79,64.76,66.48,222.19,58.71,100.47,27.12,19.8,73.24,7.19,15.68,124.58,123.79,19.46,22.43,181.13,4.62,102.02,117.01,280.71,13.44,5.73,64.11,108.92,120.19,46.51,110.21,130.55,30.24,115.88,225.44,110.95,69.02,82.29,148.76,353.32,16.14,22.01,44.58,111.64,38.87,55.33,23.83,17.71,92.72,181.76,102.79,40.21,54.07,24.77,38.52,38.17,35.41,123.03,8.28,32.62,111.22,9.44,97.92,7.93,279.07,8.98,40.7,58.79,15.21,397.83,180.94,54.88,6.6,57.32,162.0,39.8,0,89,82.22,81.04,72.72,78.08,0.0,,0
2919,32.59,0.0,10,8,2248,23.03,369.22,0.05,100.45,32.03,28.83,14.97,16.86,177.92,115.11,111.01,128.19,7.28,77.46,63.64,2.15,19.05,5.71,138.78,80.77,67.76,175.73,202.55,44.67,11.87,197.2,8.9,39.39,169.47,17.0,181.83,64.55,107.37,18.34,101.28,132.26,34.33,90.51,111.4,109.68,140.55,14.17,48.89,10.5,33.53,156.9,36.89,7.24,138.79,238.23,20.81,95.68,63.41,4.47,149.1,83.64,35.09,53.41,28.97,283.76,11.37,419.98,16.54,28.82,95.97,42.5,93.0,76.05,73.28,25.12,105.35,97.75,123.44,106.13,71.23,34.7,51.28,111.71,147.56,23.07,45.92,8.12,4.24,37.41,95.45,449.63,182.05,5.14,202.9,132.71,0,21,88.46,86.57,81.57,97.28,0.0,,0
2920,0.0,878.23,2,3,11064,120.65,97.2,112.36,330.47,66.09,81.84,49.83,449.11,19.74,78.07,2.94,27.25,152.79,85.46,154.33,134.67,12.9,160.34,12.42,109.42,35.38,3.24,95.12,344.07,30.26,45.9,47.25,133.54,213.18,9.73,49.17,30.62,139.85,48.32,57.26,264.76,14.84,46.74,83.1,54.03,35.76,170.48,420.97,9.52,133.05,5.7,3.48,76.02,52.68,424.91,101.62,52.89,37.64,67.15,109.1,57.31,12.52,0.17,43.2,91.59,71.22,52.77,107.05,28.67,19.35,120.17,315.89,92.19,23.12,62.9,47.19,318.34,111.99,88.95,96.84,143.59,502.17,33.55,47.5,157.36,125.0,98.89,36.96,65.42,21.84,31.79,18.35,13.46,37.43,230.74,0,73,100.34,105.93,107.19,104.02,3.16,,0
2921,42.24,449.82,2,0,8974,21.55,70.17,137.2,57.74,12.64,2.78,42.06,10.32,22.33,84.21,0.49,72.99,52.42,179.14,82.63,347.8,55.06,126.55,422.79,117.92,121.44,339.9,339.49,60.87,141.72,23.21,27.4,61.8,241.34,57.49,26.93,11.13,204.6,128.35,133.97,73.92,88.42,219.91,33.68,16.97,60.34,226.89,149.46,47.44,155.81,65.73,124.34,81.03,109.35,117.0,36.84,143.15,3.5,103.26,293.14,110.56,4.9,51.09,68.72,53.07,31.89,147.91,84.46,478.32,19.9,102.14,159.62,92.14,88.88,128.5,50.56,146.57,258.01,14.8,83.38,45.33,90.29,213.25,36.9,27.61,272.92,247.58,42.95,4.01,39.99,87.2,19.56,129.8,344.18,142.92,1,82,110.1,99.19,111.12,121.05,0.0,,0
2922,32.42,292.13,2,7,9076,2.88,34.16,2.68,43.34,340.43,77.19,120.94,122.32,84.3,67.65,118.8,84.94,58.12,38.68,26.08,121.17,69.41,46.99,31.48,21.17,43.99,165.35,152.21,404.16,21.8,10.9,114.48,241.16,250.33,22.79,223.17,57.05,272.94,57.59,181.49,75.9,24.26,58.3,333.21,196.12,265.79,74.65,3.91,59.54,2.2,22.59,94.55,60.11,104.42,161.71,4.2,154.21,222.34,33.56,80.08,40.74,61.36,71.12,218.58,73.01,256.94,289.03,44.6,70.6,6.06,45.04,17.86,24.71,135.18,18.09,193.66,60.32,219.83,403.12,51.99,38.74,219.94,140.75,15.29,10.35,214.46,97.17,59.67,90.79,16.03,23.96,84.54,39.88,128.17,38.21,0,84,103.15,94.53,98.0,101.83,0.0,,0
2923,33.2,377.02,4,1,9617,132.14,27.48,1.78,200.29,128.61,94.05,97.58,32.89,190.98,48.94,111.61,0.05,103.53,103.34,27.77,50.49,214.85,43.87,28.85,12.94,139.8,15.74,86.95,150.69,50.1,278.19,147.86,26.58,103.92,411.33,28.21,22.54,20.93,72.11,246.8,96.07,436.86,180.44,135.34,46.1,96.63,208.81,0.93,32.15,149.65,55.41,197.51,83.48,120.27,24.43,40.85,283.18,59.42,22.88,95.93,205.23,116.46,126.23,17.82,113.5,5.99,106.65,8.36,77.47,183.39,33.47,129.6,35.16,58.72,165.72,6.66,222.48,3.22,50.33,175.5,42.18,114.51,4.18,57.48,97.11,53.43,109.72,37.43,81.25,252.66,16.28,37.37,3.64,72.28,35.33,1,62,96.41,85.85,102.11,75.92,26.19,,0
2924,44.12,282.47,4,6,18756,375.01,95.65,4.24,178.98,36.58,196.01,52.71,73.33,173.33,10.1,71.37,363.18,127.87,9.69,5.67,57.42,37.78,48.87,10.18,120.65,78.74,84.95,41.02,56.67,39.28,56.34,34.01,1.0,15.02,85.76,242.8,164.09,6.77,556.83,222.21,93.07,58.46,34.75,11.85,114.27,68.97,65.5,19.96,59.84,109.96,64.04,61.84,6.09,89.96,190.66,334.19,101.77,34.91,128.06,21.03,46.62,13.04,322.4,101.5,78.71,381.15,33.34,82.16,5.99,4.79,32.37,46.72,90.18,246.01,47.78,18.36,21.51,50.45,252.02,70.01,104.63,63.82,11.02,303.51,20.84,52.93,39.93,60.22,164.94,67.56,14.4,73.94,192.14,6.24,9.91,1,76,94.83,103.24,84.71,85.63,0.0,,0
2925,46.35,848.99,5,2,28902,69.74,50.41,275.47,49.59,45.57,5.45,25.73,52.1,47.94,169.41,87.79,132.34,27.24,236.35,363.88,78.85,88.52,39.45,10.51,134.75,94.44,246.2,97.51,134.56,42.26,458.37,53.57,278.29,14.87,134.38,52.41,33.78,50.88,107.75,126.07,12.9,132.78,83.45,203.08,2.57,39.51,127.21,32.09,27.74,260.93,35.5,143.42,172.95,358.97,98.45,95.74,188.66,106.46,295.38,15.9,5.07,146.6,12.21,7.25,2.32,107.15,95.25,45.25,88.78,90.09,326.23,168.66,20.27,5.05,122.67,124.36,165.35,58.37,16.92,117.33,37.72,54.28,88.48,24.06,0.11,52.39,70.71,31.44,185.62,121.06,133.09,115.71,33.71,69.22,27.09,0,87,101.33,91.57,118.19,86.55,31.64,,0
2926,26.95,581.16,7,8,16447,35.22,58.24,160.57,29.67,163.76,20.69,97.72,35.97,88.47,85.66,79.27,213.95,166.82,102.72,72.51,1.6,226.38,238.4,12.76,66.66,69.54,47.13,339.25,72.1,61.15,183.29,133.25,10.92,328.56,4.67,85.36,41.26,37.99,31.47,422.01,11.34,194.63,88.04,44.34,225.55,30.8,36.51,132.1,45.61,26.74,8.24,37.28,15.59,28.01,90.95,159.07,79.09,97.7,20.1,163.61,175.26,11.45,43.74,110.54,181.67,103.8,6.27,16.8,43.31,18.5,218.82,157.6,1.08,10.95,5.24,136.08,24.0,19.2,85.43,0.85,12.71,238.35,218.51,108.14,63.99,7.87,27.93,338.34,7.44,163.9,190.68,37.19,10.49,60.75,12.76,0,49,91.44,89.19,106.9,78.23,28.66,,0
2927,21.28,517.17,3,2,9869,96.21,132.14,6.23,10.55,126.87,112.73,57.88,5.56,33.79,14.69,108.55,181.9,41.37,143.87,149.07,31.1,151.47,160.17,9.89,143.19,41.79,46.31,214.19,89.59,68.6,16.89,25.99,157.21,85.85,158.34,79.72,103.36,62.0,1.39,110.6,226.08,6.48,17.3,81.71,32.14,203.86,33.34,228.98,67.45,9.45,24.47,9.71,7.71,18.31,28.66,59.18,165.0,94.23,71.66,12.4,90.03,52.32,338.33,10.6,187.28,306.11,50.19,54.08,57.6,29.43,28.94,5.69,202.83,65.01,5.08,39.0,18.76,56.47,3.78,101.14,111.0,40.02,14.99,63.51,104.2,26.32,117.12,21.07,1.88,10.33,11.94,151.74,517.91,74.87,43.97,0,69,82.12,84.39,87.4,77.83,9.57,,0
2928,6.94,263.4,9,7,17044,64.29,27.45,83.97,78.45,157.77,85.27,33.29,369.61,21.39,199.17,128.38,13.23,42.8,10.93,24.39,0.88,38.17,106.66,4.7,221.36,57.82,316.28,118.49,15.15,235.97,18.54,3.93,62.09,129.95,68.48,61.7,1.22,173.1,51.26,31.39,5.33,12.19,73.1,20.27,22.69,155.82,160.02,163.93,22.3,58.95,18.09,397.32,149.19,58.66,529.98,110.92,0.13,28.39,140.52,32.46,24.36,192.27,129.21,64.14,52.43,82.36,16.8,316.12,133.41,78.65,120.23,20.26,2.94,285.9,8.56,37.34,85.13,40.74,250.55,21.66,87.66,168.64,88.68,153.81,42.83,14.36,83.86,54.79,108.64,100.71,267.02,68.26,46.54,124.59,18.32,1,25,95.66,98.09,91.3,97.65,0.0,,0
2929,33.22,569.03,7,1,3525,128.04,127.73,40.28,123.68,65.41,32.62,137.64,45.06,15.19,112.33,98.26,31.14,209.8,84.93,84.15,152.52,83.43,61.46,135.53,67.3,52.62,79.35,165.08,170.74,35.28,106.15,16.83,29.74,235.43,89.09,189.46,4.02,232.33,35.56,76.29,20.57,230.36,144.29,34.94,5.67,86.0,10.01,57.26,44.1,15.78,25.35,3.15,89.98,44.09,12.24,444.58,53.68,318.26,87.08,62.28,3.98,4.46,220.99,45.05,5.37,49.57,114.1,9.83,122.74,174.24,24.55,51.4,24.58,29.36,6.93,46.61,44.42,81.92,17.65,77.53,7.39,109.66,163.17,71.5,112.61,30.43,218.36,153.18,114.89,17.41,160.93,55.02,83.09,95.73,205.18,0,23,87.75,77.22,93.89,82.47,11.43,,0
2930,50.97,104.45,1,4,16821,8.64,334.78,43.29,205.65,81.31,51.14,60.2,88.01,277.59,122.42,6.58,120.34,56.75,542.01,394.12,179.09,22.84,71.27,14.41,47.75,251.02,67.25,49.68,241.32,51.07,26.52,112.36,53.88,239.21,71.13,261.52,206.37,175.65,31.28,193.73,332.48,102.97,79.18,202.17,183.86,43.45,0.0,25.53,88.44,3.78,14.0,10.45,51.24,7.88,7.1,129.01,110.29,5.64,37.52,81.46,54.33,6.55,77.79,94.53,35.21,92.02,92.31,268.95,96.84,133.59,37.42,117.04,96.28,88.21,122.31,200.42,12.86,181.22,3.1,32.8,70.7,27.3,34.96,66.26,192.07,182.68,42.22,15.24,8.65,207.15,241.6,53.32,163.58,37.05,1.93,0,40,105.17,99.76,129.72,97.34,32.38,,0
2931,15.08,667.05,5,6,15916,50.4,157.72,42.37,66.21,60.96,104.84,166.61,139.98,17.74,140.75,52.41,48.07,103.3,186.23,65.33,32.77,253.27,144.02,4.03,54.02,154.86,145.84,20.55,18.51,74.13,0.09,326.14,73.41,40.27,45.28,64.16,113.04,113.3,239.25,0.33,78.84,46.24,154.35,117.12,16.46,65.41,115.16,253.71,196.6,149.29,97.56,186.22,18.8,39.9,212.81,68.51,155.06,52.69,205.93,1.02,98.57,25.02,19.04,18.46,215.86,54.3,179.36,2.52,233.89,58.98,165.83,146.34,310.43,178.06,95.51,52.23,295.55,265.73,132.59,26.8,192.35,19.04,2.73,35.68,101.75,55.23,125.23,12.31,236.68,313.84,147.25,34.15,334.58,19.7,54.17,0,20,109.02,86.57,93.0,129.43,0.0,,0
2932,41.09,875.6,2,2,18956,151.26,30.71,47.05,38.25,260.73,176.24,23.69,58.96,241.78,152.05,358.2,136.55,104.28,89.67,46.93,1.49,5.72,167.49,221.8,23.25,14.14,295.54,72.12,203.52,269.02,8.93,81.7,110.87,131.04,101.95,251.58,80.56,24.15,92.88,98.93,120.32,169.84,25.78,16.99,215.08,44.99,36.28,340.82,28.35,195.87,1.84,183.05,89.22,37.91,18.07,13.65,94.92,14.98,18.89,56.91,27.12,189.81,102.75,111.86,213.42,22.87,20.19,123.2,221.69,73.91,170.07,216.76,19.27,12.78,2.93,163.84,161.11,0.61,153.44,246.91,32.54,10.26,75.19,0.77,19.6,14.36,105.28,3.47,238.97,22.1,61.85,175.42,23.16,146.42,25.85,0,75,101.18,88.64,120.83,85.49,35.34,,0
2933,36.09,714.0,8,2,1854,36.83,42.22,42.16,103.77,25.67,41.03,315.55,3.45,52.57,86.01,58.88,207.36,124.83,2.96,166.75,111.96,31.39,50.82,0.6,20.3,66.27,120.92,49.99,31.42,44.86,61.16,159.31,8.38,601.34,47.4,105.49,59.86,100.58,17.87,14.17,102.25,98.44,57.47,185.9,56.29,151.43,35.84,96.5,2.42,192.81,102.01,282.24,34.5,75.63,122.64,106.48,57.01,5.9,88.35,49.49,318.63,51.92,298.17,7.52,141.69,74.31,155.96,4.58,1.72,12.13,224.41,350.52,482.96,123.95,140.78,255.96,98.22,148.95,59.56,100.42,21.85,43.51,57.92,36.09,39.05,27.74,87.46,98.57,19.79,193.72,61.56,54.01,263.3,68.94,89.56,0,88,101.48,103.73,90.54,113.25,0.0,,0
2934,41.4,591.48,9,3,24337,123.26,124.31,31.16,47.51,166.32,126.31,1.1,23.38,4.12,67.63,129.12,341.4,199.52,191.32,16.75,276.58,51.33,24.56,76.77,4.83,1.54,141.44,309.97,216.09,25.51,100.37,19.73,60.33,32.98,181.5,14.9,68.81,8.82,23.94,63.54,123.71,75.14,87.42,49.62,15.45,62.29,109.22,94.17,497.31,50.36,10.53,353.54,178.13,359.35,140.47,30.28,8.0,186.73,85.82,14.08,108.17,46.36,31.91,87.2,13.92,69.85,55.79,35.83,91.44,42.08,32.46,19.63,37.39,9.02,174.8,16.68,114.42,240.15,174.34,102.81,118.04,166.22,36.75,50.47,7.74,34.69,49.16,78.47,73.12,113.08,16.07,2.67,47.51,3.6,80.79,0,72,91.23,92.81,103.89,69.84,34.06,,0
2935,25.46,0.0,8,8,6613,128.33,105.81,29.35,409.83,478.24,283.36,46.34,5.54,91.93,31.03,230.16,135.32,14.48,19.13,81.65,17.34,22.99,52.97,49.11,210.91,18.73,15.46,134.02,14.23,49.75,157.1,118.35,144.38,219.83,19.32,14.75,55.59,21.77,12.6,196.81,38.58,99.96,117.39,107.06,71.08,108.67,69.63,13.94,79.32,100.56,255.21,60.56,41.7,324.13,98.01,34.76,358.29,25.58,57.63,235.41,58.8,30.91,76.05,59.63,46.57,342.29,79.28,33.11,141.74,37.67,30.13,157.67,69.53,62.1,24.63,55.64,72.93,176.64,72.35,28.38,246.79,22.24,51.5,233.68,207.75,128.4,109.6,15.4,177.79,26.81,214.51,7.51,47.6,3.48,81.04,0,82,101.82,97.46,111.17,98.61,12.56,,0
2936,59.37,824.85,6,8,25652,47.61,10.04,22.49,35.66,216.74,66.02,83.57,22.55,57.75,3.32,221.77,414.8,153.3,96.14,165.55,28.76,114.01,82.14,23.32,133.68,78.99,135.56,445.66,97.11,31.33,0.07,176.5,84.02,207.41,22.67,111.49,185.34,64.51,88.0,12.91,0.79,144.66,512.2,132.43,81.43,41.57,57.57,6.39,181.15,89.08,157.06,69.58,410.01,413.98,42.31,120.09,28.21,316.59,116.57,70.47,39.8,3.61,20.81,102.13,3.74,70.63,173.61,1.07,113.34,17.81,133.23,11.95,0.09,129.14,115.84,176.38,2.91,27.94,121.95,51.19,54.15,11.88,29.15,96.69,89.83,102.07,58.99,139.21,4.48,39.28,119.99,214.29,106.6,203.17,0.02,0,37,103.55,104.41,109.29,80.56,28.72,,0
2937,18.57,190.58,2,3,10975,89.84,76.81,1.94,30.52,4.0,129.71,69.03,100.67,247.99,13.05,27.68,330.21,72.19,87.49,52.33,93.95,48.39,4.84,8.14,215.64,22.46,11.52,21.53,118.66,159.99,46.48,14.59,58.47,142.87,250.19,33.81,69.29,65.66,29.98,36.79,154.67,58.96,33.56,62.94,104.68,4.75,113.01,31.74,2.39,88.23,24.0,25.42,6.8,210.95,31.12,101.48,16.43,133.14,117.38,0.87,28.3,16.64,200.61,177.73,251.31,79.89,23.93,9.35,319.89,194.7,571.66,10.01,128.99,158.29,7.16,87.71,307.11,20.61,96.32,26.29,18.29,203.69,16.2,38.21,181.8,9.12,306.17,27.57,246.22,26.8,199.52,115.24,140.58,315.03,214.01,0,10,98.71,101.39,85.04,136.68,0.0,,0
2938,32.9,947.65,10,1,22388,123.32,98.41,177.13,3.91,55.01,113.26,0.69,1.25,75.05,17.62,8.43,124.66,5.27,29.47,92.68,29.53,19.5,102.25,56.36,73.72,22.05,1.71,39.28,18.38,318.67,57.43,68.08,60.92,15.01,68.01,133.12,75.03,23.46,308.67,27.74,46.63,39.94,170.88,7.32,58.05,17.9,34.57,30.84,205.01,13.57,10.48,107.29,128.84,7.93,15.89,94.71,41.94,49.85,5.06,120.27,62.45,80.38,3.42,13.36,182.08,65.49,298.39,55.13,61.22,34.05,92.01,154.67,722.31,75.52,65.14,129.27,178.58,150.99,153.94,53.86,48.32,27.23,106.85,221.01,92.94,375.95,190.01,99.88,46.66,10.87,250.97,371.13,123.59,111.76,94.39,0,43,93.95,106.08,62.57,148.74,0.0,,0
2939,25.17,308.15,10,7,17620,16.82,374.87,108.23,280.72,167.54,75.19,141.32,135.91,36.89,10.85,132.32,272.34,17.52,91.9,43.08,171.41,34.58,103.36,55.12,25.76,523.51,52.89,185.04,400.87,101.88,76.76,119.93,153.65,25.47,121.55,250.17,21.93,0.85,46.37,75.52,253.63,900.55,105.99,94.64,190.73,44.99,79.98,9.91,72.72,30.54,58.55,18.27,179.54,132.12,3.65,43.96,37.86,56.31,76.33,59.74,144.38,12.47,118.6,33.91,190.29,96.98,190.49,26.29,119.5,45.97,121.65,403.29,10.22,72.49,142.04,39.29,163.57,34.12,92.63,46.46,74.67,41.85,50.85,2.51,98.76,21.57,530.22,60.49,76.39,149.14,43.68,83.33,137.57,8.31,19.37,0,63,115.62,134.05,135.24,100.12,35.12,,0
2940,21.92,586.72,10,5,2531,111.1,241.67,166.81,53.49,198.38,54.9,27.13,51.15,38.97,95.16,135.66,153.09,123.46,67.51,14.28,134.96,41.05,143.55,0.83,75.86,167.54,35.4,96.21,47.87,13.84,105.97,54.78,213.25,121.48,7.06,6.77,21.91,53.08,271.8,125.53,52.06,324.72,2.83,85.99,192.99,307.26,30.13,1.29,84.61,31.23,140.62,115.08,8.24,5.82,6.39,52.74,102.35,101.11,157.95,184.23,72.73,70.24,90.99,20.76,57.54,32.09,12.92,35.67,233.14,140.54,8.56,48.89,96.32,119.88,74.46,391.51,106.16,86.74,53.71,4.74,52.49,18.02,93.34,86.87,62.8,14.06,135.78,29.36,8.49,23.98,101.1,25.82,107.09,137.45,15.07,1,89,88.09,77.32,93.08,78.57,14.51,,0
2941,29.7,284.49,4,6,5697,51.59,215.63,47.89,12.47,314.41,12.86,105.43,271.83,47.65,22.31,102.67,176.96,368.15,71.06,3.32,229.67,4.96,8.96,143.62,47.57,13.22,47.32,12.21,14.31,128.41,524.29,95.72,16.58,125.24,216.08,58.76,196.2,9.86,126.57,7.92,74.94,447.39,81.55,45.56,59.38,109.52,100.28,508.74,245.02,202.17,102.52,182.9,33.23,70.49,32.81,17.38,199.01,16.37,169.36,0.01,39.97,7.14,5.77,64.43,63.09,0.52,13.83,81.94,291.04,77.51,16.04,146.06,16.59,39.79,46.15,8.84,67.14,64.63,11.15,285.47,175.79,222.99,0.7,272.1,74.95,215.51,9.45,162.7,7.91,115.56,29.42,216.09,10.08,188.96,36.21,0,24,107.06,113.7,115.08,96.84,18.24,,0
2942,40.34,567.74,9,1,28517,24.29,18.82,262.32,55.02,157.58,48.64,77.44,95.9,41.66,44.56,473.76,5.89,46.39,125.49,87.33,334.75,5.24,107.96,118.65,5.02,75.88,85.67,132.53,71.46,92.04,165.37,307.29,13.71,263.19,143.76,19.46,49.61,11.72,317.47,29.88,103.84,25.36,44.72,33.45,221.72,7.85,77.15,2.81,78.17,41.61,3.03,130.06,41.22,267.35,154.61,58.12,119.33,27.51,158.53,35.61,69.13,34.69,105.51,9.62,177.3,118.68,51.4,347.06,603.72,28.77,129.08,30.44,150.77,162.81,96.33,4.78,1.78,16.21,488.98,54.0,180.22,94.9,83.48,205.51,113.7,9.44,15.39,103.24,136.07,54.98,132.61,475.09,10.49,123.5,91.39,0,52,111.77,117.96,116.25,137.16,0.0,,0
2943,10.37,582.26,3,9,10690,27.48,23.69,487.71,88.98,33.06,151.11,8.69,37.04,9.74,1.17,104.16,9.62,107.37,261.05,147.91,123.21,57.52,120.68,106.02,16.18,109.64,63.14,136.08,95.21,383.96,115.58,50.28,104.46,4.56,4.55,7.64,95.09,38.86,33.34,199.9,31.12,143.08,59.65,188.86,228.8,202.65,7.62,42.1,2.8,83.5,19.63,10.65,38.95,8.92,86.58,114.59,40.06,128.49,58.47,81.79,33.37,123.43,96.33,5.75,39.71,219.4,27.25,189.83,456.07,40.52,3.33,16.64,11.57,228.32,108.78,196.07,27.27,19.64,107.63,54.65,90.69,17.3,67.18,7.5,100.26,120.51,285.13,63.12,198.03,125.49,181.35,30.93,1.91,6.13,0.26,0,36,91.6,94.86,99.66,100.09,0.0,,0
2944,10.67,204.63,5,3,4570,0.52,99.38,58.45,111.65,27.37,29.94,185.18,3.13,420.75,26.31,91.46,146.21,45.48,121.34,32.23,109.69,156.26,129.65,20.38,144.82,198.65,48.33,8.5,34.06,113.98,17.28,5.0,16.14,73.52,41.39,3.61,3.2,2.22,36.39,1.73,601.67,55.46,320.01,129.82,89.26,21.2,99.31,127.28,66.98,53.87,235.64,127.82,12.4,88.82,41.73,272.7,334.03,6.69,56.87,23.43,169.55,74.97,1.7,43.69,73.29,136.66,62.05,75.32,388.58,173.6,166.18,65.06,17.75,52.61,39.48,156.74,45.83,21.5,147.04,27.57,349.45,214.95,97.69,68.92,174.65,53.24,117.53,450.72,332.08,53.65,21.31,99.36,42.37,157.46,101.76,1,65,106.71,112.05,83.9,130.37,0.0,,0
2945,27.73,536.7,7,2,8271,36.43,23.99,48.38,311.43,5.12,31.45,137.82,54.16,73.33,15.39,245.33,15.43,181.67,156.06,155.88,22.98,133.91,32.65,23.17,222.03,2.32,122.31,25.3,28.16,29.44,311.41,2.64,1.06,34.3,67.83,81.49,30.64,523.86,67.81,51.52,20.59,194.29,46.57,65.68,17.11,11.82,83.42,67.16,91.38,196.37,3.16,40.36,27.51,607.65,55.81,13.07,25.38,108.41,84.95,141.92,291.21,126.43,86.77,69.73,173.66,125.35,337.6,116.42,0.15,42.28,1.85,78.43,112.31,65.52,77.99,1.64,145.3,171.25,76.84,185.38,74.38,16.08,16.92,99.99,102.96,18.38,8.94,109.22,315.28,4.86,83.82,101.53,104.12,99.66,63.75,0,60,96.84,106.12,85.05,91.94,0.0,,0
2946,16.52,747.85,5,7,11759,12.11,63.08,44.24,131.39,39.61,20.4,5.83,679.24,41.61,21.92,168.23,0.09,260.92,229.11,173.38,5.29,18.14,44.26,177.6,181.72,180.29,185.79,134.03,56.45,30.15,124.17,12.38,55.61,6.62,293.94,52.56,170.61,22.84,55.46,1.19,46.87,129.7,66.47,65.33,19.27,333.01,0.53,86.63,155.2,47.55,32.12,23.31,226.71,374.34,19.08,10.23,165.59,67.55,156.57,178.01,14.35,39.44,0.51,2.72,320.06,7.75,5.26,27.74,3.67,39.04,200.57,611.58,64.51,76.72,120.05,157.55,87.15,140.53,79.48,102.76,26.23,95.84,8.38,158.73,39.44,93.43,41.02,55.01,673.1,48.07,8.3,47.13,43.96,111.75,75.22,0,85,105.9,131.31,113.25,108.33,4.92,,0
2947,38.93,691.04,10,1,19188,121.53,133.21,55.58,146.2,14.57,387.61,177.3,16.63,271.13,50.25,52.19,308.24,119.11,36.21,244.68,17.45,109.8,86.27,35.27,181.88,5.09,42.45,9.21,48.26,67.93,0.45,27.1,292.42,17.38,291.93,63.87,134.77,0.03,88.79,14.7,163.05,8.98,7.12,116.18,22.18,150.06,146.67,73.86,96.33,7.6,51.25,13.14,182.75,274.6,319.98,76.09,266.58,11.19,112.52,114.5,246.91,124.62,80.24,87.45,59.16,297.51,98.52,6.6,1.03,31.75,6.83,9.13,22.13,41.21,40.69,192.32,25.84,47.85,69.3,109.62,81.73,32.25,129.78,48.82,22.48,22.39,41.99,58.6,37.88,122.29,71.84,36.82,76.61,645.46,134.96,0,71,100.52,105.99,112.24,85.47,26.77,,0
2948,29.18,97.19,5,7,17754,33.6,80.74,34.55,118.74,7.2,104.09,41.72,21.97,215.01,113.49,192.68,33.16,2.47,54.2,22.13,340.95,265.8,116.25,52.71,9.01,109.38,91.43,28.98,220.38,79.55,229.57,93.0,67.34,118.64,6.34,174.31,1.05,82.3,353.46,11.85,37.58,29.7,53.14,177.46,77.92,124.41,53.66,47.03,55.7,183.49,75.68,88.47,79.26,106.02,20.77,12.46,46.35,166.83,67.7,28.95,50.6,105.01,5.63,59.94,89.04,137.5,338.05,163.55,427.59,17.39,35.63,344.63,21.63,35.94,70.46,44.68,80.58,218.01,17.77,13.83,277.03,128.23,214.51,115.53,134.08,52.02,61.36,166.24,233.16,281.27,97.45,189.21,21.75,106.12,78.21,0,52,105.49,92.9,96.84,137.45,0.0,,0
2949,55.4,640.08,5,7,23311,6.41,113.53,54.15,95.1,40.06,56.28,1.0,13.01,79.06,18.77,96.99,73.85,76.16,195.03,86.82,76.4,35.68,41.48,11.49,15.84,20.45,141.99,9.97,140.54,162.75,130.81,29.2,39.26,58.4,45.06,220.08,78.79,156.57,1.88,9.63,28.1,78.16,19.74,74.29,37.84,74.97,26.48,162.38,72.81,30.77,72.59,45.59,11.84,72.15,425.49,147.34,46.57,3.95,33.92,65.39,23.01,238.34,169.2,150.15,309.31,20.58,9.68,81.32,11.96,8.09,51.36,33.59,153.94,1.12,84.95,11.85,11.19,35.2,143.44,50.08,7.32,91.48,302.79,193.49,17.68,194.9,60.92,74.92,7.91,134.09,46.14,225.64,70.53,66.33,15.59,0,75,78.57,77.49,65.52,73.94,0.0,,0
2950,41.58,489.92,7,6,17645,86.24,46.57,11.81,281.94,106.89,66.59,336.91,96.6,270.4,13.82,68.05,191.38,135.51,77.02,113.22,185.7,81.62,4.63,148.99,52.42,53.21,51.98,75.62,153.17,27.36,110.46,140.62,47.98,22.3,48.38,64.69,42.62,63.06,185.11,137.36,57.16,16.59,68.65,160.31,3.01,44.27,101.16,20.86,66.05,196.98,37.69,46.8,44.88,243.35,49.09,28.42,49.45,184.31,439.53,191.74,234.09,46.61,31.43,57.68,49.02,56.45,18.11,74.11,166.8,72.32,209.99,46.27,2.35,408.94,21.48,165.35,3.84,40.68,324.51,50.58,239.05,63.05,386.64,70.02,79.04,171.69,481.8,13.17,35.06,59.21,106.63,17.41,115.02,197.11,28.43,1,48,108.83,102.69,103.58,124.17,0.0,,0
2951,29.17,560.15,5,1,20756,28.65,36.88,348.98,6.23,115.97,430.22,1.92,148.96,117.39,187.11,86.91,101.6,72.66,129.96,35.88,99.29,157.0,87.84,78.59,16.61,81.05,22.3,179.22,29.48,44.85,114.89,162.64,56.93,82.68,98.26,72.36,43.67,97.33,30.02,41.66,210.49,120.71,25.33,43.86,73.35,1.26,95.25,132.18,168.04,89.8,41.37,221.66,36.52,24.79,137.84,86.25,44.06,69.27,116.68,181.97,77.1,75.78,26.71,75.02,397.5,212.02,57.03,196.17,196.34,227.74,356.93,15.76,23.03,16.52,179.15,70.02,60.21,89.78,88.12,140.25,22.37,33.91,257.79,250.23,13.09,186.47,77.08,156.44,52.74,32.8,77.51,15.4,5.54,33.12,110.45,0,46,103.03,87.46,105.37,108.47,0.0,,0
2952,31.58,47.06,4,5,1634,10.18,73.5,6.48,20.84,26.88,199.56,70.62,186.05,16.62,39.36,77.05,12.66,42.45,2.65,245.63,46.53,226.05,19.29,232.93,45.94,127.29,207.57,168.56,29.79,333.5,1.38,138.57,56.88,10.95,313.42,80.46,106.75,16.03,282.36,140.47,77.62,115.91,53.93,159.29,243.22,316.87,34.36,64.56,79.62,33.25,83.84,383.86,84.21,130.63,48.76,15.63,18.01,47.42,79.72,58.62,19.02,55.26,24.37,61.84,28.92,192.76,39.5,517.64,57.31,34.43,47.45,126.05,66.48,207.13,1.07,54.69,181.74,73.43,56.91,49.42,79.59,81.85,297.74,67.65,6.4,18.83,108.14,304.13,82.35,23.13,34.51,24.59,116.93,36.03,24.77,0,20,99.41,99.81,99.64,100.42,0.0,,0
2953,24.08,449.06,5,1,20331,59.57,76.43,256.67,48.53,109.69,37.75,49.36,64.53,12.69,138.77,143.3,80.03,120.0,37.53,32.01,23.5,28.08,254.67,7.02,48.6,75.53,164.12,156.02,179.16,37.68,4.92,161.7,6.94,161.36,50.67,207.22,122.13,328.68,12.48,47.61,23.0,103.35,121.87,78.95,7.38,165.66,60.12,53.57,181.0,0.32,101.86,13.45,8.81,187.27,59.0,238.31,213.48,2.96,76.48,106.88,12.96,13.48,25.98,174.53,143.55,83.17,365.33,7.3,32.52,57.39,50.59,23.08,66.77,272.18,151.32,153.06,53.11,28.56,81.93,132.88,186.35,453.24,417.15,122.7,226.83,147.32,21.03,130.91,110.11,348.09,6.77,194.49,16.55,65.73,54.76,0,40,106.45,96.77,87.56,135.37,0.0,,0
2954,39.33,630.68,2,6,15781,198.94,13.39,82.58,23.93,15.1,186.75,24.58,2.85,225.88,29.61,117.88,66.22,88.8,72.82,70.71,23.67,37.49,128.75,34.32,164.44,446.46,149.03,129.39,24.57,134.64,81.54,205.63,39.64,18.76,103.41,40.19,187.36,28.39,149.45,138.46,49.67,11.7,111.0,223.37,126.81,84.49,6.2,21.75,63.56,354.53,86.19,239.58,8.25,75.35,14.96,14.81,267.54,352.62,147.18,27.48,58.03,293.98,128.0,56.48,31.03,172.79,38.59,177.54,47.65,12.71,49.18,33.15,226.76,112.61,139.56,134.28,111.86,77.43,81.2,109.21,172.88,211.07,24.55,97.02,127.71,99.99,51.08,43.66,171.68,37.07,72.61,230.05,27.6,12.83,22.43,1,16,102.97,87.72,98.06,97.56,0.5,,0
2955,15.2,34.18,4,5,10753,138.85,4.59,315.14,2.23,19.7,44.47,16.69,98.09,188.73,88.15,10.41,286.05,100.02,42.02,9.03,27.17,81.11,421.89,44.17,108.09,54.8,24.93,461.95,109.21,129.17,63.37,379.84,17.09,28.14,127.91,10.8,16.25,79.65,44.07,140.99,6.55,74.04,162.9,233.39,35.06,64.29,33.94,177.08,51.94,94.08,15.45,88.32,52.72,337.24,48.67,24.28,189.99,40.69,101.56,25.77,28.08,176.46,20.05,107.56,42.71,108.21,29.12,54.9,164.0,122.53,16.11,0.98,7.53,266.68,39.37,43.17,39.75,178.87,112.36,285.33,122.19,334.12,12.33,241.6,38.93,70.96,21.49,84.79,38.03,172.64,119.1,48.89,111.7,47.1,327.82,1,41,102.54,102.62,114.77,108.69,6.08,,0
2956,12.56,450.82,8,2,11331,14.86,113.27,21.84,300.77,20.52,219.8,26.0,166.81,118.69,16.42,99.61,76.99,72.38,106.51,36.37,264.27,73.14,46.77,97.9,55.61,383.68,205.5,167.14,343.47,240.5,77.23,104.13,325.12,120.07,48.11,81.75,132.43,17.94,102.72,121.46,18.21,232.53,211.58,0.6,87.05,352.5,13.16,137.38,38.55,22.95,356.79,24.54,188.64,75.48,20.42,9.43,179.24,364.77,85.15,17.45,140.93,51.38,50.54,102.22,135.17,21.72,148.48,77.47,8.05,116.29,258.03,47.5,36.07,74.85,57.43,42.61,353.2,64.96,45.61,117.4,62.63,38.52,381.74,115.2,64.56,91.28,21.06,213.51,71.94,189.74,12.57,33.8,358.06,33.78,33.54,0,55,116.98,104.46,132.12,106.39,25.73,,0
2957,24.32,951.47,6,6,3142,6.95,83.1,217.96,26.91,82.23,3.45,53.5,58.37,62.31,123.0,22.2,131.16,174.05,12.95,177.63,45.11,38.28,84.93,90.43,159.77,49.74,53.57,160.25,4.39,67.32,22.73,215.96,57.22,32.25,23.44,117.32,71.68,62.23,27.38,331.26,141.5,184.15,117.31,44.57,29.98,10.27,9.76,131.91,31.78,197.07,42.03,23.17,52.1,81.96,103.22,382.65,22.6,149.73,103.67,384.99,71.55,128.06,43.88,8.36,50.76,19.17,10.23,102.95,109.03,241.52,67.7,11.07,330.83,19.54,105.43,7.85,58.05,6.59,25.98,14.08,125.42,154.76,111.86,61.32,16.4,36.56,18.33,68.37,134.09,266.73,47.31,47.31,120.77,50.26,44.84,0,32,88.14,83.3,78.04,81.14,0.0,,0
2958,35.49,488.28,10,5,12445,103.2,75.3,30.18,68.64,56.01,193.52,57.41,8.96,383.75,165.67,45.95,1.63,181.16,15.61,67.46,11.59,8.18,111.87,6.22,74.44,77.78,14.81,28.29,66.28,54.08,232.99,96.63,11.87,115.95,15.16,46.49,11.61,32.27,180.16,83.19,79.31,0.9,100.06,60.36,129.1,82.14,67.41,266.18,204.53,106.89,46.87,69.69,83.61,0.12,86.4,157.57,52.1,175.95,91.11,135.7,21.37,38.91,24.79,32.67,83.8,65.41,356.61,192.54,116.7,10.97,74.33,31.86,119.68,101.36,15.71,30.87,173.26,16.97,117.01,0.13,122.59,52.13,76.27,3.47,150.51,291.03,128.64,21.93,79.85,203.15,5.27,93.4,105.83,87.47,210.69,1,51,88.75,77.45,79.35,101.85,0.0,,0
2959,40.59,288.97,1,6,26222,179.91,116.51,1.63,6.94,65.89,228.08,40.95,352.44,39.76,130.56,147.36,285.24,56.64,131.87,30.68,410.59,16.93,97.96,34.7,182.99,22.31,144.9,16.99,134.51,61.17,6.91,39.07,42.13,137.23,241.9,92.22,4.42,37.94,3.8,70.9,34.45,323.2,16.46,8.51,3.11,62.03,44.94,33.98,102.54,10.2,26.32,35.62,89.89,52.79,98.96,58.23,164.3,249.84,118.97,285.15,7.16,64.31,31.31,167.86,80.74,69.81,116.95,24.77,69.49,44.24,250.87,93.57,72.22,31.43,63.57,197.66,65.02,38.41,52.14,66.86,31.62,14.91,52.47,22.56,7.45,151.95,325.31,192.04,465.04,104.81,61.98,69.42,197.16,60.15,14.29,0,15,97.92,96.85,113.49,100.94,12.55,,0
2960,35.33,687.88,5,8,16977,3.47,32.32,82.8,75.99,102.53,180.55,8.6,133.29,289.73,63.75,22.38,4.24,18.79,66.7,19.74,68.53,168.1,1.09,6.19,55.57,50.06,137.77,56.24,8.89,619.81,23.99,62.07,142.38,38.05,265.54,3.05,55.99,82.5,25.2,56.68,17.46,7.93,243.35,100.07,179.29,63.52,112.82,151.87,109.12,75.09,208.51,102.27,110.91,33.97,233.47,142.55,45.83,310.58,143.72,37.15,76.98,52.72,93.75,106.33,245.39,74.06,49.49,27.07,64.87,132.65,122.78,50.2,72.26,565.19,17.4,40.23,56.17,10.27,222.35,9.61,159.38,6.44,111.44,51.45,117.89,51.92,183.56,13.18,22.14,355.97,21.36,192.4,10.69,225.88,274.05,0,16,103.88,109.18,93.64,110.41,0.0,,0
2961,19.7,499.5,4,5,20766,10.63,23.57,116.5,92.48,156.7,25.54,10.78,92.13,21.71,64.67,55.09,28.41,25.77,62.84,59.09,289.1,72.06,131.64,53.49,163.06,10.75,152.09,216.1,100.86,35.3,96.52,134.75,18.14,78.29,150.0,20.35,64.36,64.55,59.45,51.99,159.73,57.85,27.91,245.67,46.58,56.8,6.69,58.13,29.35,46.16,14.29,148.64,104.88,116.73,351.98,14.91,23.47,81.77,169.98,559.7,17.64,147.19,37.39,41.74,200.84,46.53,241.58,18.17,320.9,69.48,9.6,94.08,47.43,92.03,15.95,30.05,33.83,21.77,476.52,118.41,94.57,66.53,123.57,142.46,165.77,68.37,1.75,176.64,174.82,4.51,49.76,102.64,128.03,14.73,203.83,0,63,96.99,97.11,84.93,105.14,0.0,,0
2962,22.1,558.22,1,3,1743,3.58,54.76,1.11,43.22,130.1,28.91,280.93,62.39,67.71,108.91,26.46,122.36,123.2,117.21,28.28,243.85,99.16,47.28,427.4,336.23,90.82,108.67,90.78,143.83,30.92,106.22,20.91,228.12,4.53,24.44,79.68,127.49,126.29,158.9,82.72,146.56,125.52,251.59,64.34,53.0,56.09,49.77,14.4,0.65,155.27,127.19,21.58,253.23,120.2,95.96,12.27,53.15,9.66,232.51,66.76,59.51,13.23,94.63,28.58,66.83,349.36,163.25,33.74,1.42,6.19,200.58,38.26,135.71,63.56,104.05,7.01,115.82,307.46,55.3,3.84,31.42,156.67,47.36,19.62,44.81,42.35,59.45,223.54,427.5,23.37,5.92,89.02,20.16,112.21,32.33,1,22,98.57,93.88,106.74,97.38,9.37,,0
2963,56.67,499.35,4,3,8255,277.25,123.64,22.89,11.07,21.57,231.21,22.67,71.87,88.01,32.76,50.89,104.55,23.11,56.75,4.88,34.59,60.03,55.14,68.29,332.34,53.82,27.45,4.66,24.28,195.34,21.57,115.03,17.25,27.89,326.48,102.82,30.53,78.21,42.48,87.6,69.1,45.03,21.71,327.28,6.01,56.21,157.5,134.37,66.19,67.62,56.64,23.58,6.42,149.36,78.61,45.15,204.32,92.6,27.45,38.36,39.77,114.41,25.13,27.41,13.02,59.3,83.75,20.75,69.01,61.57,69.28,114.96,103.55,41.4,220.37,41.59,37.39,151.58,10.33,135.05,51.74,31.69,59.87,48.47,155.22,21.78,164.61,54.65,164.35,127.47,137.99,126.82,44.98,9.91,196.53,1,76,81.76,73.76,83.58,87.2,0.0,,0
2964,45.13,420.4,7,0,17049,16.74,170.21,209.57,137.12,8.24,51.43,79.77,20.87,24.07,146.91,40.62,40.21,65.75,117.17,44.75,75.4,20.2,84.59,3.1,135.4,69.0,33.32,22.04,61.05,163.48,27.26,97.14,38.5,16.6,91.94,11.55,39.24,3.53,5.93,1.44,108.15,53.87,14.63,23.7,426.26,583.68,280.22,147.79,206.31,151.07,37.99,69.9,193.63,117.0,53.51,32.54,12.63,31.17,312.66,192.6,148.51,45.31,205.53,184.7,81.93,29.02,92.8,1.24,33.07,52.29,40.0,11.06,147.49,12.03,171.1,1.98,131.1,260.44,126.94,178.26,2.8,269.46,75.56,14.65,129.82,169.58,183.22,0.67,103.98,119.93,57.83,38.59,93.78,104.07,28.13,0,62,95.23,96.42,70.42,89.36,0.0,,0
2965,40.17,512.66,6,5,9995,248.46,68.19,215.88,132.54,42.31,118.6,43.82,96.83,74.26,46.26,292.17,99.99,49.24,156.14,249.17,183.8,69.41,67.52,127.23,14.6,8.29,34.73,322.52,76.31,19.68,92.41,193.0,256.9,60.51,31.7,233.03,72.16,126.01,3.25,71.38,10.4,51.16,31.13,257.73,48.82,19.61,1.29,6.98,156.61,90.46,147.27,103.03,203.67,47.98,85.7,126.83,81.45,24.93,31.61,65.57,192.74,39.0,76.83,114.31,15.86,56.07,3.03,111.16,12.19,10.03,204.85,555.27,62.48,13.69,173.78,244.23,66.55,121.8,14.6,61.14,172.4,12.55,47.34,250.42,17.08,390.35,45.14,173.29,8.9,154.55,14.12,202.84,107.86,27.63,137.95,0,23,105.58,97.15,116.42,115.78,0.64,,0
2966,42.17,933.33,6,5,25738,55.12,77.66,9.39,99.67,77.29,242.84,40.46,23.28,58.37,50.24,68.24,70.06,100.14,115.08,30.57,42.22,97.98,181.52,69.98,32.72,125.06,77.02,116.91,82.39,60.77,63.12,135.4,128.38,24.73,22.61,53.08,85.36,21.82,62.22,61.29,283.38,105.07,23.06,18.75,139.7,35.41,112.34,24.36,110.24,163.25,4.07,13.65,54.74,8.72,596.53,26.81,3.21,13.28,6.31,19.27,47.65,158.83,36.57,129.14,0.5,106.15,55.38,53.63,5.4,166.01,102.11,280.11,32.8,123.58,27.9,6.25,69.52,95.62,118.18,8.0,76.78,105.65,25.36,106.87,65.5,1.14,95.5,136.91,88.04,16.31,39.73,164.25,53.39,46.01,27.43,1,63,78.86,79.85,79.31,76.65,2.66,,0
2967,31.58,255.78,9,7,27697,230.73,70.73,148.55,20.98,45.72,52.28,66.7,167.47,37.24,40.23,28.68,8.8,254.44,20.52,4.44,20.19,137.55,81.82,62.76,371.92,5.16,5.49,18.11,140.15,31.92,306.29,76.87,56.71,16.51,53.47,188.1,42.36,89.79,348.17,5.95,468.89,28.97,130.61,39.91,32.0,3.71,170.02,68.08,12.59,528.07,63.13,14.86,59.64,106.74,3.29,32.39,91.42,147.56,47.0,1.46,32.64,229.65,113.68,41.12,43.42,1.93,11.03,96.38,10.09,46.83,7.8,4.41,9.97,45.02,34.06,64.96,349.99,576.84,92.43,38.19,20.8,152.09,76.34,74.06,49.78,92.58,31.2,218.22,120.88,96.04,217.41,104.49,31.24,83.25,28.76,0,64,95.05,114.58,86.08,92.9,0.0,,0
2968,21.75,755.71,8,5,7367,20.31,32.73,18.81,71.91,150.65,59.97,146.97,108.95,110.14,120.21,292.65,180.65,4.41,75.45,19.01,7.51,121.26,4.02,40.27,318.5,244.02,55.56,82.95,93.09,10.95,223.35,173.71,77.47,150.31,86.45,9.57,9.61,17.85,96.44,49.21,30.38,32.22,24.76,21.53,134.36,14.27,241.33,8.82,60.34,153.34,6.85,169.09,53.64,138.16,184.85,58.98,164.72,275.57,290.53,249.97,230.13,114.38,6.08,35.77,18.89,45.73,56.01,42.75,322.72,108.86,199.48,264.3,348.5,36.03,34.61,42.79,21.85,45.64,14.9,98.54,71.28,87.4,101.22,10.7,26.82,43.91,208.0,110.12,85.56,93.65,99.09,125.29,31.36,111.39,48.99,0,86,99.35,86.67,103.41,97.92,5.49,,0
2969,24.58,677.8,4,0,11285,66.49,12.13,23.64,22.93,76.45,161.77,283.63,109.59,34.6,10.3,101.37,166.23,33.53,34.39,5.31,160.23,110.92,227.17,18.5,13.91,209.67,129.78,67.95,272.13,136.72,16.66,279.37,158.19,224.24,126.3,185.4,37.15,5.52,57.12,185.47,25.82,89.41,17.17,72.68,63.94,58.95,98.62,181.44,356.3,181.36,13.49,2.96,187.24,34.3,18.4,8.09,93.7,71.5,33.63,42.45,105.19,35.77,154.61,88.79,122.45,34.98,41.61,49.73,160.51,84.37,82.69,12.52,83.91,70.23,554.77,117.9,72.14,92.2,18.19,60.11,50.91,463.09,24.13,11.0,126.87,52.42,109.11,61.45,177.76,113.39,15.01,48.64,4.84,18.17,27.03,0,34,97.36,96.83,109.8,94.66,15.15,,0
2970,24.71,862.46,1,2,1985,41.03,282.07,45.68,119.83,302.86,22.08,11.27,82.3,50.85,4.98,13.83,45.35,58.33,110.22,326.6,88.92,209.15,208.88,45.62,111.67,48.39,67.69,184.37,10.33,86.76,136.6,13.97,80.82,32.47,66.83,10.13,273.56,66.03,9.84,109.13,88.26,107.72,3.26,178.61,89.38,48.73,13.48,100.12,5.6,0.45,17.71,331.0,101.02,32.9,492.49,116.49,75.34,229.67,147.51,216.8,181.8,146.05,209.2,120.57,396.0,1.79,204.79,91.42,9.46,26.91,87.98,26.34,65.28,141.32,0.03,210.42,100.25,43.67,13.59,91.91,262.65,84.78,33.74,399.66,162.12,82.02,24.41,50.93,16.24,2.26,14.85,95.59,97.6,5.37,149.17,0,23,104.72,101.47,96.99,86.55,10.44,,0
2971,0.0,683.16,7,0,12887,96.43,157.19,88.39,38.68,62.36,259.06,15.85,142.68,71.43,32.56,18.29,23.72,41.86,12.8,15.97,114.72,20.84,22.16,21.77,20.64,10.15,44.5,76.32,73.53,114.83,81.86,20.74,90.45,35.07,219.02,20.67,21.54,21.23,54.07,126.86,26.54,116.01,169.86,80.24,42.78,82.3,18.58,93.55,274.53,36.79,380.35,34.37,61.97,32.94,25.76,340.04,2.24,1.98,49.78,121.97,34.24,267.03,183.46,11.76,195.36,23.6,64.31,86.34,95.17,33.99,99.94,199.96,177.3,68.71,95.78,36.55,93.66,70.78,203.27,80.82,189.07,7.17,97.31,658.92,651.26,294.35,349.67,54.12,75.09,138.75,200.15,4.98,14.15,6.09,164.04,0,29,103.42,118.73,68.13,144.51,0.0,,0
2972,12.76,939.87,4,9,13735,162.71,99.37,77.89,53.67,338.8,160.32,132.89,15.76,200.71,11.87,17.27,2.47,77.72,6.54,568.66,58.19,45.7,101.72,29.06,281.74,0.94,29.23,22.12,116.41,10.31,229.14,11.29,31.79,25.82,62.87,18.0,234.33,8.52,16.1,121.8,73.11,317.47,47.27,86.23,51.9,204.24,19.22,72.62,144.29,59.17,276.99,35.2,56.25,63.39,20.91,76.35,26.21,202.22,18.44,13.12,45.63,3.21,133.15,145.3,17.49,229.8,40.54,142.85,150.4,45.04,1.12,1.31,30.17,65.06,4.02,93.12,278.14,5.04,142.13,159.01,44.31,46.57,59.19,321.19,0.06,198.37,65.45,79.64,473.46,195.75,68.66,75.99,24.05,13.55,521.91,0,37,101.86,114.89,99.43,119.2,0.0,,0
2973,13.08,896.86,6,3,186,99.9,71.39,230.8,209.54,2.44,72.06,88.56,10.54,41.38,43.34,11.64,116.64,8.44,97.15,9.33,6.99,478.34,68.31,59.02,28.59,104.48,231.82,137.45,16.82,191.36,170.67,82.52,159.48,95.83,50.49,144.74,129.52,7.63,126.34,135.89,162.77,163.88,62.97,36.25,34.08,53.87,52.37,7.05,159.92,9.48,256.6,15.1,8.66,159.54,95.91,64.94,84.56,125.58,55.86,156.29,81.91,82.41,14.69,47.08,23.29,12.8,11.7,68.02,674.15,97.91,43.6,26.32,64.37,139.22,202.67,78.24,91.48,0.12,26.36,164.67,58.34,81.43,122.75,179.46,145.97,37.88,182.92,11.74,12.72,62.69,30.96,42.42,131.64,364.98,129.33,0,48,98.35,100.82,99.84,109.9,0.0,,0
2974,39.03,924.69,6,8,6757,11.78,32.31,3.06,38.02,11.93,88.31,3.48,166.87,11.88,85.38,123.74,55.99,22.7,2.61,101.2,127.06,38.55,13.84,110.91,146.36,30.47,9.27,200.43,75.22,81.32,1.69,33.88,340.32,154.07,177.12,2.79,76.39,92.15,105.91,57.99,203.31,32.55,72.38,133.7,0.79,216.27,26.22,103.56,251.55,5.12,13.26,159.64,96.91,128.31,33.34,1.06,33.9,22.63,65.29,80.45,200.96,80.24,22.28,16.84,31.43,14.66,47.54,44.7,115.83,24.99,153.31,3.84,65.62,105.78,26.87,119.41,251.21,12.46,94.77,6.17,60.51,460.66,5.93,92.86,198.94,136.78,102.25,104.05,55.62,162.34,350.35,33.45,0.76,197.22,110.49,1,88,86.96,85.27,76.66,105.31,0.0,,0
2975,26.38,236.09,2,8,9959,6.65,14.8,146.4,124.17,172.34,51.63,7.29,27.93,74.36,455.45,113.95,14.56,62.43,5.53,12.95,61.11,6.75,37.53,117.46,81.71,120.41,1.3,65.33,142.12,342.14,250.08,36.0,12.52,154.7,73.17,21.16,34.41,58.38,12.73,201.86,190.0,250.37,43.57,61.1,4.29,30.35,106.62,107.77,226.77,67.3,228.9,2.38,0.13,12.3,41.5,84.32,188.46,418.17,32.32,8.77,106.75,45.05,70.09,35.59,73.31,74.81,6.98,103.58,32.57,11.89,164.39,36.37,24.32,9.14,15.82,114.87,41.62,123.12,50.4,201.88,208.46,46.14,12.34,39.4,142.71,119.65,22.17,235.07,276.01,163.71,2.56,24.57,14.15,13.72,49.63,0,70,88.22,92.35,93.09,79.4,13.69,,0
2976,50.67,99.89,5,1,29239,197.96,0.46,19.33,200.32,130.71,75.28,212.34,24.45,30.93,89.35,23.32,61.06,273.44,204.7,113.48,5.84,8.37,7.02,213.71,45.73,52.7,227.94,172.76,159.74,58.25,25.45,188.31,139.9,25.2,13.46,31.63,13.1,112.8,6.25,98.51,262.2,179.43,6.8,52.7,338.28,26.96,92.24,132.37,36.23,56.12,40.22,220.35,99.9,10.79,74.82,30.63,36.94,100.86,17.75,156.72,45.7,0.75,6.87,75.09,214.77,70.26,26.86,522.69,198.43,51.14,15.72,309.81,6.05,8.36,70.09,91.86,2.63,86.65,303.64,100.52,82.69,85.69,39.32,22.88,67.43,269.07,115.7,63.32,77.0,103.72,200.86,111.94,78.12,27.32,247.8,0,32,100.41,95.47,100.05,115.25,0.0,,0
2977,32.13,86.01,9,9,1349,238.15,26.71,7.42,74.3,17.29,85.43,6.66,243.16,23.34,121.05,13.52,4.12,3.26,71.45,561.39,215.69,21.67,152.78,39.78,75.35,271.77,284.99,192.31,18.95,275.61,229.69,133.21,117.5,27.19,164.98,19.92,46.29,27.89,146.72,18.47,79.3,100.28,9.04,78.69,8.58,9.09,252.23,110.42,64.49,61.7,248.28,236.25,228.01,159.98,6.39,61.91,181.34,193.2,54.79,47.45,52.08,99.16,127.01,49.98,30.36,30.89,131.84,92.89,215.52,223.13,333.8,81.92,17.8,95.96,236.2,129.36,336.32,246.37,32.52,13.61,9.99,9.52,77.14,201.37,368.5,93.92,34.22,69.42,73.99,28.08,307.29,192.08,15.56,30.55,42.48,0,87,114.45,106.42,123.96,125.74,0.0,,0
2978,20.55,396.92,10,7,27764,168.61,77.37,53.25,16.48,55.12,103.13,287.82,23.22,116.43,210.94,79.94,115.28,474.96,88.17,1.88,97.69,100.85,94.8,37.85,354.53,92.9,12.21,65.29,15.47,2.3,18.41,62.04,12.02,191.95,17.2,15.35,64.38,37.98,13.15,157.34,7.3,16.12,88.86,14.42,75.11,88.85,118.04,56.24,138.77,201.3,84.51,13.02,53.72,79.27,17.33,30.89,3.2,58.7,343.81,0.14,184.6,42.32,237.77,42.85,14.89,28.3,31.4,139.4,39.62,57.92,14.61,343.47,16.55,58.08,18.03,130.34,58.27,20.66,58.72,106.06,82.71,65.85,40.05,221.1,61.82,87.53,50.72,11.13,404.43,60.46,134.21,49.02,69.57,133.97,38.84,1,23,88.68,93.3,101.6,87.76,13.84,,0
2979,32.03,1021.97,5,7,2445,41.03,132.48,56.36,44.49,20.16,155.66,63.0,299.7,4.0,26.22,446.47,29.11,36.57,35.33,5.76,8.69,43.12,0.14,103.83,330.72,161.0,4.64,2.51,7.62,188.59,31.91,12.58,194.34,2.56,195.22,24.09,70.71,124.73,191.94,88.56,159.62,80.53,56.01,57.13,24.66,35.84,66.48,10.9,39.96,26.24,24.19,165.44,114.25,181.86,81.6,84.3,154.79,31.59,23.85,64.05,28.65,336.24,220.64,13.01,28.08,1.15,439.74,123.19,45.8,38.7,118.56,29.94,8.77,156.84,1.94,54.34,12.07,34.57,29.36,202.63,134.41,0.93,168.41,108.08,69.77,153.53,101.72,158.88,62.17,99.22,8.96,43.29,173.76,323.91,58.09,0,20,91.74,95.32,89.46,98.76,0.0,,0
2980,0.0,536.94,8,5,4618,10.36,43.17,35.55,48.08,327.0,7.29,270.14,89.22,23.78,25.58,226.89,317.36,21.4,158.24,58.49,48.55,14.75,16.17,22.37,25.58,61.41,68.73,100.01,15.96,24.3,16.55,87.42,103.86,18.97,63.73,24.47,102.63,41.59,10.08,30.99,9.34,11.46,128.57,74.89,42.08,306.88,33.53,42.9,87.82,15.5,263.78,206.1,299.82,34.87,127.55,80.47,57.0,187.96,29.61,9.77,39.26,40.5,11.47,37.67,93.81,24.57,19.06,110.49,58.32,0.03,198.96,10.46,108.12,238.94,317.74,6.59,74.17,62.26,220.69,119.06,61.7,132.63,88.99,179.83,72.44,85.55,23.89,212.62,35.73,40.58,89.94,2.88,106.48,223.71,4.96,0,22,86.27,85.97,78.36,97.71,0.0,,0
2981,39.77,724.11,4,5,12367,102.45,215.66,160.51,23.93,24.78,304.85,22.16,199.35,91.28,7.23,27.58,139.54,92.83,204.45,1.56,7.61,48.53,8.31,2.18,76.81,180.81,170.16,103.87,82.07,120.73,216.84,199.07,110.36,8.44,98.67,47.05,263.9,208.7,306.84,49.37,133.15,168.54,65.53,129.28,2.49,71.91,158.6,159.89,432.84,151.91,40.44,71.83,14.04,253.57,8.03,211.99,177.04,58.75,67.03,60.38,171.02,27.55,86.98,77.48,45.51,64.42,278.71,27.1,12.11,49.93,61.98,22.86,98.26,123.97,188.82,258.65,52.64,116.9,79.76,73.16,28.82,12.14,35.96,7.5,10.78,277.55,249.67,43.91,59.12,41.5,33.22,21.15,142.36,222.75,381.97,0,55,109.47,93.71,101.75,102.59,0.0,,0
2982,9.68,667.84,9,7,14111,151.72,7.81,168.35,292.61,82.61,69.97,1.07,252.67,149.2,67.18,23.13,38.37,223.73,12.48,125.88,372.77,0.54,8.39,10.32,80.27,137.6,36.33,8.03,46.97,50.67,68.18,93.02,5.26,5.98,46.95,200.4,22.52,41.34,30.96,16.37,47.4,176.05,128.33,160.78,27.77,28.13,6.87,8.13,86.25,112.79,7.0,110.76,155.7,48.23,13.45,188.84,115.28,36.78,86.88,87.8,78.08,92.87,79.92,284.94,288.04,45.71,61.05,44.62,80.53,17.46,71.29,101.03,271.53,141.57,404.49,3.46,98.52,17.41,235.31,169.59,238.38,217.69,205.29,58.34,10.74,181.63,11.21,9.91,112.1,119.61,36.59,25.09,133.53,14.94,218.28,0,28,97.37,90.08,87.93,111.9,0.0,,0
2983,6.84,252.98,3,8,27695,236.1,139.13,157.4,63.28,180.7,58.06,7.85,365.77,22.05,13.41,70.89,52.04,242.75,225.44,37.03,67.98,85.46,148.71,25.83,299.41,215.96,17.99,216.53,28.81,5.65,153.59,0.91,16.6,39.37,196.8,226.79,22.95,15.13,43.81,63.91,40.74,28.28,5.43,86.73,122.31,49.68,82.47,331.29,43.67,40.01,218.26,66.93,55.06,79.55,322.19,41.25,57.85,4.93,92.33,19.13,177.67,274.3,33.05,92.24,174.85,127.54,152.12,39.76,23.71,23.24,21.33,54.02,48.27,22.61,70.42,64.03,16.61,21.46,61.39,111.1,42.84,96.2,74.49,26.64,639.97,62.03,95.91,47.23,306.64,55.64,91.92,83.38,83.76,33.35,29.69,0,25,99.24,103.28,113.05,87.58,25.47,,0
2984,25.13,539.86,1,2,11412,3.83,8.31,347.88,112.0,153.11,39.04,36.57,55.66,50.45,15.85,31.32,32.98,45.64,94.88,372.01,30.94,101.14,216.11,88.06,38.07,14.72,98.69,127.67,33.0,19.52,6.35,22.52,153.6,35.24,272.76,8.32,80.02,8.84,190.95,67.99,124.43,43.69,399.36,74.66,230.6,98.72,15.65,40.24,148.19,88.23,23.0,44.47,32.74,152.11,37.51,50.56,553.02,102.62,54.63,0.98,16.69,11.16,53.77,64.89,139.62,94.71,66.71,110.51,6.34,69.54,18.36,89.53,252.69,111.57,208.29,4.83,266.08,53.87,258.34,59.93,143.77,1.7,37.96,0.88,164.63,1.01,25.97,12.57,25.74,93.52,98.17,458.28,304.26,142.52,59.93,1,59,98.42,107.5,88.6,108.07,0.0,,0
2985,22.98,0.0,2,6,8356,251.68,19.03,6.66,15.82,23.7,123.01,55.73,162.56,35.44,69.17,21.19,192.06,79.91,70.72,17.66,22.57,35.62,173.04,131.5,31.59,171.77,141.79,224.31,3.05,52.88,28.96,48.66,64.72,16.85,97.6,6.21,113.78,262.78,30.47,44.65,68.03,140.89,22.57,87.01,368.87,63.13,165.74,96.6,321.97,60.23,36.89,89.37,77.67,81.13,26.33,214.63,203.92,123.66,299.05,14.35,51.95,28.9,150.8,23.72,34.03,62.34,22.48,72.49,1.98,118.0,102.71,286.99,294.8,7.94,329.29,17.64,71.97,11.82,359.52,12.87,106.39,293.57,93.37,471.28,269.39,109.34,5.0,53.57,71.9,163.27,23.8,62.05,8.42,33.91,45.03,0,10,103.13,101.33,79.64,119.44,0.0,,0
2986,10.32,516.89,6,9,8842,33.55,160.66,6.33,8.56,5.79,7.88,62.8,5.95,128.99,17.55,72.75,45.06,10.67,1.14,263.02,24.55,248.16,93.82,147.6,135.94,240.05,186.98,11.62,159.68,41.99,177.55,33.64,84.78,394.46,22.22,84.29,96.82,110.34,345.42,19.4,245.34,62.0,156.91,86.86,15.11,10.33,71.76,22.13,10.01,30.57,95.19,57.13,16.46,129.36,70.76,62.05,20.82,162.56,6.21,73.06,70.72,27.0,10.16,246.03,69.2,94.57,209.23,73.7,19.25,82.28,52.41,65.08,201.87,66.64,211.89,247.73,21.68,120.86,175.57,59.11,231.61,170.05,123.69,22.97,62.14,463.53,29.0,31.55,198.23,41.1,31.02,216.99,109.97,59.6,11.15,0,77,98.02,92.92,94.46,116.82,0.0,,0
2987,40.95,505.98,6,8,1851,177.84,7.95,9.9,11.21,45.05,32.34,199.31,36.02,2.72,30.86,265.53,172.88,1.9,155.08,22.21,29.03,53.38,407.64,275.83,9.87,21.32,15.08,123.33,195.64,80.54,34.37,323.42,204.34,67.52,21.67,0.25,49.95,287.75,33.48,6.66,91.15,0.06,47.36,58.99,52.63,50.88,90.93,212.92,66.4,48.15,236.45,111.07,17.75,3.84,223.39,129.01,105.99,62.31,18.63,0.5,51.0,58.16,222.33,161.63,319.16,245.18,110.16,34.32,127.63,88.64,16.01,48.82,8.72,255.16,86.81,36.17,125.82,25.52,90.85,126.91,176.23,68.02,56.88,234.79,183.39,101.44,83.22,38.84,41.8,303.71,35.8,21.35,1.61,64.91,47.3,0,35,97.1,92.89,101.13,96.2,4.93,,0
2988,23.88,515.25,7,9,25963,85.72,30.91,103.55,360.29,39.24,221.22,24.52,73.63,107.47,284.94,51.11,101.13,89.61,26.57,185.92,5.79,90.23,187.14,81.99,46.67,68.0,4.86,138.75,5.16,122.68,18.34,103.1,120.5,20.21,132.56,49.58,177.41,4.27,15.35,165.38,113.13,140.95,383.59,47.52,15.51,178.0,26.39,287.82,7.61,116.52,60.71,49.81,51.8,87.71,65.26,34.26,135.93,193.6,77.76,121.88,2.19,108.21,65.39,674.28,33.36,3.29,42.01,56.36,96.07,136.92,41.32,132.55,62.2,11.73,71.64,27.29,26.2,193.95,40.76,45.34,8.54,117.99,221.51,226.17,67.76,148.06,125.2,77.37,236.36,103.97,72.83,108.37,95.87,98.97,64.77,0,77,102.05,98.22,97.73,92.04,5.68,,0
2989,49.57,649.65,5,5,16511,142.44,30.82,30.5,357.33,162.59,36.82,20.32,99.89,85.55,15.9,43.66,55.93,37.25,223.55,42.25,30.62,98.43,91.59,173.53,106.36,225.7,83.65,42.52,132.04,91.26,46.72,87.5,88.75,182.6,34.22,112.79,22.12,138.4,69.98,280.38,154.63,162.67,21.43,21.73,26.19,107.47,48.11,71.05,102.77,42.24,143.32,98.42,26.9,58.42,40.45,65.35,13.29,247.56,7.1,71.02,456.13,169.19,187.79,237.45,61.51,52.74,319.62,96.26,320.43,39.28,117.87,284.42,2.31,204.51,41.02,54.08,53.79,1.7,5.18,11.88,142.45,171.15,554.49,70.0,92.05,30.13,37.06,43.39,12.54,59.68,147.65,30.21,36.86,217.32,30.86,1,44,104.97,100.65,96.68,109.36,0.0,,0
2990,38.96,395.85,7,5,23211,16.67,163.81,260.48,112.99,41.24,87.35,23.55,27.69,11.3,143.19,140.24,39.28,15.79,25.27,66.33,313.17,7.74,21.78,0.58,3.35,203.51,11.48,120.36,123.62,55.52,178.16,230.45,120.11,7.65,31.81,87.38,56.93,303.64,183.27,63.9,94.76,155.48,28.17,254.64,43.4,104.51,39.75,147.18,66.13,0.05,42.53,165.85,48.03,181.68,38.32,4.92,31.12,296.93,21.96,41.29,83.42,112.95,50.31,109.2,47.16,40.53,145.39,207.47,28.73,62.74,60.82,11.12,126.82,17.05,54.63,150.98,98.1,100.22,22.61,141.23,12.39,107.9,400.07,50.96,130.0,246.34,8.31,25.61,69.4,1.48,136.9,197.41,11.14,191.29,192.33,0,23,95.1,84.61,86.82,101.67,0.0,,0
2991,20.21,239.5,4,7,11694,143.18,43.6,6.87,195.81,22.72,153.12,23.22,66.09,93.21,107.0,163.36,257.73,1.79,173.89,32.61,44.13,113.48,14.65,75.52,94.28,40.06,271.09,142.41,94.48,130.95,220.77,32.29,45.55,337.44,352.09,4.95,159.56,114.67,52.85,163.11,145.83,7.02,102.68,4.49,105.81,71.1,9.65,32.47,110.82,14.31,55.59,65.43,3.3,2.31,120.95,6.92,130.32,233.58,63.29,26.22,92.87,54.72,69.54,51.46,70.33,46.16,1.15,36.21,84.64,22.16,186.28,59.81,50.78,49.62,107.16,317.21,207.83,38.64,77.18,74.59,15.6,217.51,112.99,2.03,131.33,160.1,29.44,52.55,126.28,17.78,24.04,78.01,74.2,15.2,57.83,1,18,90.15,78.68,116.45,82.48,33.97,,0
2992,16.76,640.98,9,1,2038,372.47,69.97,346.2,127.06,237.99,14.84,35.82,54.51,116.0,79.49,36.68,58.86,17.79,48.66,31.48,227.09,175.14,166.92,353.77,38.74,57.52,77.4,8.16,40.76,1.72,175.68,75.73,515.54,27.78,23.9,106.04,59.69,204.06,194.69,151.15,33.38,6.91,259.26,55.12,47.79,89.74,40.27,175.83,20.8,41.16,31.3,37.63,124.81,396.8,101.35,12.11,125.08,58.09,92.48,68.96,104.26,8.94,5.68,63.92,81.54,17.41,111.12,67.96,17.37,23.93,120.14,66.75,63.11,132.27,114.36,348.73,101.23,170.61,76.09,5.64,158.16,112.74,11.34,84.46,105.92,5.21,145.98,41.35,184.96,121.16,167.07,61.51,34.64,38.34,44.16,0,16,101.85,97.94,120.46,91.79,28.67,,0
2993,30.73,610.62,10,8,28440,6.05,29.6,5.34,6.02,29.67,98.42,220.53,28.59,186.52,119.3,517.96,34.82,74.76,297.37,52.92,151.23,31.5,109.04,67.63,102.28,11.22,108.57,54.34,110.63,155.28,314.7,78.51,153.89,245.84,16.44,139.77,28.87,526.07,13.59,68.32,80.05,109.39,395.16,101.3,64.8,148.29,176.08,7.78,21.18,96.2,123.71,40.42,222.67,2.59,191.88,66.36,61.54,127.37,2.22,260.61,3.78,100.46,22.94,102.35,29.97,124.92,94.58,580.64,157.23,280.09,272.32,185.89,136.69,197.11,149.78,9.39,101.7,65.63,70.84,96.42,12.51,26.08,53.99,212.48,222.03,48.14,72.15,236.19,98.71,268.29,329.53,71.09,175.2,5.96,11.25,0,20,123.57,117.16,113.97,145.56,0.0,,0
2994,36.05,826.12,10,6,17266,41.97,64.98,155.37,26.8,82.62,26.64,24.58,6.9,20.27,39.66,160.74,48.23,124.12,51.24,176.75,90.0,13.01,87.66,235.97,179.62,30.36,167.48,57.67,14.86,196.01,168.18,53.48,148.66,141.31,34.37,69.06,90.3,106.99,16.27,90.19,50.87,40.97,35.77,129.23,33.29,140.15,91.2,44.12,122.59,34.12,13.27,47.69,54.85,109.0,59.96,144.38,2.0,0.92,63.37,48.06,124.09,0.23,44.33,277.74,185.59,12.12,40.59,62.34,162.49,32.6,6.32,181.4,196.97,180.97,104.0,5.15,511.18,63.33,55.78,21.1,18.04,139.54,58.36,6.26,10.32,82.13,86.0,452.93,42.71,242.0,68.72,152.71,10.15,56.19,41.38,0,32,89.38,87.01,88.98,103.46,0.0,,0
2995,33.99,467.1,10,0,15800,70.81,69.84,226.88,34.93,135.76,6.08,189.39,52.16,254.16,132.93,145.5,137.23,5.91,57.25,43.35,113.68,129.71,35.49,184.77,18.77,187.1,65.81,103.32,15.51,212.89,46.42,73.8,4.42,192.62,146.12,25.99,59.49,62.57,87.29,1.39,40.35,26.19,67.46,135.3,140.9,143.65,447.15,40.42,122.95,204.96,522.28,89.84,8.59,95.21,101.88,187.9,14.92,82.34,13.06,3.34,48.69,29.8,15.29,92.21,44.94,42.65,81.92,138.67,27.04,194.78,221.12,17.75,26.41,91.19,5.81,178.5,59.83,41.76,29.83,98.44,72.87,28.61,80.89,77.48,345.76,25.91,12.81,39.76,150.49,254.57,49.54,62.28,155.3,123.27,101.42,1,41,98.73,91.31,103.09,94.56,8.53,,0
2996,36.26,309.19,8,7,8669,16.63,81.47,54.8,125.76,160.0,198.11,59.71,16.37,191.24,98.94,39.89,42.62,71.71,113.16,37.5,6.09,57.67,18.1,151.3,59.02,32.58,105.28,24.82,14.94,181.92,53.97,33.44,72.75,39.27,43.65,216.91,133.14,65.19,140.53,33.73,154.47,124.45,375.46,64.03,423.56,116.36,278.81,86.33,42.94,47.64,7.84,243.67,151.88,51.74,13.64,21.47,152.01,106.91,68.31,100.89,146.0,36.94,41.09,117.26,61.12,102.07,53.54,125.48,134.91,21.71,129.48,94.07,54.66,13.33,2.56,85.75,151.92,290.16,131.46,27.25,14.85,33.21,61.96,39.59,99.74,93.71,6.05,33.94,17.24,179.28,109.07,136.1,51.14,5.7,205.64,0,26,92.58,78.75,73.42,83.52,0.0,,0
2997,25.72,792.06,3,6,15186,8.28,64.91,114.47,73.73,205.6,85.4,229.44,215.19,761.32,21.67,21.43,138.62,114.92,92.85,127.47,24.09,252.1,63.32,43.61,102.3,3.39,20.35,127.89,207.32,100.79,11.97,77.57,62.94,360.6,54.17,170.36,68.4,117.46,3.89,378.77,232.14,141.19,158.66,435.96,1026.72,15.54,69.06,28.43,27.96,308.98,88.64,78.41,31.46,77.85,55.08,170.29,133.2,19.71,13.53,140.42,179.34,90.96,120.25,17.15,36.4,114.26,59.24,16.9,83.81,132.27,37.31,53.74,125.38,153.89,167.2,40.21,59.17,41.21,82.46,43.86,73.09,21.19,122.59,70.54,21.17,61.0,28.95,102.31,61.86,258.05,355.69,293.17,54.62,73.13,41.35,1,37,123.04,148.58,126.26,94.99,31.27,,0
2998,23.43,255.38,6,4,4038,52.03,152.07,5.95,16.98,4.66,351.02,19.98,240.38,4.89,83.64,3.42,65.89,9.86,166.41,64.06,86.2,171.73,15.68,44.66,38.13,90.44,97.64,235.03,92.05,247.58,21.37,93.94,29.86,144.16,103.45,17.11,181.76,54.95,82.59,14.32,311.64,62.98,140.51,154.13,52.73,122.72,92.09,253.6,23.81,5.03,99.8,85.46,127.32,73.9,26.12,11.18,46.85,90.73,39.19,83.16,7.57,150.22,54.25,156.86,22.0,6.28,30.55,152.56,48.65,139.67,67.72,448.93,47.42,24.72,14.69,18.83,258.69,59.11,65.34,54.41,143.49,190.67,211.27,51.03,105.56,242.63,43.52,130.67,34.19,13.54,57.07,15.1,172.22,10.97,9.74,1,86,91.86,86.03,91.77,95.64,0.0,,0
2999,17.33,844.56,8,6,25733,25.73,55.45,7.01,329.69,92.01,71.45,25.15,8.89,3.12,72.87,46.31,33.08,179.13,53.64,98.17,78.78,191.65,46.86,209.7,258.39,47.24,85.55,3.04,51.22,39.91,64.57,21.66,78.33,20.66,1.12,172.72,56.82,57.9,274.24,89.49,4.97,0.16,26.43,78.2,5.68,83.27,123.99,216.4,243.1,115.36,109.77,32.49,1.55,12.16,93.57,68.43,113.09,78.69,55.71,27.68,294.99,16.11,214.84,38.13,116.8,52.39,133.29,113.4,96.96,106.48,20.9,291.43,67.1,187.18,6.14,122.49,64.87,234.77,5.45,248.78,90.27,67.42,130.52,183.41,4.58,147.8,117.14,26.17,116.45,63.17,38.97,104.0,70.79,83.3,56.61,0,51,90.84,77.76,76.68,101.74,0.0,,0
3000,27.88,1208.48,2,4,22600,102.96,234.26,86.36,196.16,114.04,60.54,67.54,5.19,215.63,18.44,100.65,35.34,47.08,321.42,278.44,106.83,56.54,111.13,52.54,129.94,39.33,107.29,78.69,463.2,58.4,180.2,109.66,216.63,145.99,106.17,31.51,5.64,79.55,26.75,28.21,194.13,147.91,167.53,5.31,13.61,196.47,168.7,75.37,190.45,286.6,18.75,152.45,18.34,5.99,91.95,27.93,106.14,31.08,25.54,330.6,216.87,135.08,453.99,710.42,3.14,106.31,47.15,173.64,56.12,23.17,293.17,26.9,317.41,61.2,60.31,58.3,204.82,277.62,39.43,24.11,69.15,67.55,23.63,121.72,78.68,21.66,44.6,74.36,58.87,39.63,184.46,14.37,1.14,26.73,68.44,0,58,116.19,117.21,128.22,88.82,39.4,,0
3001,43.01,359.54,4,1,7470,59.54,15.23,46.11,24.55,118.65,81.06,255.49,157.14,47.82,134.33,220.2,36.82,74.53,229.8,169.69,91.59,68.39,48.34,7.39,91.24,74.77,8.37,16.57,22.77,216.02,76.52,0.63,126.23,12.93,124.41,10.95,123.84,48.07,13.21,58.51,91.1,80.83,168.18,192.71,75.25,111.49,298.82,568.93,73.5,76.88,154.17,82.17,45.28,90.99,67.88,73.32,43.17,25.02,37.21,84.36,3.53,122.5,25.46,45.01,51.09,60.59,152.37,15.51,105.34,227.6,126.18,142.24,83.52,129.31,27.94,125.37,34.51,82.19,93.06,95.01,2.99,89.08,49.3,110.41,88.43,19.42,15.44,60.72,188.87,125.78,3.22,9.1,79.74,176.15,93.72,0,38,91.26,80.95,88.57,87.1,1.47,,0
3002,42.05,87.93,7,6,15008,54.71,76.27,26.47,63.64,112.61,118.58,454.21,19.16,121.76,57.65,221.57,195.46,2.52,92.05,43.84,52.83,69.5,6.08,217.88,120.78,69.72,174.11,130.6,34.36,11.84,129.27,4.87,136.55,76.62,9.92,17.02,7.63,58.07,86.02,82.52,3.4,16.92,114.64,23.75,34.37,65.37,532.4,14.56,153.83,85.97,123.73,179.34,19.17,215.42,62.71,117.68,73.48,1.49,44.48,24.67,23.74,30.96,58.29,73.56,158.19,380.89,52.41,90.41,112.37,209.68,171.14,152.09,39.94,23.02,74.47,216.17,68.82,4.48,64.21,145.61,34.64,257.05,31.9,77.71,165.41,44.53,264.16,16.54,234.96,113.69,6.09,119.81,74.2,176.58,0.14,0,59,98.13,94.91,96.85,114.1,0.0,,0
3003,15.2,609.6,3,4,16985,81.17,97.85,8.9,88.78,396.22,407.88,169.8,18.0,62.6,97.56,81.61,41.28,91.09,89.79,132.93,130.21,378.75,5.73,162.25,42.53,0.07,142.38,0.98,28.31,103.21,148.97,144.32,34.22,7.71,16.99,9.38,174.98,124.42,72.44,14.76,41.4,4.76,9.6,97.44,68.13,56.7,115.04,20.79,8.02,2.72,52.89,113.69,143.81,218.76,41.87,83.86,13.66,224.99,92.55,41.62,96.32,43.56,154.83,95.43,44.35,9.42,3.47,58.85,62.92,151.11,106.37,174.31,223.95,10.07,71.24,87.51,73.34,396.88,127.42,187.68,9.66,76.37,92.47,51.42,44.11,93.63,45.46,12.18,73.99,94.45,53.34,91.27,104.6,251.67,64.12,1,87,93.31,87.05,107.07,96.78,10.29,,0
3004,37.49,218.98,5,1,20610,388.8,104.96,64.62,32.52,246.44,441.02,142.38,509.86,24.73,38.54,89.53,149.44,13.97,95.08,128.46,17.81,23.9,28.21,35.6,244.33,31.23,174.07,178.41,206.27,42.91,9.13,22.61,28.47,87.11,110.34,77.89,35.38,14.73,62.52,215.18,11.72,30.59,34.83,36.1,65.79,105.51,34.0,53.21,16.2,10.04,53.7,55.45,185.38,128.98,51.08,79.6,49.2,94.27,159.32,0.96,202.82,55.76,146.66,52.48,24.69,62.05,106.42,85.63,43.2,4.43,14.67,173.21,3.52,1.22,14.2,143.04,158.06,27.95,93.11,81.19,0.5,61.54,79.32,48.97,194.13,3.39,56.77,16.17,276.46,114.79,207.9,146.5,30.53,0.84,133.62,0,22,91.53,93.94,123.69,79.44,44.25,,0
3005,35.51,453.86,4,0,15533,73.94,72.58,38.62,5.69,9.99,49.05,40.34,32.49,236.03,47.71,82.64,100.86,64.47,94.75,480.43,66.63,197.67,0.38,46.75,163.15,33.99,35.95,39.12,12.12,38.9,12.1,40.44,115.39,104.7,106.32,221.78,116.21,173.77,147.83,61.25,69.8,66.04,34.31,47.93,110.63,0.19,83.3,189.39,184.61,45.94,14.88,59.83,2.69,33.47,85.09,137.03,82.56,110.86,3.87,55.11,12.84,22.71,58.53,240.24,33.79,187.72,203.91,361.49,31.23,9.69,16.78,153.09,221.7,31.77,45.26,288.54,75.54,130.75,59.91,100.76,33.87,220.65,37.02,177.03,193.95,105.99,27.99,77.49,105.27,71.23,18.29,52.22,77.68,106.11,40.64,0,68,91.26,83.09,81.44,108.79,0.0,,0
3006,14.76,871.87,9,0,163,17.94,28.61,5.52,64.59,28.47,73.78,125.4,35.35,75.65,122.01,214.55,43.99,27.19,34.78,57.16,125.29,6.11,228.23,14.06,22.55,81.61,6.93,34.51,50.97,23.83,100.72,5.03,64.85,47.5,19.23,11.29,48.78,75.86,81.74,170.12,159.78,55.46,45.21,67.01,90.64,35.54,400.15,15.47,0.39,262.56,209.9,148.48,7.82,122.26,73.49,113.37,15.88,63.54,247.27,23.41,117.81,93.93,38.74,143.18,1.61,60.75,399.43,7.63,363.54,120.11,68.99,223.29,105.78,131.89,81.59,272.94,3.21,101.22,6.33,468.92,100.18,48.08,178.93,143.61,14.29,215.14,70.28,60.57,153.75,94.73,675.61,46.68,177.05,160.64,36.22,0,33,103.54,112.36,59.55,153.05,0.0,,0
3007,0.29,701.77,10,2,1949,15.44,62.9,5.39,131.75,119.82,189.33,75.3,40.34,37.41,84.93,2.14,18.56,105.75,20.78,322.88,369.28,72.49,190.09,79.81,176.8,109.94,41.32,18.28,120.71,130.25,3.32,57.01,467.67,179.28,3.07,70.4,85.07,39.26,49.47,310.01,59.17,226.26,31.03,144.72,146.45,313.86,244.98,7.14,84.06,19.17,21.81,10.32,90.05,69.53,287.08,140.18,31.64,105.23,0.03,244.67,47.63,50.99,12.3,94.9,32.61,251.64,6.13,71.6,160.68,52.0,93.48,72.86,148.6,281.52,0.56,206.74,25.0,55.35,224.07,49.02,94.91,57.62,128.51,33.62,23.32,23.15,7.86,2.27,27.68,379.84,89.8,217.06,378.91,155.63,175.25,0,62,109.07,103.74,108.4,116.49,0.0,,0
3008,64.4,507.23,8,2,21289,19.27,116.05,73.65,73.44,4.41,305.58,42.83,80.72,30.54,10.54,147.85,154.08,199.07,102.67,117.36,181.29,41.74,62.77,21.46,40.25,18.7,106.92,73.21,41.97,64.0,46.16,18.12,51.19,337.01,77.14,28.47,7.08,93.08,3.67,223.6,6.62,151.87,74.45,35.32,5.72,238.1,11.53,25.0,19.82,95.49,61.09,7.96,21.19,58.85,83.56,77.34,24.61,0.76,325.17,61.13,58.81,46.32,145.17,11.99,133.95,194.99,76.56,147.82,9.17,234.49,20.15,9.53,35.13,63.15,25.88,26.06,10.54,290.84,10.64,60.83,164.3,263.38,71.21,29.6,63.75,15.79,114.91,177.18,140.68,34.39,87.56,13.86,49.08,66.41,44.94,1,35,81.67,79.03,88.67,85.09,3.57,,0
3009,20.9,628.28,7,2,21061,16.4,249.23,0.27,131.03,19.11,146.51,210.03,70.05,57.77,192.32,133.99,6.0,245.17,201.77,55.63,107.22,87.12,189.09,196.33,97.65,26.78,4.03,2.92,456.58,113.64,41.54,117.46,124.77,105.99,43.07,39.01,13.55,19.15,183.23,40.04,3.61,424.64,70.55,29.83,39.92,48.4,64.98,2.25,38.0,76.76,3.0,11.06,76.03,212.06,76.96,6.75,31.97,222.97,3.22,106.75,146.97,22.62,3.08,73.03,9.23,18.15,24.27,90.36,214.64,511.49,7.6,301.14,59.26,84.94,142.61,25.7,56.06,3.14,75.03,117.62,10.16,88.37,22.57,35.6,6.85,60.19,2.93,38.32,216.88,242.83,102.63,28.51,6.21,107.98,14.37,0,52,91.84,100.79,114.98,90.55,24.44,,0
3010,14.03,274.79,2,9,8313,153.04,57.45,126.24,21.53,108.82,58.91,116.01,170.24,50.11,144.42,172.06,28.27,242.16,44.88,91.24,36.94,37.69,9.62,106.85,197.48,36.37,86.47,125.62,193.58,95.3,16.34,24.87,58.07,3.91,74.96,26.37,18.45,34.19,286.44,59.13,34.78,17.95,48.4,42.26,445.3,44.46,279.72,65.63,28.18,25.95,122.18,126.49,6.82,130.54,206.14,144.8,67.97,37.32,84.16,100.37,70.53,20.91,65.85,47.47,48.99,149.99,132.24,188.44,33.94,66.85,175.28,42.42,243.03,48.18,216.26,2.19,57.52,56.65,11.7,174.47,36.29,113.44,133.45,26.23,36.21,212.32,134.95,20.15,74.24,489.48,176.65,47.8,30.13,3.2,121.67,0,22,96.47,88.06,89.65,108.51,0.0,,0
3011,27.34,596.7,8,8,24036,23.74,23.64,3.88,199.76,48.03,253.47,99.96,33.2,62.05,141.69,114.9,3.51,282.62,15.05,40.28,73.58,44.46,39.32,40.7,103.31,50.09,14.67,29.04,37.53,165.58,118.02,137.27,72.85,76.16,13.48,77.96,12.69,117.0,294.3,45.29,95.46,42.91,213.67,11.31,134.85,2.45,306.32,30.07,7.6,19.12,13.04,33.91,97.92,77.47,27.37,189.95,158.68,266.22,42.04,0.21,259.34,21.76,99.52,69.05,38.47,37.77,16.9,27.76,128.11,314.89,45.03,59.83,25.89,61.0,66.86,6.72,21.54,520.78,23.16,142.2,5.27,80.74,212.27,319.57,4.46,146.94,96.16,105.26,43.19,9.29,73.64,29.37,22.84,3.55,53.6,0,82,87.47,93.87,78.73,90.15,0.0,,0
3012,43.08,610.07,8,9,16277,297.5,195.64,40.32,185.59,112.24,57.07,225.64,58.29,30.52,164.99,15.2,118.14,74.36,293.32,40.55,23.09,52.5,26.75,90.21,290.84,240.73,29.51,60.46,32.63,167.8,169.93,108.53,43.83,0.05,153.72,103.98,60.49,4.12,111.9,95.82,70.07,15.04,243.38,119.48,24.23,55.65,320.32,13.86,9.98,41.8,46.32,25.58,155.76,67.87,20.08,4.87,344.9,5.71,146.65,57.35,46.99,195.82,265.35,256.53,92.92,462.72,123.81,63.52,12.34,60.93,481.42,8.35,20.32,95.99,23.19,43.49,65.95,113.91,211.73,153.42,54.81,70.8,17.2,45.96,1.68,173.01,34.39,68.67,335.47,84.24,251.66,182.68,173.6,47.83,37.15,1,57,110.48,103.95,113.33,117.34,0.0,,0
3013,26.37,435.95,5,2,18189,4.63,31.23,80.18,75.65,35.4,42.49,143.86,4.54,12.64,41.4,74.91,64.12,101.94,48.65,157.45,8.82,182.28,101.63,42.44,65.43,136.28,41.15,29.11,41.02,31.52,316.57,3.52,35.39,23.98,215.71,19.24,46.5,212.93,32.89,12.15,9.94,15.25,29.07,91.27,43.14,335.32,36.06,36.74,137.26,30.82,33.27,6.57,72.72,9.68,293.66,76.28,55.36,213.42,60.8,34.47,218.92,61.29,177.19,15.09,69.97,143.3,92.55,40.3,115.66,33.09,117.23,114.66,82.78,15.22,98.29,43.67,22.13,26.27,94.7,27.9,175.08,311.53,160.86,24.37,96.79,87.07,145.4,97.38,1.44,131.56,42.54,173.28,71.55,643.8,19.72,1,36,88.13,95.3,73.13,108.34,0.0,,0
3014,52.41,522.9,2,9,7859,32.94,161.43,6.89,3.87,18.05,67.33,289.09,107.32,37.98,146.36,27.65,93.2,57.68,8.63,15.67,8.58,99.83,28.36,12.63,38.58,102.92,44.77,93.13,93.16,112.67,200.29,13.83,47.77,16.97,190.27,5.98,92.47,59.74,60.34,48.91,245.34,250.95,139.95,228.56,70.03,306.82,0.04,32.84,57.61,166.65,94.77,56.18,62.3,163.78,19.53,222.22,10.63,16.64,141.53,68.98,56.21,8.51,25.43,62.55,60.1,12.35,48.94,66.61,3.04,118.73,52.7,85.62,264.34,28.6,153.21,97.29,66.66,107.86,97.31,348.99,104.94,35.31,28.76,260.77,80.63,1.19,117.23,8.26,106.86,147.37,42.56,4.5,195.86,35.52,151.96,0,59,87.64,78.95,72.6,95.8,0.0,,0
3015,34.62,640.09,9,7,20312,0.76,229.59,135.26,28.48,52.39,10.79,69.87,27.04,29.28,34.17,84.95,128.73,15.13,51.94,242.12,183.04,17.89,29.54,5.42,80.45,2.0,38.05,197.57,222.89,199.42,46.18,202.41,255.15,103.28,27.88,59.98,257.78,18.51,78.79,90.16,167.15,29.2,264.38,50.48,53.84,42.17,198.53,181.22,147.46,31.46,97.6,53.13,393.16,8.51,8.78,20.86,80.19,157.66,34.79,55.31,249.78,188.32,50.74,243.38,43.55,20.25,155.69,73.03,287.99,401.45,28.35,274.51,95.03,9.72,75.94,20.1,118.94,63.54,114.55,73.97,13.36,13.37,61.3,133.7,237.2,97.84,95.2,54.57,226.86,175.21,88.47,174.15,2.82,52.14,0.7,1,17,103.87,92.07,91.72,108.0,0.0,,0
3016,41.0,369.65,3,0,258,97.88,5.49,17.28,4.23,108.39,125.07,324.84,23.14,95.44,138.18,10.08,12.22,17.46,93.97,409.17,100.32,335.51,122.11,10.48,11.34,4.87,273.71,57.68,64.88,336.24,321.96,22.91,33.1,57.36,530.63,38.47,150.27,186.12,11.09,118.07,43.26,18.41,4.49,45.34,99.27,81.13,19.17,46.42,11.26,2.25,101.02,26.6,2.56,136.94,7.35,70.55,130.38,130.59,17.3,70.82,18.6,253.99,91.2,31.21,12.65,1.68,186.41,226.07,69.08,5.47,576.7,14.75,53.13,251.34,28.55,42.87,96.68,89.32,93.21,20.12,75.74,59.04,28.45,113.24,80.75,141.76,26.46,28.8,228.14,200.86,111.86,19.62,277.86,143.38,61.47,1,10,101.06,114.19,125.53,111.76,13.77,,0
3017,49.44,0.0,9,0,3513,220.91,3.11,89.42,180.98,413.81,22.83,6.09,43.94,54.41,141.11,7.26,7.68,150.04,349.84,154.24,126.9,87.96,189.65,5.28,244.22,53.35,14.44,62.57,65.3,76.06,30.75,14.3,26.58,41.37,246.77,262.9,175.4,56.68,24.61,13.22,173.82,55.38,112.74,168.25,81.21,339.98,12.3,60.22,9.83,91.71,306.23,47.69,20.44,41.84,44.6,41.62,75.86,12.98,56.36,87.9,23.69,32.23,131.14,86.04,102.05,16.68,55.73,98.13,64.61,35.33,4.14,22.63,328.44,94.63,32.49,0.88,25.51,182.58,76.6,181.99,236.11,23.59,58.18,194.24,6.04,58.01,73.03,58.28,64.62,202.95,7.04,251.73,203.9,83.99,36.46,0,18,96.21,92.44,104.37,92.62,11.75,,0
3018,10.72,111.14,3,3,848,36.05,46.67,299.44,16.37,75.26,81.53,64.31,70.6,78.98,57.61,157.32,22.05,403.03,80.44,28.85,27.05,308.26,31.59,24.96,187.16,139.86,205.52,33.6,14.43,29.51,179.14,276.93,236.36,193.1,62.73,96.25,13.59,13.76,5.35,20.43,121.63,68.34,85.42,23.18,245.97,30.52,70.14,20.22,54.75,98.4,351.48,266.7,144.99,440.33,9.29,15.93,264.66,212.38,66.04,1.46,0.94,10.39,246.58,9.04,23.15,77.85,0.35,287.53,128.59,38.14,107.63,59.35,49.02,18.6,120.33,185.89,97.68,159.82,14.08,12.03,133.2,110.54,229.85,50.38,27.58,308.87,28.32,118.45,121.11,15.25,25.93,68.31,41.96,7.89,34.41,0,25,101.99,101.21,115.62,89.3,26.33,,0
3019,50.19,834.97,9,8,22803,10.79,54.51,97.85,129.28,99.17,181.32,80.14,96.69,79.35,267.52,40.53,160.76,90.02,64.59,21.05,10.5,140.33,0.22,145.45,1.8,0.28,8.45,17.63,27.41,50.34,29.79,306.92,79.88,37.62,115.59,46.26,29.04,316.23,339.43,70.35,137.53,114.24,15.88,10.99,11.73,92.61,5.46,108.63,49.93,201.22,129.4,88.34,380.56,19.21,21.97,77.31,238.42,320.83,32.7,57.84,180.28,18.7,169.56,71.72,29.2,182.82,65.85,11.48,56.99,74.9,70.77,66.06,102.02,144.93,58.73,41.63,42.25,35.94,109.45,249.09,35.31,7.71,113.02,68.88,79.4,46.33,83.54,93.87,110.92,18.07,26.04,166.19,235.72,98.24,0.16,0,68,92.53,84.48,81.53,83.21,0.0,,0
3020,26.22,628.97,3,2,12109,5.17,2.8,30.04,277.45,152.56,87.7,112.06,17.24,16.59,7.76,62.35,141.03,78.46,251.46,83.74,134.13,306.83,3.47,8.76,28.07,100.38,17.29,75.29,11.95,106.78,129.99,8.57,159.33,41.38,9.77,0.61,148.85,20.41,39.35,82.77,29.86,37.0,4.24,180.98,95.7,500.88,134.63,159.76,70.86,268.85,160.11,4.72,12.04,89.45,46.43,22.66,21.17,81.4,190.34,177.55,110.99,121.85,62.71,44.19,59.78,79.42,192.43,62.68,185.02,132.23,115.85,478.62,18.44,156.17,105.9,303.3,86.53,6.8,122.11,216.71,51.11,153.2,75.54,50.11,147.42,78.97,89.08,330.84,164.12,302.79,18.0,400.44,26.37,68.01,112.25,0,65,108.66,103.02,82.28,144.35,0.0,,0
3021,29.24,235.59,2,9,9054,248.66,126.49,253.92,78.65,72.56,94.39,216.21,43.58,10.13,65.21,35.43,253.81,48.94,62.73,5.17,22.14,15.82,194.53,23.31,195.59,65.26,194.05,113.91,9.66,42.88,57.27,139.07,53.28,2.91,60.8,86.88,251.92,256.13,291.86,78.68,66.19,19.47,53.34,3.4,58.03,183.51,19.85,119.15,30.44,48.58,57.17,166.84,68.9,126.15,41.85,58.49,130.15,250.38,10.26,50.94,14.72,4.7,8.07,506.07,97.15,92.39,36.0,27.56,141.56,102.36,65.96,46.47,59.95,26.22,262.38,31.38,10.86,37.36,100.66,0.04,90.84,144.27,312.52,47.64,38.63,180.02,85.76,69.44,70.81,109.1,60.18,52.58,150.46,79.51,25.11,1,57,94.71,88.24,93.55,85.27,8.28,,0
3022,33.01,501.84,4,2,4231,5.65,23.81,117.07,229.73,155.21,39.82,34.37,97.64,92.5,52.35,131.56,245.51,119.65,104.7,13.63,15.35,60.28,145.94,146.25,9.08,28.36,31.43,54.52,34.29,82.01,400.77,105.66,269.35,4.69,99.95,121.67,75.89,26.35,28.41,26.13,0.93,316.0,264.55,88.35,52.78,81.77,219.7,33.64,209.88,76.87,128.49,67.56,17.64,259.15,140.91,136.46,0.04,162.27,133.46,2.48,12.63,113.57,33.36,95.12,44.75,96.16,118.69,100.37,236.61,168.28,39.08,102.87,96.19,116.76,38.65,4.93,107.4,80.11,6.64,233.13,31.5,59.35,333.27,151.56,127.42,100.88,333.32,112.96,84.62,83.89,34.86,258.48,25.51,8.39,230.37,0,69,104.94,88.03,98.37,117.41,0.0,,0
3023,29.79,388.29,9,6,6631,72.43,192.69,13.42,136.68,24.39,166.63,12.04,27.86,526.45,369.28,80.15,10.24,26.71,55.41,99.13,174.37,105.17,61.44,20.94,99.29,215.03,351.64,272.47,99.38,10.95,185.14,30.64,56.53,61.78,3.36,26.57,107.77,103.01,52.58,11.75,402.55,9.82,116.54,70.83,244.22,4.81,130.69,81.04,35.47,426.47,252.98,146.61,41.12,9.35,150.99,36.37,104.83,30.41,44.62,146.02,8.02,314.91,11.18,7.78,31.68,135.58,92.67,8.69,107.27,143.61,12.51,51.89,14.65,309.87,169.8,71.95,132.2,23.0,30.21,167.37,117.28,18.88,31.4,96.62,170.86,99.18,5.6,1.8,820.74,24.06,73.51,83.17,65.55,21.98,28.56,1,67,109.48,129.63,118.72,104.35,14.37,,0
3024,24.15,657.69,1,2,7371,2.14,27.13,36.66,29.87,345.67,366.13,125.98,87.37,121.44,27.17,27.13,136.13,20.42,20.53,1.04,53.14,80.09,72.34,13.28,233.64,56.91,109.51,201.03,160.09,3.57,58.73,161.07,1.2,307.92,31.62,257.19,74.77,7.97,23.11,57.78,23.96,248.4,8.91,7.05,128.28,9.69,3.07,5.82,122.08,134.26,79.31,64.4,9.94,25.98,347.27,477.98,5.48,3.81,77.59,27.09,16.15,92.28,58.37,184.84,83.05,158.81,156.17,80.0,151.71,179.49,134.93,63.77,14.66,76.65,8.97,301.85,169.0,48.56,55.81,106.87,86.42,56.93,69.41,153.65,8.22,73.29,8.0,165.06,2.38,106.93,41.49,96.64,63.03,288.67,25.83,0,39,94.87,97.06,97.3,98.44,0.0,,0
3025,21.51,536.59,5,4,28314,7.94,117.66,102.47,19.37,128.27,102.27,152.89,85.64,63.46,31.85,170.48,126.05,335.91,102.18,0.82,236.89,5.31,73.27,45.5,11.78,144.3,100.73,23.95,126.44,59.6,274.53,66.78,122.16,62.01,66.81,93.35,125.98,40.67,58.36,17.97,92.81,155.88,47.74,20.25,217.35,14.51,365.55,114.27,98.33,137.05,254.87,71.98,27.41,88.34,29.96,89.63,115.58,327.21,40.1,302.15,336.71,57.15,70.68,111.61,315.13,51.31,85.51,62.52,173.06,59.6,53.27,4.39,175.31,106.0,173.82,126.88,30.68,45.42,245.61,218.12,2.41,30.51,0.83,89.21,24.54,13.42,70.57,33.0,9.67,375.47,18.07,20.86,106.5,134.05,107.84,1,42,105.05,91.34,98.91,88.28,10.63,,0
3026,48.75,536.83,7,6,24938,234.17,425.74,5.58,28.67,93.1,44.44,230.0,10.08,307.49,45.62,116.45,0.12,298.98,91.19,107.55,116.19,221.89,32.32,387.28,13.62,110.45,134.75,7.08,59.76,28.41,1.18,68.17,28.28,14.59,3.93,101.14,125.12,412.72,68.35,32.23,33.19,64.28,59.43,169.75,143.97,124.01,115.09,93.78,26.34,11.77,34.3,240.41,12.33,53.86,17.54,39.66,92.47,75.88,6.07,1.17,151.65,19.7,84.78,57.64,26.12,328.69,198.3,99.06,46.04,177.33,271.13,3.9,20.66,118.81,138.37,44.75,19.98,227.48,236.59,35.56,395.68,29.09,8.09,118.37,28.73,204.82,39.97,15.35,130.04,182.52,184.88,10.16,54.68,7.04,30.87,0,26,101.87,103.58,108.9,113.56,0.0,,0
3027,17.57,208.45,3,4,19695,234.95,44.15,68.03,18.7,75.31,22.08,73.08,10.66,171.91,0.94,103.66,7.59,93.62,111.24,291.09,86.33,434.16,67.87,160.0,53.13,133.03,186.55,86.63,52.03,181.13,65.41,98.8,75.43,41.27,65.8,198.02,85.69,9.03,312.29,143.31,32.69,140.27,26.26,99.01,50.8,15.63,22.45,128.58,238.13,14.41,46.42,166.35,54.49,45.44,31.19,48.21,16.17,25.75,118.49,34.9,0.26,36.33,12.06,57.5,183.18,55.58,168.37,25.24,53.9,126.68,1.27,21.6,13.75,7.06,8.47,394.28,159.25,438.74,41.9,151.99,514.55,111.67,10.16,20.52,108.8,144.18,175.75,112.32,233.74,12.09,7.8,30.02,5.63,96.03,94.03,0,46,98.37,102.33,103.82,111.51,0.0,,0
3028,18.48,851.81,4,4,4461,61.9,100.24,85.66,147.87,151.81,197.17,122.37,23.74,42.08,298.94,21.51,135.48,76.47,33.29,15.21,308.04,210.97,65.27,96.22,91.58,253.19,20.68,215.66,63.05,221.09,140.02,29.56,24.49,228.75,183.88,519.59,76.5,23.36,46.17,78.19,46.7,6.06,16.96,66.11,128.15,95.44,20.71,4.68,61.82,34.77,13.6,136.49,31.91,1.77,33.6,29.8,43.07,4.05,44.96,4.24,149.65,41.06,111.4,20.94,123.83,153.04,42.44,305.95,11.96,199.49,86.11,117.64,101.3,25.32,459.3,248.07,61.89,160.44,177.06,83.82,415.48,29.44,135.72,116.97,233.6,65.31,10.78,17.29,382.77,159.26,383.68,27.77,18.92,24.59,166.08,0,33,112.26,109.6,122.21,147.38,0.0,,0
3029,32.61,134.85,4,8,21379,66.43,123.53,520.87,135.34,0.62,28.39,182.46,122.37,70.33,2.4,110.44,378.47,104.11,22.96,379.72,371.52,38.8,294.51,84.91,517.0,21.04,197.07,284.06,277.73,4.85,95.52,10.0,40.18,147.26,51.35,53.98,64.82,185.05,73.06,78.29,63.1,88.54,29.63,49.87,230.09,212.96,16.75,195.96,116.02,236.79,20.18,185.11,76.14,121.85,4.81,55.17,19.64,22.17,5.93,140.48,22.46,150.69,94.39,14.31,40.31,57.14,38.53,140.94,358.85,167.14,2.06,215.32,48.03,195.8,6.51,19.97,68.8,0.9,24.87,279.54,173.85,16.32,51.87,113.11,30.48,18.61,77.16,356.94,106.86,11.44,257.79,383.39,117.79,170.15,226.07,0,21,123.21,119.27,156.14,124.54,31.6,,0
